JvmtiExport can_access_local_variables 0
JvmtiExport can_hotswap_or_post_breakpoint 0
JvmtiExport can_post_on_exceptions 0
# 523 ciObject found
ciInstanceKlass java/lang/Cloneable 1 0 7 100 1 100 1 1 1
instanceKlass com/android/repository/impl/meta/Archive$1
instanceKlass com/google/wireless/android/sdk/stats/ProductDetails$CpuArchitecture$1
instanceKlass com/google/protobuf/Internal$EnumLiteMap
instanceKlass com/google/protobuf/ProtocolMessageEnum
instanceKlass com/google/protobuf/Internal$EnumLite
instanceKlass com/android/tools/analytics/Environment$Companion
instanceKlass com/android/tools/analytics/Environment
instanceKlass com/android/tools/analytics/CommonMetricsData
instanceKlass java/util/IdentityHashMap$IdentityHashMapIterator
instanceKlass sun/security/ssl/Alert$AlertConsumer
instanceKlass jdk/internal/access/foreign/MemorySegmentProxy
instanceKlass sun/security/ssl/PreSharedKeyExtension$SHPreSharedKeySpec
instanceKlass sun/security/ssl/SSLEngineOutputRecord$RecordMemo
instanceKlass sun/security/ssl/SSLEngineOutputRecord$HandshakeFragment
instanceKlass sun/security/ssl/PreSharedKeyExtension$CHPreSharedKeySpec
instanceKlass sun/security/ssl/PreSharedKeyExtension$PskIdentity
instanceKlass java/util/concurrent/locks/AbstractQueuedSynchronizer$Node
instanceKlass java/util/concurrent/Executors$RunnableAdapter
instanceKlass java/util/concurrent/FutureTask$WaitNode
instanceKlass java/util/concurrent/FutureTask
instanceKlass java/util/concurrent/RunnableFuture
instanceKlass java/util/concurrent/Future
instanceKlass java/lang/invoke/MethodHandle$1
instanceKlass java/util/concurrent/Executors$DefaultThreadFactory
instanceKlass java/util/concurrent/SynchronousQueue$TransferStack$SNode
instanceKlass java/util/concurrent/ForkJoinPool$ManagedBlocker
instanceKlass java/util/concurrent/SynchronousQueue$Transferer
instanceKlass java/util/concurrent/ThreadPoolExecutor$AbortPolicy
instanceKlass java/util/concurrent/RejectedExecutionHandler
instanceKlass java/util/concurrent/AbstractExecutorService
instanceKlass java/util/concurrent/ExecutorService
instanceKlass java/util/concurrent/Executor
instanceKlass java/util/concurrent/Executors
instanceKlass java/util/concurrent/BlockingQueue
instanceKlass java/util/stream/MatchOps$BooleanTerminalSink
instanceKlass java/util/stream/MatchOps$MatchOp
instanceKlass java/util/stream/MatchOps
instanceKlass sun/reflect/generics/tree/VoidDescriptor
instanceKlass sun/reflect/generics/tree/Wildcard
instanceKlass sun/reflect/generics/tree/BottomSignature
instanceKlass com/android/repository/api/RemoteListSourceProvider$GenericSite
instanceKlass sun/util/resources/provider/NonBaseLocaleDataMetaInfo
instanceKlass sun/util/locale/provider/BaseLocaleDataMetaInfo
instanceKlass sun/util/locale/provider/TimeZoneNameUtility$TimeZoneNameGetter
instanceKlass sun/util/locale/provider/LocaleServiceProviderPool$LocalizedObjectGetter
instanceKlass sun/util/locale/provider/LocaleServiceProviderPool
instanceKlass sun/util/locale/provider/TimeZoneNameUtility
instanceKlass sun/util/calendar/ZoneInfoFile$ZoneOffsetTransitionRule
instanceKlass sun/util/calendar/ZoneInfoFile$1
instanceKlass sun/util/calendar/ZoneInfoFile
instanceKlass java/util/TimeZone
instanceKlass sun/nio/cs/Surrogate
instanceKlass sun/nio/cs/Surrogate$Parser
instanceKlass com/android/utils/Pair
instanceKlass sun/net/www/http/KeepAliveEntry
instanceKlass sun/net/www/http/KeepAliveCache$1
instanceKlass sun/net/www/http/KeepAliveStreamCleaner$2
instanceKlass sun/net/www/http/KeepAliveStreamCleaner$1
instanceKlass sun/net/www/http/Hurryable
instanceKlass sun/security/ssl/TransportContext$NotifyHandshake$1
instanceKlass java/util/concurrent/locks/AbstractQueuedSynchronizer$ConditionObject
instanceKlass java/util/concurrent/locks/Condition
instanceKlass sun/net/www/protocol/http/AuthCacheImpl
instanceKlass sun/net/www/protocol/http/AuthCache
instanceKlass sun/net/www/protocol/http/AuthCacheValue
instanceKlass sun/net/DefaultProgressMeteringPolicy
instanceKlass sun/net/ProgressMeteringPolicy
instanceKlass sun/net/ProgressMonitor
instanceKlass sun/security/ssl/TransportContext$NotifyHandshake
instanceKlass java/util/EventObject
instanceKlass com/sun/crypto/provider/GaloisCounterMode$GCTRGHASH
instanceKlass sun/security/ssl/SSLBasicKeyDerivation$SecretSizeSpec
instanceKlass sun/security/ssl/SSLBasicKeyDerivation
instanceKlass sun/security/ssl/Finished$1
instanceKlass sun/security/ssl/Finished$T13VerifyDataGenerator
instanceKlass sun/security/ssl/Finished$T12VerifyDataGenerator
instanceKlass sun/security/ssl/Finished$T10VerifyDataGenerator
instanceKlass sun/security/ssl/Finished$S30VerifyDataGenerator
instanceKlass sun/security/ssl/Finished$VerifyDataGenerator
instanceKlass sun/security/ec/ECDSAOperations
instanceKlass sun/security/ssl/X509Authentication$X509Credentials
instanceKlass sun/security/util/DomainName$RegisteredDomainImpl
instanceKlass sun/security/util/DomainName$CommonMatch
instanceKlass sun/security/util/DomainName$Match
instanceKlass sun/security/util/DomainName$1
instanceKlass java/util/LinkedList$DescendingIterator
instanceKlass sun/security/util/DomainName$Rule
instanceKlass sun/security/util/DomainName$Rules$RuleSet
instanceKlass sun/security/util/DomainName$Rules$1
instanceKlass sun/security/util/DomainName$Rules
instanceKlass sun/security/util/DomainName
instanceKlass sun/security/util/RegisteredDomain
instanceKlass sun/security/util/HostnameChecker
instanceKlass sun/security/util/AnchorCertificates$1
instanceKlass sun/security/util/AnchorCertificates
instanceKlass sun/security/validator/SymantecTLSPolicy
instanceKlass sun/security/validator/CADistrustPolicy$2
instanceKlass java/util/Vector$Itr
instanceKlass java/security/cert/PKIXCertPathValidatorResult
instanceKlass java/security/cert/CertPathValidatorResult
instanceKlass sun/security/rsa/RSAPadding
instanceKlass sun/security/rsa/RSACore
instanceKlass java/security/interfaces/RSAPrivateCrtKey
instanceKlass java/security/interfaces/RSAPrivateKey
instanceKlass sun/security/util/SignatureUtil
instanceKlass java/security/interfaces/DSAPublicKey
instanceKlass java/security/interfaces/DSAKey
instanceKlass sun/security/util/Length
instanceKlass sun/security/provider/certpath/CertPathConstraintsParameters
instanceKlass sun/security/util/ConstraintsParameters
instanceKlass sun/security/provider/certpath/PKIXMasterCertPathValidator
instanceKlass sun/security/provider/certpath/PolicyNodeImpl
instanceKlass java/security/cert/PolicyNode
instanceKlass sun/security/util/UntrustedCertificates$1
instanceKlass sun/security/util/UntrustedCertificates
instanceKlass java/security/cert/X509CertSelector
instanceKlass java/security/cert/CertSelector
instanceKlass sun/security/provider/certpath/PKIX$ValidatorParams
instanceKlass sun/security/provider/certpath/PKIX
instanceKlass java/security/cert/CertPath
instanceKlass java/security/cert/CertPathValidatorSpi
instanceKlass java/security/cert/CertPathValidator
instanceKlass sun/security/util/DisabledAlgorithmConstraints$CertPathHolder
instanceKlass java/security/cert/PKIXCertPathChecker
instanceKlass java/security/cert/CertPathChecker
instanceKlass java/security/Timestamp
instanceKlass sun/security/ssl/SSLAlgorithmConstraints$SupportedSignatureAlgorithmConstraints
instanceKlass jdk/internal/icu/util/CodePointTrie$Data
instanceKlass jdk/internal/icu/util/CodePointTrie$1
instanceKlass jdk/internal/icu/util/CodePointMap
instanceKlass jdk/internal/icu/impl/NormalizerImpl$IsAcceptable
instanceKlass jdk/internal/icu/impl/NormalizerImpl
instanceKlass jdk/internal/icu/impl/Norm2AllModes$Norm2AllModesSingleton
instanceKlass jdk/internal/icu/impl/Norm2AllModes$NFKCSingleton
instanceKlass jdk/internal/icu/impl/Norm2AllModes
instanceKlass jdk/internal/icu/text/Normalizer2
instanceKlass jdk/internal/icu/text/NormalizerBase$ModeImpl
instanceKlass jdk/internal/icu/text/NormalizerBase$NFKDModeImpl
instanceKlass jdk/internal/icu/text/NormalizerBase$1
instanceKlass jdk/internal/icu/text/NormalizerBase$Mode
instanceKlass jdk/internal/icu/text/NormalizerBase
instanceKlass java/text/Normalizer
instanceKlass sun/security/pkcs/SignerInfo
instanceKlass sun/security/pkcs/PKCS9Attribute
instanceKlass sun/security/x509/AVAKeyword
instanceKlass java/security/cert/PKIXParameters
instanceKlass java/security/cert/CertPathParameters
instanceKlass sun/security/provider/certpath/CertPathHelper
instanceKlass java/security/cert/TrustAnchor
instanceKlass sun/security/validator/EndEntityChecker
instanceKlass sun/security/validator/Validator
instanceKlass javax/net/ssl/SSLEngine
instanceKlass sun/security/ssl/CertificateMessage$CertificateEntry
instanceKlass com/sun/crypto/provider/GHASH
instanceKlass com/sun/crypto/provider/GCM
instanceKlass com/sun/crypto/provider/GaloisCounterMode$GCMEngine
instanceKlass javax/crypto/spec/GCMParameterSpec
instanceKlass sun/security/ssl/ChangeCipherSpec$T13ChangeCipherSpecConsumer
instanceKlass sun/security/ssl/ChangeCipherSpec$T10ChangeCipherSpecProducer
instanceKlass sun/security/ssl/ChangeCipherSpec$T10ChangeCipherSpecConsumer
instanceKlass sun/security/ssl/ChangeCipherSpec
instanceKlass javax/crypto/spec/IvParameterSpec
instanceKlass sun/security/ssl/SSLTrafficKeyDerivation$T13TrafficKeyDerivation
instanceKlass sun/security/ssl/SSLTrafficKeyDerivation$1
instanceKlass sun/security/ssl/SSLTrafficKeyDerivation$T13TrafficKeyDerivationGenerator
instanceKlass sun/security/ssl/SSLTrafficKeyDerivation$T12TrafficKeyDerivationGenerator
instanceKlass sun/security/ssl/SSLTrafficKeyDerivation$T10TrafficKeyDerivationGenerator
instanceKlass sun/security/ssl/SSLTrafficKeyDerivation$S30TrafficKeyDerivationGenerator
instanceKlass sun/security/ssl/SSLKeyDerivationGenerator
instanceKlass sun/security/ssl/SSLSecretDerivation
instanceKlass javax/crypto/MacSpi
instanceKlass javax/crypto/Mac
instanceKlass sun/security/ssl/HKDF
instanceKlass javax/crypto/spec/SecretKeySpec$1
instanceKlass jdk/internal/access/JavaxCryptoSpecAccess
instanceKlass javax/crypto/spec/SecretKeySpec
instanceKlass javax/crypto/SecretKey
instanceKlass javax/crypto/KeyAgreementSpi
instanceKlass sun/security/ssl/KAKeyDerivation
instanceKlass sun/security/ssl/XDHKeyExchange$XDHEKAGenerator
instanceKlass sun/security/ssl/XDHKeyExchange
instanceKlass java/security/spec/XECPublicKeySpec
instanceKlass sun/security/ssl/XDHKeyExchange$XDHECredentials
instanceKlass sun/security/ssl/NamedGroupCredentials
instanceKlass sun/security/ssl/KeyShareExtension$SHKeyShareSpec
instanceKlass sun/security/ssl/HandshakeHash$CloneableHash
instanceKlass sun/security/ssl/HandshakeHash$T13HandshakeHash
instanceKlass sun/security/ssl/SupportedVersionsExtension$SHSupportedVersionsSpec
instanceKlass sun/security/ssl/TransportContext$1
instanceKlass sun/security/ssl/Plaintext
instanceKlass sun/security/ssl/OutputRecord$T13PaddingHolder
instanceKlass sun/security/ssl/KeyShareExtension$CHKeyShareSpec
instanceKlass sun/security/util/ArrayUtil
instanceKlass java/security/interfaces/ECPrivateKey
instanceKlass sun/security/ec/ECOperations
instanceKlass sun/security/ssl/ECDHKeyExchange$ECDHEPossession
instanceKlass sun/security/ssl/KeyShareExtension$KeyShareEntry
instanceKlass sun/security/ssl/XDHKeyExchange$1
instanceKlass sun/security/pkcs/PKCS8Key
instanceKlass java/security/interfaces/XECPrivateKey
instanceKlass java/security/interfaces/XECPublicKey
instanceKlass java/security/interfaces/XECKey
instanceKlass java/security/KeyPair
instanceKlass sun/security/util/math/MutableIntegerModuloP
instanceKlass sun/security/jca/JCAUtil$CachedSecureRandomHolder
instanceKlass sun/security/ec/XECOperations
instanceKlass sun/security/ec/XECParameters
instanceKlass sun/security/ssl/XDHKeyExchange$XDHEPossession
instanceKlass sun/security/ssl/ECDHKeyExchange$ECDHEXDHKAGenerator
instanceKlass sun/security/ssl/ECDHKeyExchange$ECDHEKAGenerator
instanceKlass sun/security/ssl/ECDHKeyExchange$ECDHKAGenerator
instanceKlass sun/security/ssl/ECDHKeyExchange$ECDHEPossessionGenerator
instanceKlass sun/security/ssl/ECDHKeyExchange
instanceKlass sun/security/ssl/DHKeyExchange$DHEKAGenerator
instanceKlass sun/security/ssl/DHKeyExchange$DHEPossessionGenerator
instanceKlass sun/security/ssl/DHKeyExchange
instanceKlass sun/security/ssl/RSAKeyExchange$RSAKAGenerator
instanceKlass sun/security/ssl/RSAKeyExchange$EphemeralRSAPossessionGenerator
instanceKlass sun/security/ssl/RSAKeyExchange
instanceKlass sun/security/ssl/SSLKeyExchange$T13KeyAgreement
instanceKlass sun/security/ssl/SSLKeyAgreement
instanceKlass sun/security/ssl/SSLPossessionGenerator
instanceKlass sun/security/ssl/SSLKeyExchange
instanceKlass sun/security/ssl/SSLHandshakeBinding
instanceKlass sun/security/ssl/SSLKeyAgreementGenerator
instanceKlass sun/security/ssl/PskKeyExchangeModesExtension$PskKeyExchangeModesSpec
instanceKlass sun/security/ssl/SupportedVersionsExtension$CHSupportedVersionsSpec
instanceKlass sun/security/ssl/SignatureAlgorithmsExtension$SignatureSchemesSpec
instanceKlass sun/security/ssl/SessionTicketExtension$SessionTicketSpec
instanceKlass sun/security/ssl/ExtendedMasterSecretExtension$ExtendedMasterSecretSpec
instanceKlass sun/security/ssl/CertStatusExtension$CertStatusRequestV2Spec
instanceKlass sun/security/ssl/ECPointFormatsExtension$ECPointFormatsSpec
instanceKlass sun/security/ssl/SupportedGroupsExtension$SupportedGroupsSpec
instanceKlass sun/security/ssl/CertStatusExtension$CertStatusRequest
instanceKlass sun/security/ssl/CertStatusExtension$CertStatusRequestSpec
instanceKlass sun/security/ssl/ServerNameExtension$CHServerNamesSpec
instanceKlass sun/security/ssl/SSLExtension$SSLExtensionSpec
instanceKlass sun/security/ssl/SSLExtension$ClientExtensions
instanceKlass sun/security/ssl/PreSharedKeyExtension$SHPreSharedKeyStringizer
instanceKlass sun/security/ssl/PreSharedKeyExtension$SHPreSharedKeyAbsence
instanceKlass sun/security/ssl/PreSharedKeyExtension$SHPreSharedKeyConsumer
instanceKlass sun/security/ssl/PreSharedKeyExtension$SHPreSharedKeyProducer
instanceKlass sun/security/ssl/PreSharedKeyExtension$CHPreSharedKeyStringizer
instanceKlass sun/security/ssl/PreSharedKeyExtension$CHPreSharedKeyOnTradeAbsence
instanceKlass sun/security/ssl/PreSharedKeyExtension$CHPreSharedKeyUpdate
instanceKlass sun/security/ssl/PreSharedKeyExtension$CHPreSharedKeyOnLoadAbsence
instanceKlass sun/security/ssl/PreSharedKeyExtension$CHPreSharedKeyConsumer
instanceKlass sun/security/ssl/PreSharedKeyExtension$CHPreSharedKeyProducer
instanceKlass sun/security/ssl/PreSharedKeyExtension
instanceKlass sun/security/ssl/RenegoInfoExtension$RenegotiationInfoStringizer
instanceKlass sun/security/ssl/RenegoInfoExtension$SHRenegotiationInfoAbsence
instanceKlass sun/security/ssl/RenegoInfoExtension$SHRenegotiationInfoConsumer
instanceKlass sun/security/ssl/RenegoInfoExtension$SHRenegotiationInfoProducer
instanceKlass sun/security/ssl/RenegoInfoExtension$CHRenegotiationInfoAbsence
instanceKlass sun/security/ssl/RenegoInfoExtension$CHRenegotiationInfoConsumer
instanceKlass sun/security/ssl/RenegoInfoExtension$CHRenegotiationInfoProducer
instanceKlass sun/security/ssl/RenegoInfoExtension
instanceKlass sun/security/ssl/KeyShareExtension$HRRKeyShareStringizer
instanceKlass sun/security/ssl/KeyShareExtension$HRRKeyShareReproducer
instanceKlass sun/security/ssl/KeyShareExtension$HRRKeyShareConsumer
instanceKlass sun/security/ssl/KeyShareExtension$HRRKeyShareProducer
instanceKlass sun/security/ssl/KeyShareExtension$SHKeyShareStringizer
instanceKlass sun/security/ssl/KeyShareExtension$SHKeyShareAbsence
instanceKlass sun/security/ssl/KeyShareExtension$SHKeyShareConsumer
instanceKlass sun/security/ssl/KeyShareExtension$SHKeyShareProducer
instanceKlass sun/security/ssl/KeyShareExtension$CHKeyShareStringizer
instanceKlass sun/security/ssl/KeyShareExtension$CHKeyShareOnTradeAbsence
instanceKlass sun/security/ssl/KeyShareExtension$CHKeyShareConsumer
instanceKlass sun/security/ssl/KeyShareExtension$CHKeyShareProducer
instanceKlass sun/security/ssl/KeyShareExtension
instanceKlass sun/security/ssl/CertSignAlgsExtension$CertSignatureSchemesStringizer
instanceKlass sun/security/ssl/CertSignAlgsExtension$CRCertSignatureSchemesUpdate
instanceKlass sun/security/ssl/CertSignAlgsExtension$CRCertSignatureSchemesConsumer
instanceKlass sun/security/ssl/CertSignAlgsExtension$CRCertSignatureSchemesProducer
instanceKlass sun/security/ssl/CertSignAlgsExtension$CHCertSignatureSchemesUpdate
instanceKlass sun/security/ssl/CertSignAlgsExtension$CHCertSignatureSchemesConsumer
instanceKlass sun/security/ssl/CertSignAlgsExtension$CHCertSignatureSchemesProducer
instanceKlass sun/security/ssl/CertSignAlgsExtension
instanceKlass sun/security/ssl/CertificateAuthoritiesExtension$CertificateAuthoritiesStringizer
instanceKlass sun/security/ssl/CertificateAuthoritiesExtension$CRCertificateAuthoritiesConsumer
instanceKlass sun/security/ssl/CertificateAuthoritiesExtension$CRCertificateAuthoritiesProducer
instanceKlass sun/security/ssl/CertificateAuthoritiesExtension$CHCertificateAuthoritiesConsumer
instanceKlass sun/security/ssl/CertificateAuthoritiesExtension$CHCertificateAuthoritiesProducer
instanceKlass sun/security/ssl/CertificateAuthoritiesExtension
instanceKlass sun/security/ssl/PskKeyExchangeModesExtension$PskKeyExchangeModesStringizer
instanceKlass sun/security/ssl/PskKeyExchangeModesExtension$PskKeyExchangeModesOnTradeAbsence
instanceKlass sun/security/ssl/PskKeyExchangeModesExtension$PskKeyExchangeModesOnLoadAbsence
instanceKlass sun/security/ssl/PskKeyExchangeModesExtension$PskKeyExchangeModesConsumer
instanceKlass sun/security/ssl/PskKeyExchangeModesExtension$PskKeyExchangeModesProducer
instanceKlass sun/security/ssl/PskKeyExchangeModesExtension
instanceKlass sun/security/ssl/CookieExtension$CookieStringizer
instanceKlass sun/security/ssl/CookieExtension$HRRCookieReproducer
instanceKlass sun/security/ssl/CookieExtension$HRRCookieConsumer
instanceKlass sun/security/ssl/CookieExtension$HRRCookieProducer
instanceKlass sun/security/ssl/CookieExtension$CHCookieUpdate
instanceKlass sun/security/ssl/CookieExtension$CHCookieConsumer
instanceKlass sun/security/ssl/CookieExtension$CHCookieProducer
instanceKlass sun/security/ssl/CookieExtension
instanceKlass sun/security/ssl/SupportedVersionsExtension$HRRSupportedVersionsReproducer
instanceKlass sun/security/ssl/SupportedVersionsExtension$HRRSupportedVersionsConsumer
instanceKlass sun/security/ssl/SupportedVersionsExtension$HRRSupportedVersionsProducer
instanceKlass sun/security/ssl/SupportedVersionsExtension$SHSupportedVersionsStringizer
instanceKlass sun/security/ssl/SupportedVersionsExtension$SHSupportedVersionsConsumer
instanceKlass sun/security/ssl/SupportedVersionsExtension$SHSupportedVersionsProducer
instanceKlass sun/security/ssl/SupportedVersionsExtension$CHSupportedVersionsStringizer
instanceKlass sun/security/ssl/SupportedVersionsExtension$CHSupportedVersionsConsumer
instanceKlass sun/security/ssl/SupportedVersionsExtension$CHSupportedVersionsProducer
instanceKlass sun/security/ssl/SupportedVersionsExtension
instanceKlass sun/security/ssl/SignatureAlgorithmsExtension$SignatureSchemesStringizer
instanceKlass sun/security/ssl/SignatureAlgorithmsExtension$CRSignatureSchemesUpdate
instanceKlass sun/security/ssl/SignatureAlgorithmsExtension$CRSignatureSchemesAbsence
instanceKlass sun/security/ssl/SignatureAlgorithmsExtension$CRSignatureSchemesConsumer
instanceKlass sun/security/ssl/SignatureAlgorithmsExtension$CRSignatureSchemesProducer
instanceKlass sun/security/ssl/SignatureAlgorithmsExtension$CHSignatureSchemesOnTradeAbsence
instanceKlass sun/security/ssl/SignatureAlgorithmsExtension$CHSignatureSchemesUpdate
instanceKlass sun/security/ssl/SignatureAlgorithmsExtension$CHSignatureSchemesOnLoadAbsence
instanceKlass sun/security/ssl/SignatureAlgorithmsExtension$CHSignatureSchemesConsumer
instanceKlass sun/security/ssl/SignatureAlgorithmsExtension$CHSignatureSchemesProducer
instanceKlass sun/security/ssl/SignatureAlgorithmsExtension
instanceKlass sun/security/ssl/SessionTicketExtension$SessionTicketStringizer
instanceKlass sun/security/ssl/SessionTicketExtension$T12SHSessionTicketConsumer
instanceKlass sun/security/ssl/SessionTicketExtension$T12CHSessionTicketConsumer
instanceKlass sun/security/ssl/SessionTicketExtension
instanceKlass sun/security/ssl/ExtendedMasterSecretExtension$ExtendedMasterSecretStringizer
instanceKlass sun/security/ssl/ExtendedMasterSecretExtension$SHExtendedMasterSecretAbsence
instanceKlass sun/security/ssl/ExtendedMasterSecretExtension$SHExtendedMasterSecretConsumer
instanceKlass sun/security/ssl/ExtendedMasterSecretExtension$SHExtendedMasterSecretProducer
instanceKlass sun/security/ssl/ExtendedMasterSecretExtension$CHExtendedMasterSecretAbsence
instanceKlass sun/security/ssl/ExtendedMasterSecretExtension$CHExtendedMasterSecretConsumer
instanceKlass sun/security/ssl/ExtendedMasterSecretExtension$CHExtendedMasterSecretProducer
instanceKlass sun/security/ssl/ExtendedMasterSecretExtension
instanceKlass sun/security/ssl/AlpnExtension$AlpnStringizer
instanceKlass sun/security/ssl/AlpnExtension$SHAlpnAbsence
instanceKlass sun/security/ssl/AlpnExtension$SHAlpnConsumer
instanceKlass sun/security/ssl/AlpnExtension$SHAlpnProducer
instanceKlass sun/security/ssl/AlpnExtension$CHAlpnAbsence
instanceKlass sun/security/ssl/AlpnExtension$CHAlpnConsumer
instanceKlass sun/security/ssl/AlpnExtension$CHAlpnProducer
instanceKlass sun/security/ssl/AlpnExtension
instanceKlass sun/security/ssl/ECPointFormatsExtension$ECPointFormatsStringizer
instanceKlass sun/security/ssl/ECPointFormatsExtension$SHECPointFormatsConsumer
instanceKlass sun/security/ssl/ECPointFormatsExtension$CHECPointFormatsConsumer
instanceKlass sun/security/ssl/ECPointFormatsExtension$CHECPointFormatsProducer
instanceKlass sun/security/ssl/ECPointFormatsExtension
instanceKlass sun/security/ssl/SupportedGroupsExtension$EESupportedGroupsConsumer
instanceKlass sun/security/ssl/SupportedGroupsExtension$SupportedGroupsStringizer
instanceKlass sun/security/ssl/SupportedGroupsExtension$CHSupportedGroupsOnTradeAbsence
instanceKlass sun/security/ssl/SupportedGroupsExtension$CHSupportedGroupsConsumer
instanceKlass sun/security/ssl/SupportedGroupsExtension
instanceKlass sun/security/ssl/CertStatusExtension$CertStatusRespStringizer
instanceKlass sun/security/ssl/CertStatusExtension$CertStatusRequestsStringizer
instanceKlass sun/security/ssl/CertStatusExtension$SHCertStatusReqV2Consumer
instanceKlass sun/security/ssl/CertStatusExtension$SHCertStatusReqV2Producer
instanceKlass sun/security/ssl/CertStatusExtension$CHCertStatusReqV2Consumer
instanceKlass sun/security/ssl/CertStatusExtension$CHCertStatusReqV2Producer
instanceKlass sun/security/ssl/CertStatusExtension$CertStatusRequestStringizer
instanceKlass sun/security/ssl/CertStatusExtension$CTCertStatusResponseConsumer
instanceKlass sun/security/ssl/CertStatusExtension$CTCertStatusResponseProducer
instanceKlass sun/security/ssl/CertStatusExtension$SHCertStatusReqConsumer
instanceKlass sun/security/ssl/CertStatusExtension$SHCertStatusReqProducer
instanceKlass sun/security/ssl/CertStatusExtension$CHCertStatusReqConsumer
instanceKlass sun/security/ssl/CertStatusExtension$CHCertStatusReqProducer
instanceKlass sun/security/ssl/CertStatusExtension
instanceKlass sun/security/ssl/MaxFragExtension$MaxFragLenStringizer
instanceKlass sun/security/ssl/MaxFragExtension$EEMaxFragmentLengthUpdate
instanceKlass sun/security/ssl/MaxFragExtension$EEMaxFragmentLengthConsumer
instanceKlass sun/security/ssl/MaxFragExtension$EEMaxFragmentLengthProducer
instanceKlass sun/security/ssl/MaxFragExtension$SHMaxFragmentLengthUpdate
instanceKlass sun/security/ssl/MaxFragExtension$SHMaxFragmentLengthConsumer
instanceKlass sun/security/ssl/MaxFragExtension$SHMaxFragmentLengthProducer
instanceKlass sun/security/ssl/MaxFragExtension$CHMaxFragmentLengthConsumer
instanceKlass sun/security/ssl/MaxFragExtension$CHMaxFragmentLengthProducer
instanceKlass sun/security/ssl/MaxFragExtension
instanceKlass sun/security/ssl/ServerNameExtension$EEServerNameConsumer
instanceKlass sun/security/ssl/ServerNameExtension$EEServerNameProducer
instanceKlass sun/security/ssl/ServerNameExtension$SHServerNamesStringizer
instanceKlass sun/security/ssl/ServerNameExtension$SHServerNameConsumer
instanceKlass sun/security/ssl/ServerNameExtension$SHServerNameProducer
instanceKlass sun/security/ssl/ServerNameExtension$CHServerNamesStringizer
instanceKlass sun/security/ssl/ServerNameExtension$CHServerNameConsumer
instanceKlass sun/security/ssl/SSLExtension$ExtensionConsumer
instanceKlass sun/security/ssl/ServerNameExtension$CHServerNameProducer
instanceKlass sun/security/ssl/ServerNameExtension
instanceKlass sun/security/ssl/SSLStringizer
instanceKlass sun/security/ssl/SSLExtensions
instanceKlass sun/security/ssl/SSLHandshake$HandshakeMessage
instanceKlass sun/security/ssl/RandomCookie
instanceKlass java/util/ComparableTimSort
instanceKlass sun/security/util/KeyUtil
instanceKlass sun/security/ssl/SupportedGroupsExtension$SupportedGroups
instanceKlass sun/security/ssl/SSLKeyDerivation
instanceKlass sun/security/ssl/SSLCredentials
instanceKlass sun/security/ssl/NamedGroupPossession
instanceKlass sun/security/ssl/SSLPossession
instanceKlass sun/security/ssl/HandshakeContext
instanceKlass sun/security/ssl/SSLConfiguration$1
instanceKlass javax/net/ssl/SSLParameters
instanceKlass sun/net/www/protocol/http/AuthenticatorKeys
instanceKlass sun/nio/ch/ExtendedSocketOption$1
instanceKlass sun/nio/ch/ExtendedSocketOption
instanceKlass sun/nio/ch/OptionKey
instanceKlass sun/nio/ch/SocketOptionRegistry$LazyInitialization
instanceKlass sun/nio/ch/SocketOptionRegistry$RegistryKey
instanceKlass sun/nio/ch/SocketOptionRegistry
instanceKlass java/net/StandardSocketOptions$StdSocketOption
instanceKlass java/net/StandardSocketOptions
instanceKlass jdk/internal/icu/impl/Trie2$UTrie2Header
instanceKlass jdk/internal/icu/impl/Trie2$1
instanceKlass jdk/internal/icu/impl/Trie2$ValueMapper
instanceKlass jdk/internal/icu/impl/Trie2
instanceKlass jdk/internal/icu/impl/UCharacterProperty$IsAcceptable
instanceKlass jdk/internal/icu/impl/ICUBinary$1
instanceKlass jdk/internal/icu/impl/UCharacterProperty$IntProperty
instanceKlass jdk/internal/icu/impl/UCharacterProperty
instanceKlass jdk/internal/icu/lang/UCharacter
instanceKlass jdk/internal/icu/util/VersionInfo
instanceKlass jdk/internal/icu/impl/Trie
instanceKlass jdk/internal/icu/text/StringPrep$StringPrepTrieImpl
instanceKlass jdk/internal/icu/impl/Trie$DataManipulate
instanceKlass jdk/internal/icu/impl/ICUBinary
instanceKlass jdk/internal/icu/impl/StringPrepDataReader
instanceKlass jdk/internal/icu/impl/ICUBinary$Authenticate
instanceKlass jdk/internal/icu/text/StringPrep
instanceKlass java/net/IDN
instanceKlass javax/net/ssl/SNIServerName
instanceKlass sun/net/NetHooks
instanceKlass sun/net/spi/DefaultProxySelector$3
instanceKlass sun/net/spi/DefaultProxySelector$NonProxyInfo
instanceKlass sun/net/spi/DefaultProxySelector$1
instanceKlass java/net/ProxySelector
instanceKlass java/net/SocksSocketImpl$3
instanceKlass jdk/net/ExtendedSocketOptions$PlatformSocketOptions$1
instanceKlass jdk/net/ExtendedSocketOptions$PlatformSocketOptions
instanceKlass jdk/net/ExtendedSocketOptions$ExtSocketOption
instanceKlass java/net/SocketOption
instanceKlass jdk/net/ExtendedSocketOptions
instanceKlass sun/net/ext/ExtendedSocketOptions
instanceKlass sun/nio/ch/Net$1
instanceKlass java/net/ProtocolFamily
instanceKlass sun/nio/ch/Net
instanceKlass java/net/InetSocketAddress$InetSocketAddressHolder
instanceKlass java/util/concurrent/atomic/Striped64$1
instanceKlass jdk/internal/util/random/RandomSupport
instanceKlass java/net/InetAddress$CachedAddresses
instanceKlass sun/net/InetAddressCachePolicy$2
instanceKlass sun/net/InetAddressCachePolicy$1
instanceKlass sun/net/InetAddressCachePolicy
instanceKlass java/net/InetAddress$NameServiceAddresses
instanceKlass java/net/InetAddress$Addresses
instanceKlass java/util/concurrent/ConcurrentSkipListMap$Iter
instanceKlass sun/security/ssl/SessionId
instanceKlass java/security/spec/MGF1ParameterSpec
instanceKlass sun/security/ec/ParametersMap$1
instanceKlass sun/security/ec/ed/EdDSAParameters$SHAKE256DigesterFactory
instanceKlass sun/security/ec/point/ProjectivePoint
instanceKlass sun/security/ec/ed/EdDSAParameters$Digester
instanceKlass sun/security/ec/ed/EdDSAParameters$SHA512DigesterFactory
instanceKlass sun/security/ec/point/ExtendedHomogeneousPoint
instanceKlass sun/security/ec/point/AffinePoint
instanceKlass sun/security/util/math/intpoly/IntegerPolynomial$Limb
instanceKlass sun/security/util/math/SmallValue
instanceKlass sun/security/ec/point/MutablePoint
instanceKlass sun/security/ec/point/ImmutablePoint
instanceKlass sun/security/util/math/intpoly/IntegerPolynomial$Element
instanceKlass sun/security/util/math/ImmutableIntegerModuloP
instanceKlass sun/security/util/math/IntegerModuloP
instanceKlass java/math/MutableBigInteger
instanceKlass sun/security/util/math/intpoly/IntegerPolynomial
instanceKlass sun/security/ec/ParametersMap
instanceKlass sun/security/ec/ed/EdECOperations
instanceKlass sun/security/ec/ed/EdDSAParameters$DigesterFactory
instanceKlass sun/security/util/math/IntegerFieldModuloP
instanceKlass sun/security/ec/ed/EdDSAParameters
instanceKlass java/security/spec/EdDSAParameterSpec
instanceKlass sun/security/ec/ed/EdDSASignature$MessageAccumulator
instanceKlass javax/crypto/spec/DHParameterSpec
instanceKlass sun/security/ssl/PredefinedDHParameterSpecs$1
instanceKlass sun/security/ssl/PredefinedDHParameterSpecs
instanceKlass com/sun/security/sasl/Provider$1
instanceKlass sun/security/jgss/SunProvider$1
instanceKlass org/jcp/xml/dsig/internal/dom/XMLDSigRI$2
instanceKlass org/jcp/xml/dsig/internal/dom/XMLDSigRI$1
instanceKlass sun/security/mscapi/SunMSCAPI$2
instanceKlass sun/security/mscapi/SunMSCAPI$1
instanceKlass javax/net/ssl/ExtendedSSLSession
instanceKlass javax/net/ssl/SSLSession
instanceKlass sun/security/ssl/SSLConfiguration$CustomizedClientSignatureSchemes
instanceKlass javax/crypto/KeyGeneratorSpi
instanceKlass javax/crypto/KeyGenerator
instanceKlass sun/security/ssl/SSLConfiguration
instanceKlass sun/security/ssl/SSLCipher$SSLWriteCipher
instanceKlass sun/security/ssl/KeyUpdate$KeyUpdateProducer
instanceKlass sun/security/ssl/KeyUpdate$KeyUpdateConsumer
instanceKlass sun/security/ssl/KeyUpdate$KeyUpdateKickstartProducer
instanceKlass sun/security/ssl/KeyUpdate
instanceKlass sun/security/ssl/CertificateStatus$CertificateStatusAbsence
instanceKlass sun/security/ssl/HandshakeAbsence
instanceKlass sun/security/ssl/CertificateStatus$CertificateStatusProducer
instanceKlass sun/security/ssl/CertificateStatus$CertificateStatusConsumer
instanceKlass sun/security/ssl/CertificateStatus
instanceKlass sun/security/ssl/Finished$T13FinishedProducer
instanceKlass sun/security/ssl/Finished$T13FinishedConsumer
instanceKlass sun/security/ssl/Finished$T12FinishedProducer
instanceKlass sun/security/ssl/Finished$T12FinishedConsumer
instanceKlass sun/security/ssl/Finished
instanceKlass sun/security/ssl/ClientKeyExchange$ClientKeyExchangeProducer
instanceKlass sun/security/ssl/ClientKeyExchange$ClientKeyExchangeConsumer
instanceKlass sun/security/ssl/ClientKeyExchange
instanceKlass sun/security/ssl/CertificateVerify$T13CertificateVerifyProducer
instanceKlass sun/security/ssl/CertificateVerify$T13CertificateVerifyConsumer
instanceKlass sun/security/ssl/CertificateVerify$T12CertificateVerifyProducer
instanceKlass sun/security/ssl/CertificateVerify$T12CertificateVerifyConsumer
instanceKlass sun/security/ssl/CertificateVerify$T10CertificateVerifyProducer
instanceKlass sun/security/ssl/CertificateVerify$T10CertificateVerifyConsumer
instanceKlass sun/security/ssl/CertificateVerify$S30CertificateVerifyProducer
instanceKlass sun/security/ssl/CertificateVerify$S30CertificateVerifyConsumer
instanceKlass sun/security/ssl/CertificateVerify
instanceKlass sun/security/ssl/ServerHelloDone$ServerHelloDoneProducer
instanceKlass sun/security/ssl/ServerHelloDone$ServerHelloDoneConsumer
instanceKlass sun/security/ssl/ServerHelloDone
instanceKlass sun/security/ssl/CertificateRequest$T13CertificateRequestProducer
instanceKlass sun/security/ssl/CertificateRequest$T13CertificateRequestConsumer
instanceKlass sun/security/ssl/CertificateRequest$T12CertificateRequestProducer
instanceKlass sun/security/ssl/CertificateRequest$T12CertificateRequestConsumer
instanceKlass sun/security/ssl/CertificateRequest$T10CertificateRequestProducer
instanceKlass sun/security/ssl/CertificateRequest$T10CertificateRequestConsumer
instanceKlass sun/security/ssl/CertificateRequest
instanceKlass sun/security/ssl/ServerKeyExchange$ServerKeyExchangeProducer
instanceKlass sun/security/ssl/ServerKeyExchange$ServerKeyExchangeConsumer
instanceKlass sun/security/ssl/ServerKeyExchange
instanceKlass sun/security/ssl/CertificateMessage$T13CertificateProducer
instanceKlass sun/security/ssl/CertificateMessage$T13CertificateConsumer
instanceKlass sun/security/ssl/CertificateMessage$T12CertificateProducer
instanceKlass sun/security/ssl/CertificateMessage$T12CertificateConsumer
instanceKlass sun/security/ssl/CertificateMessage
instanceKlass sun/security/ssl/EncryptedExtensions$EncryptedExtensionsConsumer
instanceKlass sun/security/ssl/EncryptedExtensions$EncryptedExtensionsProducer
instanceKlass sun/security/ssl/EncryptedExtensions
instanceKlass sun/security/ssl/NewSessionTicket$T12NewSessionTicketProducer
instanceKlass sun/security/ssl/NewSessionTicket$T13NewSessionTicketProducer
instanceKlass sun/security/ssl/NewSessionTicket$T12NewSessionTicketConsumer
instanceKlass sun/security/ssl/NewSessionTicket$T13NewSessionTicketConsumer
instanceKlass sun/security/ssl/NewSessionTicket
instanceKlass sun/security/ssl/HelloVerifyRequest$HelloVerifyRequestProducer
instanceKlass sun/security/ssl/HelloVerifyRequest$HelloVerifyRequestConsumer
instanceKlass sun/security/ssl/HelloVerifyRequest
instanceKlass sun/security/ssl/ServerHello$T13HelloRetryRequestConsumer
instanceKlass sun/security/ssl/ServerHello$T13ServerHelloConsumer
instanceKlass sun/security/ssl/ServerHello$T12ServerHelloConsumer
instanceKlass sun/security/ssl/ServerHello$T13HelloRetryRequestReproducer
instanceKlass sun/security/ssl/ServerHello$T13HelloRetryRequestProducer
instanceKlass sun/security/ssl/ServerHello$T13ServerHelloProducer
instanceKlass sun/security/ssl/ServerHello$T12ServerHelloProducer
instanceKlass sun/security/ssl/ServerHello$ServerHelloConsumer
instanceKlass sun/security/ssl/ServerHello
instanceKlass sun/security/ssl/ClientHello$D13ClientHelloConsumer
instanceKlass sun/security/ssl/ClientHello$D12ClientHelloConsumer
instanceKlass sun/security/ssl/ClientHello$T13ClientHelloConsumer
instanceKlass sun/security/ssl/ClientHello$T12ClientHelloConsumer
instanceKlass sun/security/ssl/HandshakeConsumer
instanceKlass sun/security/ssl/ClientHello$ClientHelloProducer
instanceKlass sun/security/ssl/ClientHello$ClientHelloConsumer
instanceKlass sun/security/ssl/ClientHello$ClientHelloKickstartProducer
instanceKlass sun/security/ssl/ClientHello
instanceKlass sun/security/ssl/HelloRequest$HelloRequestProducer
instanceKlass sun/security/ssl/HelloRequest$HelloRequestConsumer
instanceKlass sun/security/ssl/HelloRequest$HelloRequestKickstartProducer
instanceKlass sun/security/ssl/SSLProducer
instanceKlass sun/security/ssl/HelloRequest
instanceKlass sun/security/ssl/HandshakeProducer
instanceKlass sun/security/ssl/SSLConsumer
instanceKlass sun/security/ssl/Authenticator$MacImpl
instanceKlass sun/security/ssl/Authenticator$MAC
instanceKlass sun/security/ssl/Authenticator
instanceKlass sun/security/ssl/SSLCipher$SSLReadCipher
instanceKlass sun/security/ssl/InputRecord
instanceKlass sun/security/ssl/SSLRecord
instanceKlass sun/security/ssl/Record
instanceKlass sun/security/ssl/TransportContext
instanceKlass sun/security/ssl/ConnectionContext
instanceKlass sun/security/ssl/HandshakeHash$CacheOnlyHash
instanceKlass sun/security/ssl/HandshakeHash$TranscriptHash
instanceKlass sun/security/ssl/HandshakeHash
instanceKlass java/net/SocksConsts
instanceKlass sun/net/PlatformSocketImpl
instanceKlass java/net/SocketImpl
instanceKlass java/net/SocketOptions
instanceKlass java/net/Socket
instanceKlass sun/security/ssl/SSLTransport
instanceKlass sun/net/www/http/KeepAliveKey
instanceKlass sun/net/NetworkClient$1
instanceKlass sun/net/NetworkClient
instanceKlass javax/net/ssl/HandshakeCompletedListener
instanceKlass java/util/EventListener
instanceKlass com/android/Version
instanceKlass java/net/ResponseCache
instanceKlass sun/net/www/protocol/http/HttpURLConnection$3
instanceKlass java/net/CookieHandler
instanceKlass sun/net/www/protocol/http/HttpURLConnection$2
instanceKlass sun/util/logging/PlatformLogger
instanceKlass sun/net/NetProperties$1
instanceKlass sun/net/NetProperties
instanceKlass sun/security/provider/AbstractDrbg$NonceProvider
instanceKlass java/net/NetworkInterface$1
instanceKlass java/net/DefaultInterface
instanceKlass java/net/Inet6Address$Inet6AddressHolder
instanceKlass java/net/InetAddress$PlatformNameService
instanceKlass java/net/InetAddress$NameService
instanceKlass java/net/Inet6AddressImpl
instanceKlass java/net/InetAddressImpl
instanceKlass java/net/InetAddressImplFactory
instanceKlass java/util/concurrent/ConcurrentSkipListMap$Node
instanceKlass java/util/concurrent/ConcurrentSkipListMap$Index
instanceKlass java/util/concurrent/ConcurrentNavigableMap
instanceKlass java/net/InetAddress$InetAddressHolder
instanceKlass java/net/InetAddress$1
instanceKlass jdk/internal/access/JavaNetInetAddressAccess
instanceKlass java/net/InetAddress
instanceKlass java/net/InterfaceAddress
instanceKlass java/net/NetworkInterface
instanceKlass sun/security/provider/ByteArrayAccess$BE
instanceKlass sun/security/provider/SeedGenerator$1
instanceKlass sun/security/provider/SeedGenerator
instanceKlass sun/security/provider/AbstractDrbg$SeederHolder
instanceKlass java/security/DrbgParameters$NextBytes
instanceKlass sun/security/provider/EntropySource
instanceKlass sun/security/provider/AbstractDrbg
instanceKlass java/security/DrbgParameters$Instantiation
instanceKlass java/security/DrbgParameters
instanceKlass sun/security/provider/MoreDrbgParameters
instanceKlass java/security/SecureRandomSpi
instanceKlass java/security/SecureRandomParameters
instanceKlass java/util/Random
instanceKlass java/util/random/RandomGenerator
instanceKlass javax/net/ssl/X509ExtendedKeyManager
instanceKlass javax/net/ssl/X509KeyManager
instanceKlass javax/net/ssl/KeyManager
instanceKlass javax/net/ssl/KeyManagerFactorySpi
instanceKlass javax/net/ssl/KeyManagerFactory$1
instanceKlass javax/net/ssl/KeyManagerFactory
instanceKlass sun/security/ssl/SSLContextImpl$DefaultManagersHolder$1
instanceKlass javax/net/ssl/X509ExtendedTrustManager
instanceKlass javax/net/ssl/X509TrustManager
instanceKlass javax/net/ssl/TrustManager
instanceKlass sun/security/validator/TrustStoreUtil
instanceKlass sun/security/x509/AccessDescription
instanceKlass sun/security/x509/RFC822Name
instanceKlass sun/security/x509/NetscapeCertTypeExtension$MapEntry
instanceKlass sun/security/x509/DNSName
instanceKlass sun/security/x509/URIName
instanceKlass sun/security/x509/DistributionPoint
instanceKlass java/security/cert/PolicyQualifierInfo
instanceKlass sun/security/x509/CertificatePolicyId
instanceKlass sun/security/x509/PolicyInformation
instanceKlass java/security/interfaces/ECPublicKey
instanceKlass sun/security/x509/GeneralName
instanceKlass sun/util/logging/PlatformLogger$ConfigurableBridge$LoggerConfiguration
instanceKlass java/io/FilePermission$1
instanceKlass jdk/internal/access/JavaIOFilePermissionAccess
instanceKlass jdk/internal/logger/LoggerFinderLoader
instanceKlass jdk/internal/logger/LazyLoggers$LazyLoggerFactories
instanceKlass jdk/internal/logger/LazyLoggers$1
instanceKlass jdk/internal/logger/LazyLoggers
instanceKlass jdk/internal/event/EventHelper
instanceKlass jdk/internal/event/Event
instanceKlass sun/security/jca/JCAUtil
instanceKlass sun/security/util/MemoryCache$CacheEntry
instanceKlass sun/security/x509/X509AttributeName
instanceKlass sun/security/x509/GeneralNames
instanceKlass sun/security/x509/KeyIdentifier
instanceKlass sun/security/x509/OIDMap$OIDInfo
instanceKlass sun/security/x509/PKIXExtensions
instanceKlass sun/security/x509/OIDMap
instanceKlass sun/security/x509/Extension
instanceKlass java/security/cert/Extension
instanceKlass sun/security/x509/CertificateExtensions
instanceKlass sun/security/rsa/RSAUtil
instanceKlass java/security/interfaces/RSAPublicKey
instanceKlass java/security/interfaces/RSAKey
instanceKlass java/security/spec/PSSParameterSpec
instanceKlass java/security/spec/RSAPrivateKeySpec
instanceKlass java/security/spec/RSAPublicKeySpec
instanceKlass java/security/spec/EncodedKeySpec$1
instanceKlass jdk/internal/access/JavaSecuritySpecAccess
instanceKlass java/security/spec/EncodedKeySpec
instanceKlass java/security/spec/KeySpec
instanceKlass sun/security/util/BitArray
instanceKlass sun/security/x509/X509Key
instanceKlass sun/security/x509/CertificateX509Key
instanceKlass sun/util/calendar/CalendarUtils
instanceKlass sun/util/calendar/CalendarDate
instanceKlass sun/security/x509/CertificateValidity
instanceKlass sun/security/x509/AVA
instanceKlass sun/security/x509/RDN
instanceKlass javax/security/auth/x500/X500Principal
instanceKlass sun/security/x509/X500Name$1
instanceKlass sun/security/x509/X500Name
instanceKlass sun/security/x509/GeneralNameInterface
instanceKlass sun/security/x509/CertificateAlgorithmId
instanceKlass sun/security/x509/SerialNumber
instanceKlass sun/security/x509/CertificateSerialNumber
instanceKlass sun/security/x509/CertificateVersion
instanceKlass sun/security/x509/X509CertInfo
instanceKlass sun/security/x509/CertAttrSet
instanceKlass sun/security/x509/AlgorithmId
instanceKlass java/security/cert/X509Extension
instanceKlass sun/security/util/Cache$EqualByteArray
instanceKlass sun/security/util/IOUtils
instanceKlass java/security/cert/CertificateFactorySpi
instanceKlass java/security/cert/CertificateFactory
instanceKlass sun/util/calendar/CalendarSystem$GregorianHolder
instanceKlass sun/util/calendar/CalendarSystem
instanceKlass sun/security/provider/JavaKeyStore$TrustedCertEntry
instanceKlass sun/security/util/DerInputStream
instanceKlass sun/security/util/DerValue
instanceKlass sun/security/action/OpenFileInputStreamAction
instanceKlass java/security/KeyStoreSpi
instanceKlass java/security/KeyStore$1
instanceKlass java/security/KeyStore
instanceKlass sun/security/ssl/TrustStoreManager$TrustStoreDescriptor$1
instanceKlass sun/security/util/FilePaths
instanceKlass sun/security/ssl/TrustStoreManager$TrustStoreDescriptor
instanceKlass sun/security/ssl/TrustStoreManager$TrustAnchorManager
instanceKlass sun/security/ssl/TrustStoreManager
instanceKlass javax/net/ssl/TrustManagerFactorySpi
instanceKlass javax/net/ssl/TrustManagerFactory$1
instanceKlass javax/net/ssl/TrustManagerFactory
instanceKlass sun/security/ssl/SSLContextImpl$DefaultManagersHolder
instanceKlass sun/security/util/Cache
instanceKlass sun/security/action/GetIntegerAction
instanceKlass sun/security/ssl/SSLSessionContextImpl
instanceKlass javax/net/ssl/SSLSessionContext
instanceKlass sun/security/ssl/EphemeralKeyManager$EphemeralKeyPair
instanceKlass sun/security/ssl/EphemeralKeyManager
instanceKlass sun/security/ssl/SSLContextImpl$CustomizedSSLProtocols
instanceKlass java/security/spec/NamedParameterSpec
instanceKlass sun/security/util/ECKeySizeParameterSpec
instanceKlass java/security/AlgorithmParametersSpi
instanceKlass java/security/AlgorithmParameters
instanceKlass sun/security/util/ECUtil
instanceKlass sun/security/ec/point/Point
instanceKlass java/security/KeyPairGeneratorSpi
instanceKlass java/security/PublicKey
instanceKlass java/security/PrivateKey
instanceKlass javax/security/auth/Destroyable
instanceKlass java/security/KeyFactorySpi
instanceKlass java/security/KeyFactory
instanceKlass javax/crypto/KeyAgreement
instanceKlass java/security/interfaces/ECKey
instanceKlass java/security/Signature$1
instanceKlass jdk/internal/access/JavaSecuritySignatureAccess
instanceKlass java/security/SignatureSpi
instanceKlass sun/security/ssl/JsseJce$EcAvailability
instanceKlass sun/security/ssl/SSLAlgorithmDecomposer$1
instanceKlass sun/security/ssl/Utilities
instanceKlass sun/security/ssl/JsseJce
instanceKlass sun/security/ssl/NamedGroup$XDHScheme
instanceKlass sun/security/ssl/NamedGroup$FFDHEScheme
instanceKlass sun/security/ssl/NamedGroup$ECDHEScheme
instanceKlass sun/security/ssl/NamedGroup$NamedGroupScheme
instanceKlass sun/security/ssl/SSLCipher$1
instanceKlass sun/security/ssl/SSLCipher$T13CC20P1305WriteCipherGenerator
instanceKlass sun/security/ssl/SSLCipher$T12CC20P1305WriteCipherGenerator
instanceKlass sun/security/ssl/SSLCipher$T13CC20P1305ReadCipherGenerator
instanceKlass sun/security/ssl/SSLCipher$T12CC20P1305ReadCipherGenerator
instanceKlass sun/security/ssl/SSLCipher$T13GcmWriteCipherGenerator
instanceKlass sun/security/ssl/SSLCipher$T13GcmReadCipherGenerator
instanceKlass sun/security/ssl/SSLCipher$T12GcmWriteCipherGenerator
instanceKlass sun/security/ssl/SSLCipher$T12GcmReadCipherGenerator
instanceKlass com/sun/crypto/provider/AESConstants
instanceKlass javax/crypto/JceSecurityManager$1
instanceKlass sun/security/ssl/SSLCipher$T11BlockWriteCipherGenerator
instanceKlass sun/security/ssl/SSLCipher$T11BlockReadCipherGenerator
instanceKlass com/sun/crypto/provider/PKCS5Padding
instanceKlass com/sun/crypto/provider/Padding
instanceKlass com/sun/crypto/provider/FeedbackCipher
instanceKlass com/sun/crypto/provider/SymmetricCipher
instanceKlass com/sun/crypto/provider/DESConstants
instanceKlass com/sun/crypto/provider/CipherCore
instanceKlass sun/security/ssl/SSLCipher$T10BlockWriteCipherGenerator
instanceKlass sun/security/ssl/SSLCipher$T10BlockReadCipherGenerator
instanceKlass javax/crypto/CipherSpi
instanceKlass javax/crypto/ProviderVerifier$1
instanceKlass javax/crypto/ProviderVerifier
instanceKlass javax/crypto/JceSecurity$2
instanceKlass javax/crypto/JceSecurity$IdentityWrapper
instanceKlass java/util/Vector$1
instanceKlass javax/crypto/CryptoPolicyParser$CryptoPermissionEntry
instanceKlass javax/crypto/CryptoPolicyParser$GrantEntry
instanceKlass java/io/StreamTokenizer
instanceKlass javax/crypto/CryptoPolicyParser
instanceKlass java/nio/file/Files$1
instanceKlass sun/nio/fs/WindowsFileSystem$2
instanceKlass java/nio/file/PathMatcher
instanceKlass sun/nio/fs/Globs
instanceKlass sun/nio/fs/WindowsFileSystemProvider$1
instanceKlass javax/crypto/JceSecurity$1
instanceKlass javax/crypto/JceSecurity
instanceKlass sun/security/jca/ProviderList$ServiceList$1
instanceKlass sun/security/jca/ServiceId
instanceKlass javax/crypto/Cipher$Transform
instanceKlass javax/crypto/Cipher
instanceKlass sun/security/ssl/SSLCipher$StreamWriteCipherGenerator
instanceKlass sun/security/ssl/SSLCipher$StreamReadCipherGenerator
instanceKlass sun/security/ssl/SSLCipher$NullWriteCipherGenerator
instanceKlass sun/security/ssl/SSLCipher$WriteCipherGenerator
instanceKlass sun/security/ssl/SSLCipher$NullReadCipherGenerator
instanceKlass sun/security/ssl/SSLCipher$ReadCipherGenerator
instanceKlass java/util/AbstractMap$SimpleImmutableEntry
instanceKlass java/time/Instant
instanceKlass java/time/zone/ZoneOffsetTransition
instanceKlass java/time/LocalTime
instanceKlass java/time/temporal/ValueRange
instanceKlass java/time/Duration
instanceKlass java/time/temporal/TemporalAmount
instanceKlass java/time/temporal/TemporalUnit
instanceKlass java/time/temporal/TemporalField
instanceKlass java/time/LocalDate
instanceKlass java/time/chrono/ChronoLocalDate
instanceKlass java/time/ZonedDateTime
instanceKlass java/time/chrono/ChronoZonedDateTime
instanceKlass java/time/LocalDateTime
instanceKlass java/time/chrono/ChronoLocalDateTime
instanceKlass java/time/temporal/Temporal
instanceKlass java/time/zone/ZoneOffsetTransitionRule
instanceKlass java/time/zone/ZoneRules
instanceKlass java/time/temporal/TemporalAdjuster
instanceKlass java/time/temporal/TemporalAccessor
instanceKlass java/time/ZoneId
instanceKlass sun/security/util/DisabledAlgorithmConstraints$Constraints$Holder
instanceKlass sun/security/util/DisabledAlgorithmConstraints$1
instanceKlass sun/security/util/DisabledAlgorithmConstraints$Constraint
instanceKlass sun/security/util/DisabledAlgorithmConstraints$Constraints
instanceKlass sun/security/util/AbstractAlgorithmConstraints$1
instanceKlass sun/security/util/AlgorithmDecomposer
instanceKlass sun/security/util/AbstractAlgorithmConstraints
instanceKlass sun/security/ssl/SSLAlgorithmConstraints
instanceKlass java/security/AlgorithmConstraints
instanceKlass sun/security/ssl/SSLLogger
instanceKlass java/security/spec/ECFieldF2m
instanceKlass sun/security/util/ObjectIdentifier
instanceKlass sun/security/util/ByteArrayTagOrder
instanceKlass sun/security/util/ByteArrayLexOrder
instanceKlass sun/security/util/DerEncoder
instanceKlass java/security/spec/ECParameterSpec
instanceKlass java/security/spec/AlgorithmParameterSpec
instanceKlass java/security/spec/ECPoint
instanceKlass java/security/spec/EllipticCurve
instanceKlass java/security/spec/ECFieldFp
instanceKlass java/security/spec/ECField
instanceKlass sun/security/util/CurveDB
instanceKlass sun/security/ec/SunEC$1
instanceKlass com/sun/security/sasl/gsskerb/JdkSASL$1
instanceKlass sun/security/pkcs11/SunPKCS11$Descriptor
instanceKlass javax/security/auth/callback/CallbackHandler
instanceKlass javax/security/auth/Subject
instanceKlass sun/security/smartcardio/SunPCSC$1
instanceKlass sun/security/jca/ProviderConfig$ProviderLoader
instanceKlass sun/security/jca/ProviderConfig$3
instanceKlass sun/security/rsa/SunRsaSignEntries
instanceKlass javax/net/ssl/SSLContextSpi
instanceKlass javax/net/ssl/SSLContext
instanceKlass javax/net/ssl/SSLSocketFactory$1
instanceKlass javax/net/ssl/SSLSocketFactory$DefaultFactoryHolder
instanceKlass javax/net/SocketFactory
instanceKlass javax/net/ssl/HttpsURLConnection$DefaultHostnameVerifier
instanceKlass javax/net/ssl/HostnameVerifier
instanceKlass java/net/Proxy
instanceKlass org/apache/http/util/Args
instanceKlass org/apache/http/HeaderElement
instanceKlass org/apache/http/message/BasicHeader
instanceKlass org/apache/http/Header
instanceKlass org/apache/http/NameValuePair
instanceKlass java/net/spi/URLStreamHandlerProvider
instanceKlass java/net/URL$1
instanceKlass java/net/URL$2
instanceKlass java/lang/StringUTF16$CharsSpliterator
instanceKlass java/util/stream/Sink$ChainedInt
instanceKlass java/util/OptionalInt
instanceKlass java/util/stream/Sink$OfInt
instanceKlass java/util/function/IntConsumer
instanceKlass java/util/function/IntPredicate
instanceKlass java/util/stream/IntStream
instanceKlass java/lang/StringLatin1$CharsSpliterator
instanceKlass sun/util/resources/Bundles$CacheKeyReference
instanceKlass java/util/ResourceBundle$ResourceBundleProviderHelper
instanceKlass sun/util/resources/Bundles$CacheKey
instanceKlass java/util/ResourceBundle$1
instanceKlass jdk/internal/access/JavaUtilResourceBundleAccess
instanceKlass sun/util/resources/Bundles
instanceKlass sun/util/resources/LocaleData$LocaleDataStrategy
instanceKlass sun/util/resources/Bundles$Strategy
instanceKlass sun/util/resources/LocaleData$1
instanceKlass java/util/ResourceBundle
instanceKlass java/util/ResourceBundle$Control
instanceKlass sun/util/resources/LocaleData
instanceKlass sun/util/locale/provider/LocaleResources
instanceKlass java/util/Locale$Builder
instanceKlass sun/util/locale/provider/CalendarDataUtility
instanceKlass sun/util/locale/provider/AvailableLanguageTags
instanceKlass sun/util/resources/cldr/provider/CLDRLocaleDataMetaInfo
instanceKlass jdk/internal/module/ModulePatcher$PatchedModuleReader
instanceKlass sun/util/locale/InternalLocaleBuilder$CaseInsensitiveChar
instanceKlass sun/util/locale/InternalLocaleBuilder
instanceKlass sun/util/locale/StringTokenIterator
instanceKlass sun/util/locale/ParseStatus
instanceKlass sun/util/locale/LanguageTag
instanceKlass sun/util/cldr/CLDRBaseLocaleDataMetaInfo
instanceKlass sun/util/locale/provider/LocaleDataMetaInfo
instanceKlass sun/util/locale/provider/ResourceBundleBasedAdapter
instanceKlass sun/util/locale/provider/LocaleProviderAdapter$1
instanceKlass sun/util/locale/provider/LocaleProviderAdapter
instanceKlass java/util/spi/LocaleServiceProvider
instanceKlass java/text/DecimalFormatSymbols
instanceKlass com/android/repository/api/DelegatingProgressIndicator
instanceKlass com/android/repository/impl/manager/RemoteRepoLoaderImpl
instanceKlass jdk/internal/math/FormattedFloatingDecimal$2
instanceKlass jdk/internal/math/FDBigInteger
instanceKlass jdk/internal/math/FormattedFloatingDecimal
instanceKlass com/android/repository/api/RepoManager$RepoLoadedListener
instanceKlass java/util/concurrent/ConcurrentLinkedQueue$Itr
instanceKlass com/android/repository/Revision$1
instanceKlass com/google/common/collect/ComparisonChain
instanceKlass kotlin/text/StringsKt__AppendableKt
instanceKlass kotlin/sequences/GeneratorSequence$iterator$1
instanceKlass kotlin/jvm/functions/Function0
instanceKlass kotlin/sequences/GeneratorSequence
instanceKlass com/android/repository/util/RepoPackageUtilKt
instanceKlass com/google/common/collect/Iterables
instanceKlass java/util/HashMap$HashMapSpliterator
instanceKlass sun/nio/fs/WindowsChannelFactory$2
instanceKlass com/google/common/hash/HashCode
instanceKlass sun/security/provider/ByteArrayAccess
instanceKlass java/lang/constant/DynamicConstantDesc
instanceKlass java/lang/constant/DirectMethodHandleDesc$1
instanceKlass java/lang/constant/DirectMethodHandleDescImpl$1
instanceKlass java/lang/constant/DirectMethodHandleDescImpl
instanceKlass java/lang/constant/DirectMethodHandleDesc
instanceKlass java/lang/constant/MethodHandleDesc$1
instanceKlass java/lang/constant/MethodHandleDesc
instanceKlass java/lang/constant/MethodTypeDescImpl
instanceKlass java/lang/constant/MethodTypeDesc
instanceKlass java/lang/constant/ReferenceClassDescImpl
instanceKlass java/lang/constant/ConstantUtils
instanceKlass java/lang/constant/ClassDesc
instanceKlass java/lang/constant/ConstantDescs
instanceKlass java/lang/invoke/VarHandle$2
instanceKlass java/lang/invoke/VarHandle$TypesAndInvokers
instanceKlass java/lang/invoke/VarHandle$AccessDescriptor
instanceKlass java/lang/invoke/VarHandleByteArrayBase
instanceKlass sun/security/provider/ByteArrayAccess$LE
instanceKlass com/google/common/hash/AbstractHasher
instanceKlass sun/security/util/MessageDigestSpi2
instanceKlass sun/security/jca/GetInstance$Instance
instanceKlass sun/security/util/SecurityProviderConstants
instanceKlass java/security/Provider$UString
instanceKlass java/security/Provider$Service
instanceKlass sun/security/provider/NativePRNG$NonBlocking
instanceKlass sun/security/provider/NativePRNG$Blocking
instanceKlass sun/security/provider/NativePRNG
instanceKlass sun/security/provider/SunEntries$1
instanceKlass sun/security/provider/SunEntries
instanceKlass sun/security/util/SecurityConstants
instanceKlass sun/security/jca/ProviderList$2
instanceKlass jdk/internal/math/FloatingDecimal$ASCIIToBinaryBuffer
instanceKlass jdk/internal/math/FloatingDecimal$PreparedASCIIToBinaryBuffer
instanceKlass jdk/internal/math/FloatingDecimal$ASCIIToBinaryConverter
instanceKlass jdk/internal/math/FloatingDecimal$BinaryToASCIIBuffer
instanceKlass jdk/internal/math/FloatingDecimal$ExceptionalBinaryToASCIIBuffer
instanceKlass jdk/internal/math/FloatingDecimal$BinaryToASCIIConverter
instanceKlass jdk/internal/math/FloatingDecimal
instanceKlass java/security/Provider$EngineDescription
instanceKlass java/security/Provider$ServiceKey
instanceKlass sun/security/jca/ProviderConfig
instanceKlass sun/security/jca/ProviderList
instanceKlass sun/security/jca/Providers
instanceKlass sun/security/jca/GetInstance
instanceKlass java/security/MessageDigestSpi
instanceKlass com/google/common/hash/Hasher
instanceKlass com/google/common/hash/PrimitiveSink
instanceKlass com/google/common/hash/AbstractHashFunction
instanceKlass com/google/common/hash/Hashing$Md5Holder
instanceKlass java/security/Key
instanceKlass com/google/common/hash/HashFunction
instanceKlass com/google/common/hash/Hashing
instanceKlass com/google/common/collect/Comparators
instanceKlass com/sun/xml/bind/v2/runtime/unmarshaller/DefaultIDResolver$1
instanceKlass com/sun/xml/bind/DatatypeConverterImpl
instanceKlass javax/xml/bind/DatatypeConverterInterface
instanceKlass jdk/internal/reflect/UnsafeFieldAccessorFactory
instanceKlass org/xml/sax/helpers/AttributesImpl
instanceKlass com/sun/org/apache/xerces/internal/impl/Constants$ArrayEnumeration
instanceKlass com/sun/org/apache/xerces/internal/impl/Constants
instanceKlass com/sun/org/apache/xerces/internal/parsers/AbstractSAXParser$LocatorProxy
instanceKlass org/xml/sax/ext/Locator2
instanceKlass com/sun/org/apache/xerces/internal/util/XMLSymbols
instanceKlass com/sun/org/apache/xerces/internal/util/XMLChar
instanceKlass com/sun/xml/internal/stream/Entity
instanceKlass com/sun/xml/internal/stream/util/BufferAllocator
instanceKlass com/sun/xml/internal/stream/util/ThreadLocalBufferAllocator
instanceKlass com/sun/org/apache/xerces/internal/impl/XMLEntityManager$EncodingInfo
instanceKlass sun/nio/ch/IOStatus
instanceKlass java/nio/DirectByteBuffer$Deallocator
instanceKlass sun/nio/ch/Util$BufferCache
instanceKlass sun/nio/ch/Util
instanceKlass sun/nio/ch/NativeThread
instanceKlass com/sun/org/apache/xerces/internal/utils/XMLLimitAnalyzer
instanceKlass com/sun/org/apache/xerces/internal/xni/parser/XMLInputSource
instanceKlass com/sun/org/apache/xerces/internal/util/ErrorHandlerWrapper
instanceKlass com/sun/org/apache/xerces/internal/xni/parser/XMLErrorHandler
instanceKlass com/sun/org/apache/xerces/internal/impl/ExternalSubsetResolver
instanceKlass com/sun/org/apache/xerces/internal/util/EntityResolverWrapper
instanceKlass org/xml/sax/ext/EntityResolver2
instanceKlass com/sun/xml/bind/v2/runtime/unmarshaller/TagName
instanceKlass com/sun/xml/bind/v2/runtime/unmarshaller/SAXConnector
instanceKlass com/sun/org/apache/xerces/internal/parsers/AbstractSAXParser$AttributesProxy
instanceKlass org/xml/sax/ext/Attributes2
instanceKlass org/xml/sax/AttributeList
instanceKlass com/sun/org/apache/xerces/internal/util/FeatureState
instanceKlass com/sun/org/apache/xerces/internal/util/PropertyState
instanceKlass com/sun/org/apache/xerces/internal/impl/msg/XMLMessageFormatter
instanceKlass com/sun/org/apache/xerces/internal/util/MessageFormatter
instanceKlass com/sun/org/apache/xerces/internal/impl/XMLVersionDetector
instanceKlass com/sun/org/apache/xerces/internal/impl/validation/ValidationManager
instanceKlass com/sun/org/apache/xerces/internal/impl/dv/dtd/NMTOKENDatatypeValidator
instanceKlass com/sun/org/apache/xerces/internal/impl/dv/dtd/NOTATIONDatatypeValidator
instanceKlass com/sun/org/apache/xerces/internal/impl/dv/dtd/ENTITYDatatypeValidator
instanceKlass com/sun/org/apache/xerces/internal/impl/dv/dtd/ListDatatypeValidator
instanceKlass com/sun/org/apache/xerces/internal/impl/dv/dtd/IDREFDatatypeValidator
instanceKlass com/sun/org/apache/xerces/internal/impl/dv/dtd/IDDatatypeValidator
instanceKlass com/sun/org/apache/xerces/internal/impl/dv/dtd/StringDatatypeValidator
instanceKlass com/sun/org/apache/xerces/internal/impl/dv/DatatypeValidator
instanceKlass com/sun/org/apache/xerces/internal/impl/dv/DTDDVFactory
instanceKlass com/sun/org/apache/xerces/internal/impl/dtd/DTDGrammarBucket
instanceKlass com/sun/org/apache/xerces/internal/impl/dtd/XMLAttributeDecl
instanceKlass com/sun/org/apache/xerces/internal/impl/dtd/XMLSimpleType
instanceKlass com/sun/org/apache/xerces/internal/impl/dtd/XMLElementDecl
instanceKlass com/sun/org/apache/xerces/internal/impl/validation/ValidationState
instanceKlass com/sun/org/apache/xerces/internal/impl/dv/ValidationContext
instanceKlass com/sun/org/apache/xerces/internal/impl/dtd/XMLDTDValidator
instanceKlass com/sun/org/apache/xerces/internal/impl/RevalidationHandler
instanceKlass com/sun/org/apache/xerces/internal/impl/dtd/XMLDTDValidatorFilter
instanceKlass com/sun/org/apache/xerces/internal/xni/parser/XMLDocumentFilter
instanceKlass com/sun/org/apache/xerces/internal/impl/dtd/XMLEntityDecl
instanceKlass com/sun/org/apache/xerces/internal/impl/dtd/XMLDTDProcessor
instanceKlass com/sun/org/apache/xerces/internal/xni/parser/XMLDTDContentModelFilter
instanceKlass com/sun/org/apache/xerces/internal/xni/parser/XMLDTDFilter
instanceKlass com/sun/org/apache/xerces/internal/xni/parser/XMLDTDScanner
instanceKlass com/sun/org/apache/xerces/internal/xni/parser/XMLDTDContentModelSource
instanceKlass com/sun/org/apache/xerces/internal/xni/parser/XMLDTDSource
instanceKlass com/sun/org/apache/xerces/internal/xni/grammars/XMLDTDDescription
instanceKlass com/sun/org/apache/xerces/internal/xni/grammars/XMLGrammarDescription
instanceKlass com/sun/org/apache/xerces/internal/impl/XMLDocumentScannerImpl$TrailingMiscDriver
instanceKlass com/sun/org/apache/xerces/internal/impl/XMLDocumentScannerImpl$PrologDriver
instanceKlass com/sun/org/apache/xerces/internal/impl/XMLDocumentScannerImpl$XMLDeclDriver
instanceKlass com/sun/org/apache/xerces/internal/util/NamespaceSupport
instanceKlass com/sun/org/apache/xerces/internal/xni/NamespaceContext
instanceKlass com/sun/org/apache/xerces/internal/util/XMLAttributesImpl$Attribute
instanceKlass com/sun/org/apache/xerces/internal/util/XMLAttributesImpl
instanceKlass com/sun/org/apache/xerces/internal/xni/XMLAttributes
instanceKlass com/sun/org/apache/xerces/internal/impl/XMLDocumentFragmentScannerImpl$FragmentContentDriver
instanceKlass com/sun/org/apache/xerces/internal/impl/XMLDocumentFragmentScannerImpl$Driver
instanceKlass com/sun/org/apache/xerces/internal/impl/XMLDocumentFragmentScannerImpl$ElementStack2
instanceKlass com/sun/org/apache/xerces/internal/xni/QName
instanceKlass com/sun/org/apache/xerces/internal/impl/XMLDocumentFragmentScannerImpl$ElementStack
instanceKlass com/sun/org/apache/xerces/internal/xni/XMLString
instanceKlass com/sun/org/apache/xerces/internal/impl/XMLScanner
instanceKlass com/sun/xml/internal/stream/XMLBufferListener
instanceKlass com/sun/org/apache/xerces/internal/impl/XMLEntityHandler
instanceKlass com/sun/org/apache/xerces/internal/xni/parser/XMLDocumentScanner
instanceKlass com/sun/org/apache/xerces/internal/xni/parser/XMLDocumentSource
instanceKlass com/sun/org/apache/xerces/internal/impl/XMLErrorReporter
instanceKlass com/sun/org/apache/xerces/internal/impl/XMLEntityScanner
instanceKlass com/sun/org/apache/xerces/internal/xni/XMLLocator
instanceKlass com/sun/xml/internal/stream/XMLEntityStorage
instanceKlass com/sun/org/apache/xerces/internal/util/AugmentationsImpl$AugmentationsItemsContainer
instanceKlass com/sun/org/apache/xerces/internal/util/AugmentationsImpl
instanceKlass com/sun/org/apache/xerces/internal/xni/Augmentations
instanceKlass com/sun/org/apache/xerces/internal/util/XMLResourceIdentifierImpl
instanceKlass com/sun/org/apache/xerces/internal/xni/XMLResourceIdentifier
instanceKlass com/sun/org/apache/xerces/internal/impl/XMLEntityManager
instanceKlass com/sun/org/apache/xerces/internal/xni/parser/XMLEntityResolver
instanceKlass com/sun/org/apache/xerces/internal/xni/parser/XMLComponent
instanceKlass com/sun/org/apache/xerces/internal/util/SymbolTable$Entry
instanceKlass com/sun/org/apache/xerces/internal/util/SymbolTable
instanceKlass jdk/xml/internal/JdkConstants
instanceKlass jdk/xml/internal/JdkXmlUtils
instanceKlass com/sun/org/apache/xerces/internal/util/ParserConfigurationSettings
instanceKlass com/sun/org/apache/xerces/internal/parsers/XML11Configurable
instanceKlass com/sun/org/apache/xerces/internal/xni/parser/XMLPullParserConfiguration
instanceKlass com/sun/org/apache/xerces/internal/xni/parser/XMLParserConfiguration
instanceKlass com/sun/org/apache/xerces/internal/xni/parser/XMLComponentManager
instanceKlass com/sun/org/apache/xerces/internal/parsers/XMLParser
instanceKlass com/sun/org/apache/xerces/internal/xni/XMLDTDContentModelHandler
instanceKlass com/sun/org/apache/xerces/internal/xni/XMLDTDHandler
instanceKlass com/sun/org/apache/xerces/internal/xni/XMLDocumentHandler
instanceKlass org/xml/sax/Parser
instanceKlass com/sun/org/apache/xerces/internal/utils/XMLSecurityPropertyManager
instanceKlass com/sun/org/apache/xerces/internal/utils/XMLSecurityManager
instanceKlass javax/xml/parsers/SAXParser
instanceKlass com/sun/org/apache/xerces/internal/xs/PSVIProvider
instanceKlass com/sun/org/apache/xerces/internal/jaxp/JAXPConstants
instanceKlass javax/xml/parsers/FactoryFinder$1
instanceKlass java/lang/invoke/LambdaFormEditor$1
instanceKlass jdk/xml/internal/SecuritySupport
instanceKlass javax/xml/parsers/FactoryFinder
instanceKlass javax/xml/parsers/SAXParserFactory
instanceKlass org/xml/sax/Attributes
instanceKlass org/xml/sax/helpers/XMLFilterImpl
instanceKlass org/xml/sax/InputSource
instanceKlass javax/xml/transform/sax/SAXSource
instanceKlass com/sun/xml/bind/v2/runtime/unmarshaller/UnmarshallingContext$State
instanceKlass com/sun/xml/bind/v2/runtime/unmarshaller/Scope
instanceKlass javax/xml/bind/ValidationEventLocator
instanceKlass com/sun/xml/bind/v2/runtime/unmarshaller/LocatorExWrapper
instanceKlass org/xml/sax/helpers/LocatorImpl
instanceKlass com/sun/xml/bind/v2/runtime/Coordinator
instanceKlass com/sun/xml/bind/v2/runtime/unmarshaller/XmlVisitor$TextPredictor
instanceKlass java/util/concurrent/Callable
instanceKlass javax/xml/bind/helpers/DefaultValidationEventHandler
instanceKlass org/xml/sax/helpers/DefaultHandler
instanceKlass org/xml/sax/DTDHandler
instanceKlass org/xml/sax/EntityResolver
instanceKlass javax/xml/bind/UnmarshallerHandler
instanceKlass org/xml/sax/ContentHandler
instanceKlass com/sun/xml/bind/v2/runtime/unmarshaller/XmlVisitor
instanceKlass com/sun/xml/bind/IDResolver
instanceKlass javax/xml/bind/helpers/AbstractUnmarshallerImpl
instanceKlass javax/xml/bind/ValidationEventHandler
instanceKlass com/sun/xml/bind/v2/runtime/NameList
instanceKlass com/sun/xml/bind/v2/runtime/property/ArrayERProperty$ReceiverImpl
instanceKlass com/sun/xml/bind/v2/runtime/unmarshaller/ChildLoader
instanceKlass com/sun/xml/bind/v2/runtime/unmarshaller/StructureLoader$1
instanceKlass com/sun/xml/bind/v2/runtime/property/UnmarshallerChain
instanceKlass com/sun/xml/bind/v2/runtime/ElementBeanInfoImpl$1
instanceKlass javax/xml/bind/JAXBElement$GlobalScope
instanceKlass com/sun/xml/bind/v2/runtime/Utils$1
instanceKlass com/sun/xml/bind/v2/runtime/Utils
instanceKlass com/sun/xml/bind/v2/runtime/unmarshaller/Intercepter
instanceKlass org/w3c/dom/Node
instanceKlass javax/xml/bind/annotation/W3CDomHandler
instanceKlass javax/xml/bind/annotation/DomHandler
instanceKlass com/sun/xml/bind/v2/runtime/property/TagAndType
instanceKlass com/sun/xml/bind/v2/ClassFactory
instanceKlass com/sun/xml/bind/v2/runtime/reflect/Lister$2
instanceKlass com/sun/xml/bind/v2/runtime/reflect/ListIterator
instanceKlass com/sun/xml/bind/v2/runtime/reflect/Lister
instanceKlass com/sun/xml/bind/v2/runtime/property/Utils$1
instanceKlass com/sun/xml/bind/v2/runtime/property/Utils
instanceKlass com/sun/xml/bind/v2/runtime/JaxBeanInfo$1
instanceKlass com/sun/xml/bind/v2/runtime/LifecycleMethods
instanceKlass com/sun/xml/bind/v2/runtime/unmarshaller/Patcher
instanceKlass com/sun/xml/bind/v2/runtime/unmarshaller/LocatorEx
instanceKlass com/sun/xml/bind/v2/runtime/reflect/TransducedAccessor
instanceKlass com/sun/xml/bind/v2/runtime/Name
instanceKlass com/sun/xml/bind/v2/runtime/property/PropertyFactory$1
instanceKlass com/sun/xml/bind/v2/runtime/property/PropertyFactory
instanceKlass com/sun/xml/bind/v2/runtime/property/PropertyImpl
instanceKlass org/xml/sax/Locator
instanceKlass com/sun/xml/bind/v2/runtime/property/Property
instanceKlass com/sun/xml/bind/v2/runtime/property/StructureLoaderBuilder
instanceKlass com/sun/xml/bind/v2/runtime/unmarshaller/Loader
instanceKlass com/sun/xml/bind/v2/runtime/FilterTransducer
instanceKlass com/sun/xml/bind/v2/util/FlattenIterator
instanceKlass com/android/sdklib/repository/meta/DetailsTypes$MavenType
instanceKlass java/beans/Introspector$1
instanceKlass jdk/internal/access/JavaBeansAccess
instanceKlass java/beans/FeatureDescriptor
instanceKlass java/beans/Introspector
instanceKlass java/lang/Package$1PackageInfoProxy
instanceKlass com/sun/xml/bind/api/impl/NameUtil
instanceKlass com/sun/xml/bind/api/impl/NameConverter
instanceKlass java/lang/annotation/Documented
instanceKlass java/lang/Deprecated
instanceKlass com/android/repository/impl/meta/Archive$HostConfig
instanceKlass com/sun/xml/bind/v2/model/impl/GetterSetterPropertySeed
instanceKlass com/android/repository/Revision
instanceKlass jdk/internal/ValueBased
instanceKlass javax/xml/bind/annotation/XmlElement$DEFAULT
instanceKlass com/android/repository/impl/meta/TypeDetails
instanceKlass com/sun/xml/bind/v2/model/impl/PropertyInfoImpl$1
instanceKlass com/sun/xml/bind/v2/TODO
instanceKlass com/sun/xml/bind/v2/model/nav/ParameterizedTypeImpl
instanceKlass sun/reflect/misc/ReflectUtil
instanceKlass java/lang/reflect/WildcardType
instanceKlass com/sun/xml/bind/v2/model/nav/ReflectionNavigator$BinderArg
instanceKlass com/sun/xml/bind/v2/model/impl/TypeRefImpl
instanceKlass sun/reflect/generics/tree/TypeVariableSignature
instanceKlass sun/reflect/generics/tree/MethodTypeSignature
instanceKlass com/sun/xml/bind/v2/model/runtime/RuntimeTypeRef
instanceKlass com/sun/xml/bind/v2/model/impl/ElementInfoImpl$PropertyImpl
instanceKlass com/sun/xml/bind/v2/model/core/TypeRef
instanceKlass javax/xml/bind/annotation/XmlElementDecl$GLOBAL
instanceKlass javax/xml/bind/annotation/XmlSeeAlso
instanceKlass com/sun/xml/bind/v2/model/annotation/ClassLocatable
instanceKlass java/util/TimSort
instanceKlass java/util/Arrays$LegacyMergeSort
instanceKlass com/sun/xml/bind/v2/runtime/reflect/Utils$1
instanceKlass com/sun/xml/bind/v2/runtime/reflect/Utils
instanceKlass javax/xml/bind/annotation/XmlSchemaTypes
instanceKlass com/sun/xml/bind/v2/model/core/Adapter
instanceKlass sun/reflect/generics/reflectiveObjects/LazyReflectiveObjectGenerator
instanceKlass java/lang/reflect/TypeVariable
instanceKlass sun/reflect/generics/reflectiveObjects/ParameterizedTypeImpl
instanceKlass java/lang/reflect/ParameterizedType
instanceKlass sun/reflect/generics/tree/ClassSignature
instanceKlass sun/reflect/generics/tree/Signature
instanceKlass sun/reflect/generics/tree/FormalTypeParameter
instanceKlass sun/reflect/generics/repository/AbstractRepository
instanceKlass javax/xml/bind/annotation/adapters/XmlAdapter
instanceKlass javax/xml/bind/annotation/adapters/XmlJavaTypeAdapter$DEFAULT
instanceKlass java/util/AbstractList$Itr
instanceKlass com/sun/xml/bind/v2/model/nav/ReflectionNavigator$10
instanceKlass com/sun/xml/bind/annotation/XmlLocation
instanceKlass com/sun/xml/bind/v2/model/impl/AttributePropertyInfoImpl$1
instanceKlass javax/xml/bind/annotation/adapters/XmlJavaTypeAdapters
instanceKlass com/sun/xml/bind/v2/model/impl/Util
instanceKlass com/sun/xml/bind/v2/model/impl/ClassInfoImpl$1
instanceKlass com/sun/xml/bind/v2/model/impl/FieldPropertySeed
instanceKlass com/sun/xml/bind/v2/model/impl/RuntimeClassInfoImpl$RuntimePropertySeed
instanceKlass java/lang/Short$ShortCache
instanceKlass java/lang/Character$CharacterCache
instanceKlass java/lang/Byte$ByteCache
instanceKlass javax/xml/bind/annotation/XmlSchemaType$DEFAULT
instanceKlass com/sun/xml/bind/v2/model/nav/ReflectionNavigator$3
instanceKlass com/sun/xml/bind/AccessorFactoryImpl
instanceKlass com/sun/xml/bind/InternalAccessorFactory
instanceKlass javax/xml/bind/annotation/XmlAccessorOrder
instanceKlass com/sun/xml/bind/annotation/OverrideAnnotationOf
instanceKlass javax/xml/bind/annotation/XmlMixed
instanceKlass javax/xml/bind/annotation/XmlAnyElement
instanceKlass javax/xml/bind/annotation/XmlElements
instanceKlass javax/xml/bind/annotation/XmlAnyAttribute
instanceKlass javax/xml/bind/annotation/XmlList
instanceKlass javax/xml/bind/annotation/XmlElementWrapper
instanceKlass javax/xml/bind/annotation/XmlAttachmentRef
instanceKlass javax/xml/bind/annotation/XmlMimeType
instanceKlass javax/xml/bind/annotation/XmlInlineBinaryData
instanceKlass javax/xml/bind/annotation/XmlIDREF
instanceKlass javax/xml/bind/annotation/XmlID
instanceKlass javax/xml/bind/annotation/adapters/XmlJavaTypeAdapter
instanceKlass com/sun/xml/bind/v2/model/runtime/RuntimeMapPropertyInfo
instanceKlass com/sun/xml/bind/v2/model/core/MapPropertyInfo
instanceKlass com/sun/xml/bind/AccessorFactory
instanceKlass com/sun/xml/bind/v2/model/runtime/RuntimeValuePropertyInfo
instanceKlass com/sun/xml/bind/v2/model/core/ValuePropertyInfo
instanceKlass com/sun/xml/bind/v2/model/runtime/RuntimeReferencePropertyInfo
instanceKlass com/sun/xml/bind/v2/model/runtime/RuntimeElementPropertyInfo
instanceKlass com/sun/xml/bind/v2/model/core/ElementPropertyInfo
instanceKlass com/sun/xml/bind/v2/model/runtime/RuntimeAttributePropertyInfo
instanceKlass com/sun/xml/bind/v2/model/runtime/RuntimeNonElementRef
instanceKlass com/sun/xml/bind/v2/model/runtime/RuntimePropertyInfo
instanceKlass com/sun/xml/bind/v2/model/core/AttributePropertyInfo
instanceKlass com/sun/xml/bind/v2/model/core/NonElementRef
instanceKlass com/sun/xml/bind/v2/runtime/reflect/Accessor
instanceKlass com/sun/xml/bind/v2/runtime/unmarshaller/Receiver
instanceKlass com/sun/xml/bind/v2/model/impl/PropertySeed
instanceKlass com/sun/xml/bind/v2/model/impl/DummyPropertyInfo
instanceKlass com/sun/xml/bind/v2/model/core/ReferencePropertyInfo
instanceKlass com/sun/xml/bind/v2/model/impl/PropertyInfoImpl
instanceKlass com/sun/xml/bind/v2/model/core/PropertyInfo
instanceKlass com/sun/xml/bind/v2/model/annotation/AnnotationSource
instanceKlass javax/xml/bind/annotation/XmlType$DEFAULT
instanceKlass javax/xml/bind/annotation/XmlAccessorType
instanceKlass com/sun/xml/bind/v2/model/annotation/MethodLocatable
instanceKlass com/android/repository/impl/meta/Archive$PatchesType
instanceKlass javax/xml/bind/JAXBElement
instanceKlass com/sun/xml/bind/v2/model/nav/ReflectionNavigator$5
instanceKlass com/sun/xml/bind/v2/model/nav/ReflectionNavigator$4
instanceKlass com/sun/xml/bind/v2/model/impl/RegistryInfoImpl
instanceKlass com/sun/xml/bind/v2/model/annotation/SecureLoader
instanceKlass javax/xml/bind/annotation/XmlValue
instanceKlass javax/xml/bind/annotation/XmlType
instanceKlass javax/xml/bind/annotation/XmlTransient
instanceKlass javax/xml/bind/annotation/XmlSchemaType
instanceKlass javax/xml/bind/annotation/XmlRootElement
instanceKlass javax/xml/bind/annotation/XmlEnum
instanceKlass javax/xml/bind/annotation/XmlElementRefs
instanceKlass javax/xml/bind/annotation/XmlElementRef
instanceKlass javax/xml/bind/annotation/XmlElementDecl
instanceKlass javax/xml/bind/annotation/XmlElement
instanceKlass javax/xml/bind/annotation/XmlAttribute
instanceKlass com/sun/xml/bind/v2/model/annotation/Quick
instanceKlass com/sun/xml/bind/v2/model/annotation/Init
instanceKlass com/sun/xml/bind/v2/model/annotation/LocatableAnnotation
instanceKlass javax/xml/bind/annotation/XmlRegistry
instanceKlass com/sun/xml/bind/v2/model/core/Ref
instanceKlass com/sun/xml/bind/api/CompositeStructure
instanceKlass com/sun/xml/bind/v2/runtime/IllegalAnnotationsException$Builder
instanceKlass java/util/Collections$UnmodifiableMap$UnmodifiableEntrySet$UnmodifiableEntry
instanceKlass java/util/Collections$UnmodifiableMap$UnmodifiableEntrySet$1
instanceKlass com/sun/xml/bind/v2/runtime/RuntimeUtil
instanceKlass com/sun/xml/bind/v2/model/impl/AnyTypeImpl
instanceKlass com/sun/xml/bind/v2/model/impl/TypeInfoSetImpl$1
instanceKlass com/sun/xml/bind/v2/model/impl/RuntimeBuiltinLeafInfoImpl$28
instanceKlass java/util/UUID
instanceKlass javax/xml/datatype/Duration
instanceKlass javax/xml/namespace/NamespaceContext
instanceKlass javax/xml/datatype/XMLGregorianCalendar
instanceKlass javax/xml/transform/Result
instanceKlass javax/activation/DataHandler
instanceKlass java/awt/datatransfer/Transferable
instanceKlass javax/activation/DataSource
instanceKlass java/awt/Graphics
instanceKlass java/awt/Component
instanceKlass java/awt/MenuContainer
instanceKlass java/awt/image/ImageObserver
instanceKlass java/awt/Transparency
instanceKlass java/awt/image/WritableRenderedImage
instanceKlass java/awt/Image
instanceKlass com/sun/xml/bind/v2/runtime/output/Pcdata
instanceKlass javax/xml/bind/ValidationEvent
instanceKlass java/awt/image/RenderedImage
instanceKlass java/util/Date
instanceKlass javax/xml/datatype/DatatypeConstants$Field
instanceKlass javax/xml/datatype/DatatypeConstants
instanceKlass java/util/Calendar
instanceKlass com/sun/xml/bind/v2/model/impl/RuntimeBuiltinLeafInfoImpl$1
instanceKlass com/sun/xml/bind/v2/model/impl/LeafInfoImpl
instanceKlass com/sun/xml/bind/v2/model/runtime/RuntimeBuiltinLeafInfo
instanceKlass com/sun/xml/bind/v2/model/core/BuiltinLeafInfo
instanceKlass com/sun/xml/bind/v2/model/impl/ModelBuilder$1
instanceKlass com/sun/xml/bind/v2/model/impl/Utils$1
instanceKlass com/sun/xml/bind/v2/model/nav/TypeVisitor
instanceKlass com/sun/xml/bind/v2/model/nav/ReflectionNavigator
instanceKlass com/sun/xml/bind/v2/model/nav/Navigator
instanceKlass com/sun/xml/bind/v2/model/impl/Utils
instanceKlass com/sun/xml/bind/WhiteSpaceProcessor
instanceKlass com/sun/xml/bind/v2/model/runtime/RuntimeClassInfo
instanceKlass com/sun/xml/bind/v2/model/core/ClassInfo
instanceKlass com/sun/xml/bind/v2/runtime/Transducer
instanceKlass com/sun/xml/bind/v2/model/runtime/RuntimeEnumLeafInfo
instanceKlass com/sun/xml/bind/v2/model/core/EnumLeafInfo
instanceKlass com/sun/xml/bind/v2/model/runtime/RuntimeArrayInfo
instanceKlass com/sun/xml/bind/v2/runtime/Location
instanceKlass com/sun/xml/bind/v2/model/core/ArrayInfo
instanceKlass com/sun/xml/bind/v2/model/runtime/RuntimeElementInfo
instanceKlass com/sun/xml/bind/v2/model/runtime/RuntimeElement
instanceKlass com/sun/xml/bind/v2/model/impl/TypeInfoImpl
instanceKlass com/sun/xml/bind/v2/model/core/ElementInfo
instanceKlass com/sun/xml/bind/v2/model/core/Element
instanceKlass com/sun/xml/bind/v2/model/runtime/RuntimeTypeInfoSet
instanceKlass com/sun/xml/bind/v2/model/impl/TypeInfoSetImpl
instanceKlass com/sun/xml/bind/v2/model/core/RegistryInfo
instanceKlass com/sun/xml/bind/v2/model/impl/ModelBuilder
instanceKlass com/sun/xml/bind/v2/model/impl/ModelBuilderI
instanceKlass com/sun/xml/bind/v2/runtime/NameBuilder
instanceKlass com/sun/istack/Pool$Impl
instanceKlass com/sun/xml/bind/v2/util/QNameMap$Entry
instanceKlass com/sun/xml/bind/v2/util/QNameMap
instanceKlass com/sun/xml/bind/v2/runtime/JAXBContextImpl$6
instanceKlass javax/xml/bind/Binder
instanceKlass com/sun/xml/bind/unmarshaller/InfosetScanner
instanceKlass com/sun/xml/bind/api/ErrorListener
instanceKlass com/sun/xml/bind/v2/model/core/ErrorHandler
instanceKlass com/sun/xml/bind/api/BridgeContext
instanceKlass com/sun/xml/bind/api/RawAccessor
instanceKlass javax/xml/bind/JAXBIntrospector
instanceKlass com/sun/xml/bind/v2/model/core/TypeInfoSet
instanceKlass javax/xml/bind/Marshaller
instanceKlass javax/xml/bind/Unmarshaller
instanceKlass com/sun/xml/bind/v2/runtime/AttributeAccessor
instanceKlass com/sun/xml/bind/v2/runtime/JaxBeanInfo
instanceKlass com/sun/xml/bind/api/Bridge
instanceKlass com/sun/xml/bind/v2/model/runtime/RuntimeLeafInfo
instanceKlass com/sun/xml/bind/v2/model/runtime/RuntimeNonElement
instanceKlass com/sun/xml/bind/v2/model/runtime/RuntimeTypeInfo
instanceKlass com/sun/xml/bind/v2/model/core/LeafInfo
instanceKlass com/sun/xml/bind/v2/model/core/MaybeElement
instanceKlass com/sun/xml/bind/v2/model/core/NonElement
instanceKlass com/sun/xml/bind/v2/model/core/TypeInfo
instanceKlass com/sun/xml/bind/v2/model/annotation/Locatable
instanceKlass com/sun/istack/Pool
instanceKlass com/sun/xml/bind/v2/model/annotation/AbstractInlineAnnotationReaderImpl
instanceKlass com/sun/xml/bind/v2/runtime/JAXBContextImpl$JAXBContextBuilder
instanceKlass com/sun/xml/bind/v2/util/TypeCast
instanceKlass java/util/Collections$UnmodifiableCollection$1
instanceKlass java/lang/StackTraceElement$HashedModules
instanceKlass com/sun/xml/bind/Util
instanceKlass com/sun/xml/bind/v2/model/annotation/RuntimeAnnotationReader
instanceKlass com/sun/xml/bind/v2/model/annotation/AnnotationReader
instanceKlass com/sun/xml/bind/v2/ContextFactory
instanceKlass sun/security/util/ManifestEntryVerifier
instanceKlass java/nio/charset/CoderResult
instanceKlass sun/net/www/MessageHeader
instanceKlass sun/net/www/protocol/jar/JarFileFactory
instanceKlass sun/net/www/protocol/jar/URLJarFile$URLJarFileCloseController
instanceKlass java/net/URLConnection
instanceKlass javax/xml/bind/ServiceLoaderUtil
instanceKlass javax/xml/bind/JAXBContextFactory
instanceKlass jdk/internal/misc/ScopedMemoryAccess$Scope
instanceKlass javax/xml/bind/ModuleUtil
instanceKlass javax/xml/bind/GetPropertyAction
instanceKlass javax/xml/bind/ServiceLoaderUtil$ExceptionHandler
instanceKlass javax/xml/bind/ContextFinder
instanceKlass javax/xml/bind/JAXBContext
instanceKlass com/google/common/base/Joiner
instanceKlass com/google/common/collect/Lists
instanceKlass javax/xml/transform/Source
instanceKlass org/w3c/dom/ls/LSResourceResolver
instanceKlass org/xml/sax/XMLFilter
instanceKlass org/xml/sax/XMLReader
instanceKlass org/xml/sax/ErrorHandler
instanceKlass com/android/repository/impl/meta/SchemaModuleUtil
instanceKlass java/nio/channels/Channels
instanceKlass sun/nio/fs/WindowsSecurityDescriptor
instanceKlass sun/nio/ch/FileChannelImpl$Closer
instanceKlass sun/nio/ch/NativeDispatcher
instanceKlass sun/nio/ch/NativeThreadSet
instanceKlass sun/nio/ch/IOUtil
instanceKlass java/nio/file/attribute/FileAttribute
instanceKlass java/nio/channels/spi/AbstractInterruptibleChannel
instanceKlass java/nio/channels/InterruptibleChannel
instanceKlass java/nio/channels/ScatteringByteChannel
instanceKlass java/nio/channels/GatheringByteChannel
instanceKlass java/nio/channels/SeekableByteChannel
instanceKlass java/nio/channels/ByteChannel
instanceKlass java/nio/channels/WritableByteChannel
instanceKlass java/nio/channels/ReadableByteChannel
instanceKlass java/nio/channels/Channel
instanceKlass sun/nio/fs/BasicFileAttributesHolder
instanceKlass java/util/stream/ForEachOps$ForEachOp
instanceKlass java/util/stream/ForEachOps
instanceKlass com/google/common/base/Predicates$InPredicate
instanceKlass com/google/common/base/CommonPattern
instanceKlass com/google/common/base/Predicates
instanceKlass java/util/stream/ReduceOps$AccumulatingSink
instanceKlass java/util/stream/ReduceOps$Box
instanceKlass java/util/stream/ReduceOps$ReduceOp
instanceKlass java/util/stream/ReduceOps
instanceKlass com/google/common/collect/RangeGwtSerializationDependencies
instanceKlass com/google/common/base/Predicate
instanceKlass com/google/common/collect/ImmutableRangeSet$Builder
instanceKlass com/google/common/collect/SortedIterable
instanceKlass com/google/common/collect/AbstractRangeSet
instanceKlass com/google/common/collect/RangeSet
instanceKlass java/util/stream/Collectors$CollectorImpl
instanceKlass java/util/stream/Collectors
instanceKlass java/util/stream/Collector
instanceKlass java/util/function/BinaryOperator
instanceKlass java/util/function/BiConsumer
instanceKlass com/google/common/collect/ImmutableCollection$Builder
instanceKlass com/google/common/collect/CollectCollectors
instanceKlass java/util/Spliterators$IteratorSpliterator
instanceKlass java/nio/file/Files$2
instanceKlass sun/nio/fs/WindowsDirectoryStream$WindowsDirectoryIterator
instanceKlass java/nio/file/Files$AcceptAllFilter
instanceKlass java/nio/file/DirectoryStream$Filter
instanceKlass com/android/repository/impl/manager/LocalRepoLoaderImpl
instanceKlass com/google/common/collect/PeekingIterator
instanceKlass com/google/common/collect/Iterators
instanceKlass java/util/concurrent/ConcurrentLinkedQueue$Node
instanceKlass com/android/repository/impl/manager/RepoManagerImpl$LoadTask
instanceKlass java/util/concurrent/Semaphore
instanceKlass com/android/repository/api/RepoManager$DummyProgressRunner
instanceKlass java/lang/invoke/VarForm
instanceKlass java/lang/invoke/VarHandleGuards
instanceKlass jdk/internal/util/Preconditions$1
instanceKlass java/lang/invoke/VarHandle$1
instanceKlass java/lang/invoke/VarHandles
instanceKlass java/util/concurrent/atomic/AtomicBoolean
instanceKlass com/google/common/collect/ForwardingObject
instanceKlass java/util/RegularEnumSet$EnumSetIterator
instanceKlass com/android/repository/io/FileOpUtils
instanceKlass java/lang/StrictMath
instanceKlass jdk/internal/logger/DefaultLoggerFinder$1
instanceKlass java/util/logging/Logger$SystemLoggerHelper$1
instanceKlass java/util/logging/Logger$SystemLoggerHelper
instanceKlass java/util/logging/LogManager$4
instanceKlass jdk/internal/logger/BootstrapLogger$BootstrapExecutors
instanceKlass jdk/internal/logger/BootstrapLogger$RedirectedLoggers
instanceKlass java/util/ServiceLoader$ProviderImpl
instanceKlass java/util/ServiceLoader$Provider
instanceKlass java/util/ServiceLoader$1
instanceKlass java/util/concurrent/CopyOnWriteArrayList$COWIterator
instanceKlass jdk/internal/loader/URLClassPath$1
instanceKlass java/lang/CompoundEnumeration
instanceKlass jdk/internal/loader/BuiltinClassLoader$1
instanceKlass java/util/Collections$EmptyEnumeration
instanceKlass jdk/internal/jimage/ImageLocation
instanceKlass jdk/internal/jimage/decompressor/Decompressor
instanceKlass jdk/internal/jimage/ImageStringsReader
instanceKlass jdk/internal/jimage/ImageStrings
instanceKlass jdk/internal/jimage/ImageHeader
instanceKlass jdk/internal/jimage/NativeImageBuffer$1
instanceKlass jdk/internal/jimage/NativeImageBuffer
instanceKlass jdk/internal/jimage/BasicImageReader$1
instanceKlass jdk/internal/jimage/BasicImageReader
instanceKlass jdk/internal/jimage/ImageReader
instanceKlass jdk/internal/jimage/ImageReaderFactory$1
instanceKlass jdk/internal/jimage/ImageReaderFactory
instanceKlass jdk/internal/module/SystemModuleFinders$SystemImage
instanceKlass jdk/internal/module/SystemModuleFinders$SystemModuleReader
instanceKlass java/lang/module/ModuleReader
instanceKlass jdk/internal/loader/BuiltinClassLoader$5
instanceKlass jdk/internal/loader/BuiltinClassLoader$2
instanceKlass jdk/internal/module/Resources
instanceKlass java/util/ServiceLoader$3
instanceKlass java/util/ServiceLoader$2
instanceKlass java/util/ServiceLoader$LazyClassPathLookupIterator
instanceKlass java/util/Spliterators$1Adapter
instanceKlass java/util/Spliterators$ArraySpliterator
instanceKlass java/util/Spliterator$OfDouble
instanceKlass java/util/Spliterator$OfLong
instanceKlass java/util/Spliterator$OfInt
instanceKlass java/util/Spliterator$OfPrimitive
instanceKlass java/util/Spliterators$EmptySpliterator
instanceKlass java/util/Spliterators
instanceKlass java/util/ServiceLoader$ModuleServicesLookupIterator
instanceKlass java/util/ServiceLoader
instanceKlass jdk/internal/logger/BootstrapLogger$DetectBackend$1
instanceKlass jdk/internal/logger/BootstrapLogger$DetectBackend
instanceKlass jdk/internal/logger/BootstrapLogger
instanceKlass sun/util/logging/PlatformLogger$ConfigurableBridge
instanceKlass sun/util/logging/PlatformLogger$Bridge
instanceKlass java/lang/System$Logger
instanceKlass java/util/stream/Streams
instanceKlass java/util/stream/Stream$Builder
instanceKlass java/util/stream/Streams$AbstractStreamBuilderImpl
instanceKlass java/util/stream/Sink$ChainedReference
instanceKlass java/util/stream/FindOps$FindOp
instanceKlass java/util/stream/TerminalOp
instanceKlass java/util/stream/FindOps$FindSink
instanceKlass java/util/stream/TerminalSink
instanceKlass java/util/stream/Sink
instanceKlass java/util/stream/FindOps
instanceKlass java/util/EnumMap$1
instanceKlass java/util/stream/StreamOpFlag$MaskBuilder
instanceKlass java/util/stream/Stream
instanceKlass java/util/stream/BaseStream
instanceKlass java/util/stream/PipelineHelper
instanceKlass java/util/stream/StreamSupport
instanceKlass java/util/ArrayList$ArrayListSpliterator
instanceKlass java/util/Spliterator
instanceKlass java/util/Hashtable$Enumerator
instanceKlass java/util/Collections$SynchronizedCollection
instanceKlass java/util/Properties$EntrySet
instanceKlass java/util/Collections$3
instanceKlass java/util/logging/LogManager$LoggerContext$1
instanceKlass java/util/logging/LogManager$VisitedLoggers
instanceKlass java/util/function/Predicate
instanceKlass java/util/logging/LogManager$2
instanceKlass java/lang/System$LoggerFinder
instanceKlass java/security/Security$2
instanceKlass jdk/internal/access/JavaSecurityPropertiesAccess
instanceKlass java/util/concurrent/ConcurrentHashMap$MapEntry
instanceKlass java/io/FileInputStream$1
instanceKlass java/util/Properties$LineReader
instanceKlass java/security/Security$1
instanceKlass java/security/Security
instanceKlass sun/security/util/SecurityProperties
instanceKlass sun/security/util/FilePermCompat
instanceKlass java/util/logging/LogManager$LoggingProviderAccess
instanceKlass sun/util/logging/internal/LoggingProviderImpl$LogManagerAccess
instanceKlass java/lang/Shutdown$Lock
instanceKlass java/lang/Shutdown
instanceKlass java/lang/ApplicationShutdownHooks$1
instanceKlass java/lang/ApplicationShutdownHooks
instanceKlass java/util/Collections$SynchronizedMap
instanceKlass java/util/logging/LogManager$LogNode
instanceKlass java/util/logging/LogManager$LoggerContext
instanceKlass java/util/logging/LogManager$1
instanceKlass java/util/logging/LogManager
instanceKlass java/util/logging/Logger$ConfigurationData
instanceKlass java/util/logging/Logger$LoggerBundle
instanceKlass java/util/logging/Level
instanceKlass java/util/logging/Handler
instanceKlass java/util/logging/Logger
instanceKlass com/google/common/collect/Platform
instanceKlass com/android/sdklib/repository/legacy/local/LocalPkgInfo
instanceKlass com/android/sdklib/repository/legacy/local/LocalSdk
instanceKlass com/android/sdklib/repository/legacy/LegacyLocalRepoLoader
instanceKlass com/android/sdklib/repository/legacy/remote/internal/sources/SdkSource
instanceKlass com/android/sdklib/repository/legacy/LegacyRemoteRepoLoader
instanceKlass com/android/repository/impl/manager/RemoteRepoLoader
instanceKlass com/android/repository/impl/manager/RepoManagerImpl$RemoteRepoLoaderFactoryImpl
instanceKlass com/android/repository/impl/manager/LocalRepoLoader
instanceKlass com/android/repository/impl/manager/RepoManagerImpl$LocalRepoLoaderFactoryImpl
instanceKlass com/google/common/collect/Ordering
instanceKlass com/google/common/collect/Multiset
instanceKlass com/google/common/collect/AbstractMultimap
instanceKlass com/google/common/collect/SortedSetMultimap
instanceKlass com/google/common/collect/SetMultimap
instanceKlass com/google/common/collect/Sets
instanceKlass com/android/repository/impl/meta/RepositoryPackages
instanceKlass com/android/repository/api/ProgressRunner$ProgressRunnable
instanceKlass com/android/repository/impl/manager/RepoManagerImpl$RemoteRepoLoaderFactory
instanceKlass com/android/repository/impl/manager/RepoManagerImpl$LocalRepoLoaderFactory
instanceKlass com/google/common/collect/ObjectArrays
instanceKlass com/android/repository/impl/sources/LocalSourceProvider
instanceKlass java/lang/invoke/MethodHandles$1
instanceKlass java/lang/Long$LongCache
instanceKlass com/android/repository/api/SimpleRepositorySource
instanceKlass com/google/common/math/IntMath$1
instanceKlass com/google/common/math/MathPreconditions
instanceKlass com/google/common/math/IntMath
instanceKlass com/android/repository/impl/generated/generic/v2/package-info
instanceKlass com/android/repository/impl/generated/generic/v1/package-info
instanceKlass com/android/repository/impl/meta/TypeDetails$GenericType
instanceKlass com/android/repository/impl/meta/GenericFactory
instanceKlass com/android/repository/impl/generated/v2/package-info
instanceKlass com/android/repository/api/Checksum
instanceKlass com/android/repository/impl/generated/v1/package-info
instanceKlass com/android/repository/api/Channel
instanceKlass com/android/repository/impl/meta/Archive
instanceKlass com/android/repository/impl/meta/RepoPackageImpl$Archives
instanceKlass com/android/repository/impl/meta/RevisionType
instanceKlass com/android/repository/api/LocalPackage
instanceKlass com/android/repository/api/License
instanceKlass com/android/repository/impl/meta/Archive$ArchiveFile
instanceKlass com/android/repository/api/Repository
instanceKlass com/android/repository/impl/meta/RepoPackageImpl
instanceKlass com/android/repository/api/RemotePackage
instanceKlass com/android/repository/impl/meta/RepoPackageImpl$UsesLicense
instanceKlass com/android/repository/impl/meta/RepoPackageImpl$Dependencies
instanceKlass com/android/repository/api/Dependency
instanceKlass com/android/repository/impl/meta/RemotePackageImpl$ChannelRef
instanceKlass com/android/repository/impl/meta/CommonFactory
instanceKlass com/android/repository/api/ProgressRunner
instanceKlass com/android/repository/api/ConstantSourceProvider
instanceKlass java/util/Formattable
instanceKlass com/android/repository/impl/sources/generated/v1/package-info
instanceKlass com/android/repository/impl/sources/generated/v1/ObjectFactory
instanceKlass com/android/repository/api/RepoManager
instanceKlass com/android/repository/api/RemoteListSourceProvider
instanceKlass com/google/common/collect/Hashing
instanceKlass com/google/common/collect/CollectPreconditions
instanceKlass com/google/common/collect/AbstractMapEntry
instanceKlass com/google/common/base/Preconditions
instanceKlass com/google/common/collect/ImmutableSet$SetBuilderImpl
instanceKlass com/google/common/collect/ImmutableMap$Builder
instanceKlass com/android/sdklib/repository/sources/generated/v6/package-info
instanceKlass com/android/sdklib/repository/sources/generated/v6/ObjectFactory
instanceKlass com/android/sdklib/repository/sources/generated/v5/package-info
instanceKlass com/android/sdklib/repository/sources/generated/v5/ObjectFactory
instanceKlass com/android/sdklib/repository/sources/generated/v4/package-info
instanceKlass com/android/sdklib/repository/sources/generated/v4/ObjectFactory
instanceKlass jdk/internal/reflect/ClassDefiner$1
instanceKlass jdk/internal/reflect/ClassDefiner
instanceKlass jdk/internal/reflect/MethodAccessorGenerator$1
instanceKlass jdk/internal/reflect/Label$PatchInfo
instanceKlass jdk/internal/reflect/Label
instanceKlass jdk/internal/reflect/UTF8
instanceKlass jdk/internal/reflect/ClassFileAssembler
instanceKlass jdk/internal/reflect/ByteVectorImpl
instanceKlass jdk/internal/reflect/ByteVector
instanceKlass jdk/internal/reflect/ByteVectorFactory
instanceKlass jdk/internal/reflect/AccessorGenerator
instanceKlass jdk/internal/reflect/ClassFileConstants
instanceKlass com/android/sdklib/repository/sources/generated/v3/package-info
instanceKlass com/android/sdklib/repository/sources/generated/v3/ObjectFactory
instanceKlass com/android/sdklib/repository/sources/generated/v2/package-info
instanceKlass com/android/sdklib/repository/sources/RemoteSiteType$SysImgSiteType
instanceKlass com/android/sdklib/repository/sources/generated/v2/ObjectFactory
instanceKlass com/android/sdklib/repository/sources/generated/v1/package-info
instanceKlass com/android/sdklib/repository/sources/RemoteSiteType$AddonSiteType
instanceKlass com/android/repository/api/RemoteSource
instanceKlass com/android/repository/api/RepositorySource
instanceKlass com/android/repository/impl/sources/RemoteListSourceProviderImpl$SiteList
instanceKlass com/android/sdklib/repository/sources/generated/v1/ObjectFactory
instanceKlass com/android/sdklib/repository/sources/RemoteSiteType
instanceKlass com/android/repository/api/FallbackLocalRepoLoader
instanceKlass com/android/repository/api/FallbackRemoteRepoLoader
instanceKlass com/android/repository/api/RepositorySourceProvider
instanceKlass com/android/sdklib/repository/AndroidSdkHandler$RepoConfig
instanceKlass com/android/sdklib/repository/legacy/remote/internal/DownloadCache
instanceKlass com/android/sdklib/repository/legacy/FileOp
instanceKlass com/android/sdklib/repository/legacy/LegacyDownloader
instanceKlass sun/nio/fs/WindowsPath$1
instanceKlass com/android/ProgressManagerAdapter
instanceKlass java/nio/file/FileVisitor
instanceKlass com/android/io/CancellableFileIo
instanceKlass com/android/prefs/QueryResult
instanceKlass kotlin/collections/EmptyList
instanceKlass kotlin/collections/CollectionsKt___CollectionsKt$asSequence$$inlined$Sequence$1
instanceKlass kotlin/collections/CollectionsKt__CollectionsJVMKt
instanceKlass com/android/prefs/VariableValue
instanceKlass com/android/prefs/LocationValue
instanceKlass com/android/prefs/PathLocator$WhenMappings
instanceKlass kotlin/jvm/internal/ArrayIterator
instanceKlass kotlin/jvm/internal/ArrayIteratorKt
instanceKlass kotlin/sequences/TransformingSequence$iterator$1
instanceKlass kotlin/sequences/FlatteningSequence$iterator$1
instanceKlass kotlin/jvm/internal/CallableReference$NoReceiver
instanceKlass kotlin/reflect/KDeclarationContainer
instanceKlass kotlin/jvm/internal/CallableReference
instanceKlass kotlin/reflect/KFunction
instanceKlass kotlin/reflect/KCallable
instanceKlass kotlin/reflect/KAnnotatedElement
instanceKlass kotlin/sequences/FlatteningSequence
instanceKlass kotlin/sequences/TransformingSequence
instanceKlass kotlin/sequences/SequencesKt__SequenceBuilderKt
instanceKlass kotlin/jvm/internal/Lambda
instanceKlass kotlin/jvm/internal/FunctionBase
instanceKlass kotlin/jvm/functions/Function1
instanceKlass kotlin/Function
instanceKlass kotlin/collections/ArraysKt___ArraysKt$asSequence$$inlined$Sequence$1
instanceKlass kotlin/sequences/Sequence
instanceKlass kotlin/collections/ArraysKt__ArraysJVMKt
instanceKlass kotlin/collections/AbstractList$Companion
instanceKlass kotlin/collections/AbstractCollection
instanceKlass kotlin/enums/EnumEntries
instanceKlass kotlin/jvm/internal/markers/KMappedMarker
instanceKlass kotlin/enums/EnumEntriesKt
instanceKlass com/android/utils/NullLogger
instanceKlass com/android/prefs/PathLocator
instanceKlass java/nio/file/Paths
instanceKlass com/android/sdklib/repository/generated/common/v3/package-info
instanceKlass com/android/sdklib/repository/generated/common/v2/package-info
instanceKlass com/android/sdklib/repository/generated/common/v1/package-info
instanceKlass com/android/sdklib/repository/IdDisplay
instanceKlass com/android/sdklib/repository/meta/Library
instanceKlass com/android/sdklib/OptionalLibrary
instanceKlass com/android/sdklib/repository/meta/SdkCommonFactory
instanceKlass com/android/sdklib/repository/generated/sysimg/v4/package-info
instanceKlass com/android/sdklib/repository/generated/sysimg/v3/package-info
instanceKlass com/android/sdklib/repository/generated/sysimg/v2/package-info
instanceKlass com/android/sdklib/repository/generated/sysimg/v1/package-info
instanceKlass com/android/sdklib/repository/meta/DetailsTypes$SysImgDetailsType
instanceKlass com/android/sdklib/repository/meta/SysImgFactory
instanceKlass com/android/sdklib/repository/generated/repository/v3/package-info
instanceKlass com/android/sdklib/repository/generated/repository/v2/package-info
instanceKlass com/android/sdklib/repository/generated/repository/v1/package-info
instanceKlass com/android/sdklib/repository/meta/DetailsTypes$SourceDetailsType
instanceKlass com/android/sdklib/repository/meta/DetailsTypes$PlatformDetailsType$LayoutlibType
instanceKlass com/android/sdklib/repository/meta/DetailsTypes$PlatformDetailsType
instanceKlass com/android/sdklib/repository/meta/RepoFactory
instanceKlass com/android/sdklib/repository/generated/addon/v3/package-info
instanceKlass com/android/sdklib/repository/generated/addon/v2/package-info
instanceKlass java/lang/Class$AnnotationData
instanceKlass java/lang/annotation/Target
instanceKlass java/lang/reflect/Proxy$ProxyBuilder$1
instanceKlass jdk/internal/org/objectweb/asm/Edge
instanceKlass java/lang/reflect/ProxyGenerator$PrimitiveTypeInfo
instanceKlass java/util/StringJoiner
instanceKlass java/lang/reflect/ProxyGenerator$ProxyMethod
instanceKlass java/lang/WeakPairMap$Pair$Lookup
instanceKlass java/lang/WeakPairMap$Pair
instanceKlass java/lang/WeakPairMap
instanceKlass java/lang/Module$ReflectionData
instanceKlass java/util/function/Consumer
instanceKlass jdk/internal/module/Checks
instanceKlass java/lang/module/ModuleDescriptor$Builder
instanceKlass java/util/LinkedHashMap$LinkedHashIterator
instanceKlass java/lang/PublicMethods
instanceKlass java/util/Collections$1
instanceKlass java/lang/reflect/Proxy$ProxyBuilder
instanceKlass java/util/function/BiFunction
instanceKlass java/lang/ClassValue$Version
instanceKlass java/lang/ClassValue$Identity
instanceKlass java/lang/ClassValue
instanceKlass java/lang/reflect/Proxy
instanceKlass sun/reflect/annotation/AnnotationInvocationHandler
instanceKlass java/lang/reflect/InvocationHandler
instanceKlass sun/reflect/annotation/AnnotationParser$1
instanceKlass java/lang/annotation/Inherited
instanceKlass java/lang/annotation/Retention
instanceKlass java/lang/Class$3
instanceKlass sun/reflect/annotation/ExceptionProxy
instanceKlass javax/xml/bind/annotation/XmlNs
instanceKlass sun/reflect/annotation/AnnotationType$1
instanceKlass sun/reflect/annotation/AnnotationType
instanceKlass java/lang/reflect/GenericArrayType
instanceKlass sun/reflect/generics/visitor/Reifier
instanceKlass sun/reflect/generics/visitor/TypeTreeVisitor
instanceKlass sun/reflect/generics/factory/CoreReflectionFactory
instanceKlass sun/reflect/generics/factory/GenericsFactory
instanceKlass sun/reflect/generics/scope/AbstractScope
instanceKlass sun/reflect/generics/scope/Scope
instanceKlass sun/reflect/generics/tree/ClassTypeSignature
instanceKlass sun/reflect/generics/tree/SimpleClassTypeSignature
instanceKlass sun/reflect/generics/tree/FieldTypeSignature
instanceKlass sun/reflect/generics/tree/BaseType
instanceKlass sun/reflect/generics/tree/TypeSignature
instanceKlass sun/reflect/generics/tree/ReturnType
instanceKlass sun/reflect/generics/tree/TypeArgument
instanceKlass sun/reflect/generics/tree/TypeTree
instanceKlass sun/reflect/generics/tree/Tree
instanceKlass sun/reflect/generics/parser/SignatureParser
instanceKlass sun/reflect/annotation/AnnotationParser
instanceKlass com/android/sdklib/repository/generated/addon/v1/package-info
instanceKlass javax/xml/bind/annotation/XmlSchema
instanceKlass com/android/repository/api/SchemaModule$SchemaModuleVersion
instanceKlass java/util/regex/ASCII
instanceKlass javax/xml/namespace/QName
instanceKlass com/android/sdklib/repository/meta/DetailsTypes$AddonDetailsType$Libraries
instanceKlass com/android/sdklib/repository/meta/DetailsTypes$AddonDetailsType
instanceKlass com/android/sdklib/repository/meta/DetailsTypes$ApiDetailsType
instanceKlass com/android/repository/impl/meta/PackageDisplayNameQualifier
instanceKlass com/android/sdklib/repository/meta/DetailsTypes$ExtraDetailsType
instanceKlass com/android/sdklib/repository/meta/AddonFactory
instanceKlass java/util/Formatter$Flags
instanceKlass java/util/Formatter$FormatSpecifier
instanceKlass java/util/Formatter$Conversion
instanceKlass java/util/Formatter$FixedString
instanceKlass java/util/Formatter$FormatString
instanceKlass java/util/regex/CharPredicates
instanceKlass java/util/Formatter
instanceKlass java/util/regex/IntHashSet
instanceKlass java/util/regex/Matcher
instanceKlass java/util/regex/MatchResult
instanceKlass java/util/regex/Pattern$TreeInfo
instanceKlass java/util/regex/Pattern$BitClass
instanceKlass java/util/regex/Pattern$BmpCharPredicate
instanceKlass java/util/regex/Pattern$CharPredicate
instanceKlass java/util/regex/Pattern$Node
instanceKlass java/util/regex/Pattern
instanceKlass com/google/common/collect/Maps$EntryTransformer
instanceKlass com/google/common/base/Converter
instanceKlass com/google/common/collect/BiMap
instanceKlass com/google/common/collect/ImmutableMap
instanceKlass com/google/common/collect/UnmodifiableIterator
instanceKlass com/google/common/base/Function
instanceKlass com/google/common/collect/SortedMapDifference
instanceKlass com/google/common/collect/MapDifference
instanceKlass com/google/common/collect/Maps
instanceKlass com/android/repository/api/SchemaModule
instanceKlass com/android/sdklib/repository/AndroidSdkHandler
instanceKlass com/android/utils/StdLogger
instanceKlass com/android/utils/ILogger
instanceKlass kotlin/jvm/internal/Intrinsics
instanceKlass com/android/utils/EnvironmentProvider$DirectEnvironmentProvider
instanceKlass com/android/utils/EnvironmentProvider
instanceKlass com/android/prefs/AbstractAndroidLocations$Companion
instanceKlass com/android/prefs/AbstractAndroidLocations
instanceKlass sun/nio/fs/WindowsDirectoryStream
instanceKlass java/nio/file/DirectoryStream
instanceKlass java/util/Collections$EmptyIterator
instanceKlass sun/nio/fs/WindowsChannelFactory$Flags
instanceKlass sun/nio/fs/WindowsChannelFactory$1
instanceKlass sun/nio/fs/WindowsChannelFactory
instanceKlass sun/nio/fs/ExtendedFileSystemProvider
instanceKlass java/util/LinkedList$ListItr
instanceKlass java/util/LinkedList$Node
instanceKlass com/android/repository/api/ProgressIndicatorAdapter
instanceKlass java/lang/ProcessEnvironment$CheckedEntry
instanceKlass java/lang/ProcessEnvironment$CheckedEntrySet$1
instanceKlass java/lang/ProcessEnvironment$EntryComparator
instanceKlass java/lang/ProcessEnvironment$NameComparator
instanceKlass jdk/internal/org/objectweb/asm/FieldVisitor
instanceKlass java/util/ArrayList$Itr
instanceKlass java/lang/invoke/InvokerBytecodeGenerator$ClassData
instanceKlass jdk/internal/org/objectweb/asm/Frame
instanceKlass java/lang/invoke/LambdaFormBuffer
instanceKlass java/lang/invoke/LambdaFormEditor$TransformKey
instanceKlass java/lang/invoke/LambdaFormEditor
instanceKlass sun/invoke/util/Wrapper$1
instanceKlass java/lang/invoke/DelegatingMethodHandle$Holder
instanceKlass java/lang/invoke/DirectMethodHandle$2
instanceKlass sun/invoke/empty/Empty
instanceKlass sun/invoke/util/VerifyType
instanceKlass java/lang/invoke/ClassSpecializer$Factory
instanceKlass java/lang/invoke/ClassSpecializer$SpeciesData
instanceKlass java/lang/invoke/ClassSpecializer$1
instanceKlass java/lang/invoke/ClassSpecializer
instanceKlass java/lang/invoke/InnerClassLambdaMetafactory$1
instanceKlass java/lang/invoke/MethodHandles$Lookup$ClassDefiner
instanceKlass jdk/internal/org/objectweb/asm/ClassReader
instanceKlass java/lang/invoke/MethodHandles$Lookup$ClassFile
instanceKlass jdk/internal/org/objectweb/asm/AnnotationVisitor
instanceKlass jdk/internal/org/objectweb/asm/Attribute
instanceKlass jdk/internal/org/objectweb/asm/Handler
instanceKlass jdk/internal/org/objectweb/asm/Label
instanceKlass jdk/internal/org/objectweb/asm/MethodVisitor
instanceKlass java/lang/invoke/LambdaProxyClassArchive
instanceKlass jdk/internal/org/objectweb/asm/ByteVector
instanceKlass jdk/internal/org/objectweb/asm/Symbol
instanceKlass jdk/internal/org/objectweb/asm/SymbolTable
instanceKlass jdk/internal/org/objectweb/asm/ClassVisitor
instanceKlass java/lang/invoke/InfoFromMemberName
instanceKlass java/lang/invoke/MethodHandleInfo
instanceKlass jdk/internal/org/objectweb/asm/ConstantDynamic
instanceKlass sun/invoke/util/BytecodeDescriptor
instanceKlass jdk/internal/org/objectweb/asm/Handle
instanceKlass sun/security/action/GetBooleanAction
instanceKlass jdk/internal/org/objectweb/asm/Type
instanceKlass java/lang/invoke/AbstractValidatingLambdaMetafactory
instanceKlass java/lang/invoke/MethodHandleImpl$1
instanceKlass jdk/internal/access/JavaLangInvokeAccess
instanceKlass java/lang/invoke/Invokers$Holder
instanceKlass java/lang/invoke/BootstrapMethodInvoker
instanceKlass java/lang/invoke/InvokerBytecodeGenerator$2
instanceKlass java/lang/invoke/InvokerBytecodeGenerator
instanceKlass java/lang/invoke/LambdaForm$Holder
instanceKlass java/lang/invoke/LambdaForm$Name
instanceKlass java/lang/invoke/Invokers
instanceKlass java/lang/invoke/MethodHandleImpl
instanceKlass sun/invoke/util/ValueConversions
instanceKlass java/lang/invoke/DirectMethodHandle$Holder
instanceKlass java/lang/invoke/LambdaForm$NamedFunction
instanceKlass sun/invoke/util/Wrapper$Format
instanceKlass java/lang/invoke/MethodTypeForm
instanceKlass java/lang/invoke/MethodType$ConcurrentWeakInternSet
instanceKlass java/lang/invoke/LambdaMetafactory
instanceKlass com/google/common/collect/Multimap
instanceKlass com/android/repository/api/PackageOperation
instanceKlass com/android/repository/api/RepoPackage
instanceKlass java/net/SocketAddress
instanceKlass java/io/Reader
instanceKlass java/lang/Readable
instanceKlass com/android/repository/api/ProgressIndicator
instanceKlass com/android/sdklib/tool/sdkmanager/SdkAction
instanceKlass com/android/sdklib/tool/sdkmanager/SdkManagerCliSettings
instanceKlass java/lang/Void
instanceKlass java/lang/PublicMethods$Key
instanceKlass java/lang/PublicMethods$MethodList
instanceKlass com/android/repository/api/Downloader
instanceKlass com/android/repository/api/SettingsController
instanceKlass java/util/TreeMap$PrivateEntryIterator
instanceKlass java/util/TreeMap$Entry
instanceKlass java/util/NavigableMap
instanceKlass java/util/SortedMap
instanceKlass java/util/NavigableSet
instanceKlass java/util/SortedSet
instanceKlass com/android/prefs/AndroidLocationsProvider
instanceKlass com/android/sdklib/tool/sdkmanager/SdkManagerCli
instanceKlass java/security/SecureClassLoader$DebugHolder
instanceKlass java/security/PermissionCollection
instanceKlass java/security/SecureClassLoader$1
instanceKlass java/security/SecureClassLoader$CodeSourceKey
instanceKlass java/util/zip/Checksum$1
instanceKlass java/util/zip/CRC32
instanceKlass java/util/zip/Checksum
instanceKlass sun/nio/ByteBuffered
instanceKlass java/util/zip/ZipFile$InflaterCleanupAction
instanceKlass java/util/zip/Inflater$InflaterZStreamRef
instanceKlass java/util/zip/Inflater
instanceKlass java/lang/Package$VersionInfo
instanceKlass java/lang/NamedPackage
instanceKlass jdk/internal/loader/Resource
instanceKlass java/util/StringTokenizer
instanceKlass java/util/jar/Attributes$Name
instanceKlass java/util/jar/Attributes
instanceKlass java/security/CodeSigner
instanceKlass sun/security/util/Debug
instanceKlass java/util/jar/JarVerifier
instanceKlass java/util/zip/ZipEntry
instanceKlass jdk/internal/util/jar/JarIndex
instanceKlass java/nio/Bits$1
instanceKlass jdk/internal/misc/VM$BufferPool
instanceKlass java/nio/Bits
instanceKlass sun/nio/ch/DirectBuffer
instanceKlass jdk/internal/perf/PerfCounter$CoreCounters
instanceKlass jdk/internal/perf/Perf
instanceKlass jdk/internal/perf/Perf$GetPerfAction
instanceKlass jdk/internal/perf/PerfCounter
instanceKlass java/nio/file/attribute/FileTime
instanceKlass java/util/zip/ZipUtils
instanceKlass java/util/zip/ZipFile$Source$End
instanceKlass java/io/RandomAccessFile$2
instanceKlass jdk/internal/access/JavaIORandomAccessFileAccess
instanceKlass java/io/RandomAccessFile
instanceKlass java/io/DataInput
instanceKlass java/io/DataOutput
instanceKlass sun/nio/fs/WindowsNativeDispatcher$CompletionStatus
instanceKlass sun/nio/fs/WindowsNativeDispatcher$AclInformation
instanceKlass sun/nio/fs/WindowsNativeDispatcher$Account
instanceKlass sun/nio/fs/WindowsNativeDispatcher$DiskFreeSpace
instanceKlass sun/nio/fs/WindowsNativeDispatcher$VolumeInformation
instanceKlass sun/nio/fs/WindowsNativeDispatcher$FirstStream
instanceKlass sun/nio/fs/WindowsNativeDispatcher$FirstFile
instanceKlass java/util/Enumeration
instanceKlass java/util/concurrent/ConcurrentHashMap$Traverser
instanceKlass java/util/concurrent/ConcurrentHashMap$CollectionView
instanceKlass jdk/internal/loader/NativeLibraries$NativeLibraryImpl
instanceKlass jdk/internal/loader/NativeLibrary
instanceKlass java/util/ArrayDeque$DeqIterator
instanceKlass jdk/internal/loader/NativeLibraries$1
instanceKlass jdk/internal/loader/NativeLibraries$LibraryPaths
instanceKlass sun/nio/fs/WindowsNativeDispatcher
instanceKlass sun/nio/fs/NativeBuffer$Deallocator
instanceKlass sun/nio/fs/NativeBuffer
instanceKlass java/lang/ThreadLocal$ThreadLocalMap
instanceKlass sun/nio/fs/NativeBuffers
instanceKlass sun/nio/fs/WindowsFileAttributes
instanceKlass java/nio/file/attribute/DosFileAttributes
instanceKlass sun/nio/fs/AbstractBasicFileAttributeView
instanceKlass sun/nio/fs/DynamicFileAttributeView
instanceKlass sun/nio/fs/WindowsFileAttributeViews
instanceKlass sun/nio/fs/Util
instanceKlass java/nio/file/attribute/BasicFileAttributeView
instanceKlass java/nio/file/attribute/FileAttributeView
instanceKlass java/nio/file/attribute/AttributeView
instanceKlass java/nio/file/Files
instanceKlass java/nio/file/CopyOption
instanceKlass java/nio/file/attribute/BasicFileAttributes
instanceKlass sun/nio/fs/WindowsPath
instanceKlass java/nio/file/Path
instanceKlass java/nio/file/Watchable
instanceKlass java/net/URI$Parser
instanceKlass sun/nio/fs/WindowsPathParser$Result
instanceKlass sun/nio/fs/WindowsPathParser
instanceKlass java/util/Collections$UnmodifiableCollection
instanceKlass java/util/Arrays$ArrayItr
instanceKlass java/nio/file/FileSystem
instanceKlass java/nio/file/OpenOption
instanceKlass java/nio/file/spi/FileSystemProvider
instanceKlass sun/nio/fs/DefaultFileSystemProvider
instanceKlass java/nio/file/FileSystems$DefaultFileSystemHolder$1
instanceKlass java/nio/file/FileSystems$DefaultFileSystemHolder
instanceKlass java/nio/file/FileSystems
instanceKlass java/util/zip/ZipFile$Source$Key
instanceKlass java/util/zip/ZipFile$Source
instanceKlass java/lang/ref/Cleaner$Cleanable
instanceKlass jdk/internal/ref/CleanerImpl
instanceKlass java/lang/ref/Cleaner$1
instanceKlass java/lang/ref/Cleaner
instanceKlass jdk/internal/ref/CleanerFactory$1
instanceKlass java/util/concurrent/ThreadFactory
instanceKlass jdk/internal/ref/CleanerFactory
instanceKlass java/util/zip/ZipCoder
instanceKlass java/util/zip/ZipFile$CleanableResource
instanceKlass java/lang/Runtime$Version
instanceKlass java/util/jar/JavaUtilJarAccessImpl
instanceKlass jdk/internal/access/JavaUtilJarAccess
instanceKlass jdk/internal/loader/FileURLMapper
instanceKlass jdk/internal/loader/URLClassPath$JarLoader$1
instanceKlass java/util/zip/ZipFile$1
instanceKlass jdk/internal/access/JavaUtilZipFileAccess
instanceKlass java/util/zip/ZipFile
instanceKlass java/util/zip/ZipConstants
instanceKlass jdk/internal/loader/URLClassPath$Loader
instanceKlass jdk/internal/loader/URLClassPath$3
instanceKlass java/security/PrivilegedExceptionAction
instanceKlass sun/net/util/URLUtil
instanceKlass java/lang/StringCoding
instanceKlass sun/nio/cs/ArrayDecoder
instanceKlass java/nio/charset/CharsetDecoder
instanceKlass sun/launcher/LauncherHelper
instanceKlass jdk/internal/vm/PostVMInitHook$1
instanceKlass jdk/internal/util/EnvUtils
instanceKlass jdk/internal/vm/PostVMInitHook$2
instanceKlass sun/util/locale/LocaleObjectCache
instanceKlass sun/util/locale/BaseLocale$Key
instanceKlass sun/util/locale/LocaleUtils
instanceKlass sun/util/locale/BaseLocale
instanceKlass java/util/Locale
instanceKlass jdk/internal/vm/PostVMInitHook
instanceKlass java/lang/reflect/Array
instanceKlass java/lang/invoke/StringConcatFactory$3
instanceKlass java/lang/invoke/StringConcatFactory$2
instanceKlass java/lang/invoke/StringConcatFactory$1
instanceKlass java/lang/invoke/StringConcatFactory
instanceKlass java/lang/ModuleLayer$Controller
instanceKlass java/util/concurrent/CopyOnWriteArrayList
instanceKlass jdk/internal/module/ServicesCatalog$ServiceProvider
instanceKlass jdk/internal/loader/AbstractClassLoaderValue$Memoizer
instanceKlass java/util/ImmutableCollections$ListItr
instanceKlass java/util/ListIterator
instanceKlass java/lang/ModuleLayer
instanceKlass jdk/internal/module/ModuleLoaderMap$Modules
instanceKlass jdk/internal/module/ModuleLoaderMap$Mapper
instanceKlass java/util/function/Function
instanceKlass jdk/internal/module/ModuleLoaderMap
instanceKlass java/util/ImmutableCollections$Set12$1
instanceKlass java/util/AbstractMap$1$1
instanceKlass java/lang/module/ResolvedModule
instanceKlass java/lang/module/Configuration
instanceKlass java/util/ImmutableCollections$SetN$SetNIterator
instanceKlass jdk/internal/loader/BuiltinClassLoader$LoadedModule
instanceKlass jdk/internal/loader/AbstractClassLoaderValue
instanceKlass jdk/internal/module/ServicesCatalog
instanceKlass jdk/internal/util/Preconditions
instanceKlass sun/net/util/IPAddressUtil
instanceKlass java/net/URLStreamHandler
instanceKlass java/util/HexFormat
instanceKlass sun/net/www/ParseUtil
instanceKlass java/net/URL$3
instanceKlass jdk/internal/access/JavaNetURLAccess
instanceKlass java/net/URL$DefaultFactory
instanceKlass java/net/URLStreamHandlerFactory
instanceKlass jdk/internal/loader/URLClassPath
instanceKlass java/security/Principal
instanceKlass java/security/ProtectionDomain$Key
instanceKlass java/security/ProtectionDomain$JavaSecurityAccessImpl
instanceKlass jdk/internal/access/JavaSecurityAccess
instanceKlass java/lang/ClassLoader$ParallelLoaders
instanceKlass java/security/cert/Certificate
instanceKlass jdk/internal/loader/ArchivedClassLoaders
instanceKlass java/util/Deque
instanceKlass java/util/Queue
instanceKlass jdk/internal/loader/ClassLoaderHelper
instanceKlass jdk/internal/loader/NativeLibraries
instanceKlass jdk/internal/loader/BootLoader
instanceKlass java/util/Optional
instanceKlass jdk/internal/module/SystemModuleFinders$SystemModuleFinder
instanceKlass java/lang/module/ModuleFinder
instanceKlass jdk/internal/module/SystemModuleFinders$3
instanceKlass jdk/internal/module/ModuleHashes$HashSupplier
instanceKlass jdk/internal/module/SystemModuleFinders$2
instanceKlass java/util/function/Supplier
instanceKlass java/lang/module/ModuleReference
instanceKlass jdk/internal/module/ModuleResolution
instanceKlass java/util/Collections$UnmodifiableMap
instanceKlass jdk/internal/module/ModuleHashes$Builder
instanceKlass jdk/internal/module/ModuleHashes
instanceKlass jdk/internal/module/ModuleTarget
instanceKlass java/lang/Enum
instanceKlass java/lang/module/ModuleDescriptor$Version
instanceKlass java/lang/module/ModuleDescriptor$Provides
instanceKlass java/lang/module/ModuleDescriptor$Opens
instanceKlass java/lang/module/ModuleDescriptor$Exports
instanceKlass java/lang/module/ModuleDescriptor$Requires
instanceKlass jdk/internal/module/Builder
instanceKlass jdk/internal/module/SystemModules$default
instanceKlass jdk/internal/module/SystemModules
instanceKlass jdk/internal/module/SystemModulesMap
instanceKlass java/net/URI$1
instanceKlass jdk/internal/access/JavaNetUriAccess
instanceKlass java/net/URI
instanceKlass jdk/internal/module/SystemModuleFinders
instanceKlass jdk/internal/module/ArchivedModuleGraph
instanceKlass jdk/internal/module/ArchivedBootLayer
instanceKlass jdk/internal/module/ModuleBootstrap$Counters
instanceKlass jdk/internal/module/ModulePatcher
instanceKlass java/io/FileSystem
instanceKlass java/io/DefaultFileSystem
instanceKlass java/io/File
instanceKlass java/lang/module/ModuleDescriptor$1
instanceKlass jdk/internal/access/JavaLangModuleAccess
instanceKlass sun/invoke/util/VerifyAccess
instanceKlass java/lang/module/ModuleDescriptor
instanceKlass jdk/internal/module/ModuleBootstrap
instanceKlass java/lang/invoke/MethodHandleStatics
instanceKlass java/util/Collections
instanceKlass sun/io/Win32ErrorMode
instanceKlass jdk/internal/misc/OSEnvironment
instanceKlass jdk/internal/misc/Signal$NativeHandler
instanceKlass java/util/Hashtable$Entry
instanceKlass jdk/internal/misc/Signal
instanceKlass java/lang/Terminator$1
instanceKlass jdk/internal/misc/Signal$Handler
instanceKlass java/lang/Terminator
instanceKlass java/nio/ByteOrder
instanceKlass java/nio/Buffer$1
instanceKlass jdk/internal/access/JavaNioAccess
instanceKlass jdk/internal/misc/ScopedMemoryAccess
instanceKlass java/nio/charset/CodingErrorAction
instanceKlass sun/nio/cs/SingleByte
instanceKlass java/lang/StringUTF16
instanceKlass sun/nio/cs/MS1252$Holder
instanceKlass sun/nio/cs/ArrayEncoder
instanceKlass java/nio/charset/CharsetEncoder
instanceKlass java/lang/reflect/Modifier
instanceKlass java/lang/Class$1
instanceKlass java/lang/Class$Atomic
instanceKlass java/lang/Class$ReflectionData
instanceKlass jdk/internal/util/ArraysSupport
instanceKlass java/nio/charset/StandardCharsets
instanceKlass sun/nio/cs/HistoricallyNamedCharset
instanceKlass sun/security/action/GetPropertyAction
instanceKlass java/lang/ThreadLocal
instanceKlass java/nio/charset/spi/CharsetProvider
instanceKlass java/nio/charset/Charset
instanceKlass java/io/Writer
instanceKlass java/io/OutputStream
instanceKlass java/io/Flushable
instanceKlass java/io/FileDescriptor$1
instanceKlass jdk/internal/access/JavaIOFileDescriptorAccess
instanceKlass java/io/FileDescriptor
instanceKlass jdk/internal/util/StaticProperty
instanceKlass java/util/HashMap$HashIterator
instanceKlass java/lang/Integer$IntegerCache
instanceKlass java/lang/CharacterData
instanceKlass java/util/Arrays
instanceKlass java/lang/VersionProps
instanceKlass java/lang/StringConcatHelper
instanceKlass jdk/internal/misc/VM
instanceKlass jdk/internal/util/SystemProps$Raw
instanceKlass jdk/internal/util/SystemProps
instanceKlass java/lang/System$2
instanceKlass jdk/internal/access/JavaLangAccess
instanceKlass java/lang/ref/Reference$1
instanceKlass jdk/internal/access/JavaLangRefAccess
instanceKlass java/lang/ref/ReferenceQueue$Lock
instanceKlass java/lang/ref/ReferenceQueue
instanceKlass jdk/internal/reflect/ReflectionFactory
instanceKlass jdk/internal/reflect/ReflectionFactory$GetReflectionFactoryAction
instanceKlass java/security/PrivilegedAction
instanceKlass java/util/concurrent/locks/LockSupport
instanceKlass java/util/concurrent/ConcurrentHashMap$Node
instanceKlass java/util/concurrent/ConcurrentHashMap$CounterCell
instanceKlass java/util/concurrent/locks/ReentrantLock
instanceKlass java/util/concurrent/locks/Lock
instanceKlass java/lang/Runtime
instanceKlass java/util/HashMap$Node
instanceKlass java/util/KeyValueHolder
instanceKlass java/util/Map$Entry
instanceKlass java/util/ImmutableCollections$MapN$MapNIterator
instanceKlass java/lang/Math
instanceKlass jdk/internal/reflect/Reflection
instanceKlass java/lang/invoke/MethodHandles$Lookup
instanceKlass java/lang/StringLatin1
instanceKlass java/security/Permission
instanceKlass java/security/Guard
instanceKlass java/lang/invoke/MemberName$Factory
instanceKlass java/lang/invoke/MethodHandles
instanceKlass jdk/internal/access/SharedSecrets
instanceKlass java/lang/reflect/ReflectAccess
instanceKlass jdk/internal/access/JavaLangReflectAccess
instanceKlass java/util/ImmutableCollections
instanceKlass java/util/Objects
instanceKlass java/util/Set
instanceKlass jdk/internal/misc/CDS
instanceKlass java/lang/Module$ArchivedData
instanceKlass java/lang/String$CaseInsensitiveComparator
instanceKlass java/util/Comparator
instanceKlass java/io/ObjectStreamField
instanceKlass jdk/internal/vm/vector/VectorSupport$VectorPayload
instanceKlass jdk/internal/vm/vector/VectorSupport
instanceKlass java/lang/reflect/RecordComponent
instanceKlass java/util/Iterator
instanceKlass java/lang/Number
instanceKlass java/lang/Character
instanceKlass java/lang/Boolean
instanceKlass java/util/concurrent/locks/AbstractOwnableSynchronizer
instanceKlass java/lang/LiveStackFrame
instanceKlass java/lang/StackFrameInfo
instanceKlass java/lang/StackWalker$StackFrame
instanceKlass java/lang/StackStreamFactory$AbstractStackWalker
instanceKlass java/lang/StackWalker
instanceKlass java/nio/Buffer
instanceKlass java/lang/StackTraceElement
instanceKlass java/util/RandomAccess
instanceKlass java/util/List
instanceKlass java/util/AbstractCollection
instanceKlass java/util/Collection
instanceKlass java/lang/Iterable
instanceKlass java/util/concurrent/ConcurrentMap
instanceKlass java/util/AbstractMap
instanceKlass java/security/CodeSource
instanceKlass jdk/internal/loader/ClassLoaders
instanceKlass java/util/jar/Manifest
instanceKlass java/net/URL
instanceKlass java/io/InputStream
instanceKlass java/io/Closeable
instanceKlass java/lang/AutoCloseable
instanceKlass jdk/internal/module/Modules
instanceKlass jdk/internal/misc/Unsafe
instanceKlass jdk/internal/misc/UnsafeConstants
instanceKlass java/lang/AbstractStringBuilder
instanceKlass java/lang/Appendable
instanceKlass java/lang/AssertionStatusDirectives
instanceKlass java/lang/invoke/MethodHandleNatives$CallSiteContext
instanceKlass jdk/internal/invoke/NativeEntryPoint
instanceKlass java/lang/invoke/CallSite
instanceKlass java/lang/invoke/MethodType
instanceKlass java/lang/invoke/TypeDescriptor$OfMethod
instanceKlass java/lang/invoke/LambdaForm
instanceKlass java/lang/invoke/MethodHandleNatives
instanceKlass java/lang/invoke/ResolvedMethodName
instanceKlass java/lang/invoke/MemberName
instanceKlass java/lang/invoke/VarHandle
instanceKlass java/lang/invoke/MethodHandle
instanceKlass jdk/internal/reflect/CallerSensitive
instanceKlass java/lang/annotation/Annotation
instanceKlass jdk/internal/reflect/FieldAccessor
instanceKlass jdk/internal/reflect/ConstantPool
instanceKlass jdk/internal/reflect/ConstructorAccessor
instanceKlass jdk/internal/reflect/MethodAccessor
instanceKlass jdk/internal/reflect/MagicAccessorImpl
instanceKlass java/lang/reflect/Parameter
instanceKlass java/lang/reflect/Member
instanceKlass java/lang/reflect/AccessibleObject
instanceKlass java/lang/Module
instanceKlass java/util/Map
instanceKlass java/util/Dictionary
instanceKlass java/lang/ThreadGroup
instanceKlass java/lang/Thread$UncaughtExceptionHandler
instanceKlass java/lang/Thread
instanceKlass java/lang/Runnable
instanceKlass java/lang/ref/Reference
instanceKlass java/lang/Record
instanceKlass java/security/AccessController
instanceKlass java/security/AccessControlContext
instanceKlass java/security/ProtectionDomain
instanceKlass java/lang/SecurityManager
instanceKlass java/lang/Throwable
instanceKlass java/lang/System
instanceKlass java/lang/ClassLoader
instanceKlass java/lang/Cloneable
instanceKlass java/lang/Class
instanceKlass java/lang/invoke/TypeDescriptor$OfField
instanceKlass java/lang/invoke/TypeDescriptor
instanceKlass java/lang/reflect/Type
instanceKlass java/lang/reflect/GenericDeclaration
instanceKlass java/lang/reflect/AnnotatedElement
instanceKlass java/lang/String
instanceKlass java/lang/constant/ConstantDesc
instanceKlass java/lang/constant/Constable
instanceKlass java/lang/CharSequence
instanceKlass java/lang/Comparable
instanceKlass java/io/Serializable
ciInstanceKlass java/lang/Object 1 1 92 100 1 10 12 1 1 10 7 12 1 1 1 10 100 12 1 1 1 10 12 1 1 8 1 10 12 1 1 10 100 12 1 1 1 10 12 1 10 12 1 1 100 1 8 1 10 12 1 3 8 1 100 1 5 0 1 1 1 1 1 1 1 1 1 1 1 1 1 1 1 1 7 1 1 1 7 1 1 1 1 1 1 1 7 1 1 1 1 1 1 1
ciMethod java/lang/Object equals (Ljava/lang/Object;)Z 768 0 7473 0 -1
ciMethod java/lang/Object hashCode ()I 768 0 384 0 -1
ciInstanceKlass java/lang/Class 1 1 1611 10 7 12 1 1 1 9 7 12 1 1 1 9 12 1 1 7 1 10 10 12 1 1 8 1 10 12 1 8 1 8 1 10 12 1 1 10 12 1 1 10 12 1 10 10 12 1 10 12 1 1 10 12 1 1 10 7 12 1 1 10 12 1 10 12 1 10 12 1 8 1 10 12 1 8 1 10 12 1 8 1 8 1 10 12 1 1 10 100 12 1 1 1 18 12 1 1 11 100 12 1 1 1 8 1 8 1 8 1 10 100 12 1 1 1 11 12 1 1 7 1 8 1 10 12 1 11 100 12 1 1 1 10 12 1 1 11 8 1 18 8 1 10 12 1 10 7 12 1 1 10 7 12 1 1 1 10 12 1 1 10 7 12 1 1 1 9 7 12 1 1 1 10 100 12 1 1 1 10 7 12 1 1 1 10 12 1 1 18 12 1 1 10 7 12 1 1 1 10 7 12 1 1 10 12 1 1 10 7 1 100 1 10 12 1 1 9 12 1 1 100 1 8 1 10 12 1 10 12 1 1 10 12 1 1 10 7 12 1 1 1 7 1 10 12 1 7 1 100 1 10 10 12 1 1 10 12 1 1 100 1 10 100 12 1 1 1 10 12 1 1 10 12 1 1 9 12 1 1 10 12 1 10 12 1 10 12 1 1 9 12 1 1 9 12 1 1 10 12 1 1 10 7 1 10 12 1 10 12 1 10 12 1 1 10 9 12 1 10 12 1 8 1 10 12 1 1 10 12 1 1 10 12 1 10 12 1 1 10 12 1 1 10 12 1 1 9 7 12 1 1 1 10 7 12 1 1 10 12 10 12 1 10 12 1 1 10 100 12 1 1 10 12 1 10 12 1 1 10 100 12 1 1 1 10 12 1 10 12 1 1 10 12 1 10 12 1 10 12 1 1 10 7 1 10 10 10 12 1 1 10 12 1 1 10 12 10 12 1 1 100 1 8 1 10 10 12 1 1 10 12 1 100 1 11 12 1 10 100 12 1 1 10 12 1 10 12 1 10 100 12 1 1 10 10 12 1 1 8 1 10 12 1 10 12 1 1 8 1 9 12 1 10 12 1 10 12 1 10 12 1 10 12 100 1 9 12 1 10 12 1 9 12 1 10 12 1 10 12 1 10 12 1 10 10 12 1 10 12 1 10 12 1 10 12 1 10 12 1 10 12 1 100 1 10 12 1 10 12 1 1 10 12 1 1 10 12 1 1 10 12 1 1 10 12 1 1 10 12 1 1 7 1 10 10 12 1 1 10 12 1 1 10 12 1 1 10 10 12 1 10 12 1 1 10 12 1 1 10 12 1 1 10 12 1 1 7 1 10 10 12 11 100 12 1 1 10 12 1 1 10 12 1 10 7 12 1 1 1 10 12 1 1 10 10 12 1 1 100 1 10 10 12 1 1 10 100 12 1 1 1 100 1 100 1 10 12 1 1 10 12 1 10 10 12 1 1 10 12 1 10 12 1 10 12 1 10 100 12 1 1 1 11 7 12 1 1 10 12 1 10 12 1 9 12 1 10 12 1 1 10 12 1 9 12 1 1 7 1 10 9 12 1 1 10 12 7 1 10 12 1 9 12 1 10 100 12 1 1 1 10 12 1 10 12 1 10 100 12 1 1 1 10 12 1 10 12 10 12 1 1 100 1 10 8 1 10 12 1 11 11 12 1 1 11 7 12 1 1 11 12 1 8 1 10 12 1 10 12 1 1 9 12 1 9 12 1 1 10 7 12 1 1 9 12 1 10 12 1 1 10 10 12 1 10 7 12 1 1 1 10 7 12 1 1 10 7 12 1 1 9 12 1 1 10 12 1 9 12 1 10 12 1 10 12 1 1 9 12 1 1 9 12 1 10 12 1 10 12 1 1 9 12 1 100 1 10 10 12 1 1 7 1 10 12 1 1 100 11 100 1 9 12 1 1 9 12 1 100 1 10 12 1 9 12 1 1 9 12 1 10 12 1 10 12 1 1 9 12 1 7 1 10 10 12 1 1 10 10 12 1 1 10 12 10 10 12 1 9 12 1 10 12 1 1 10 7 12 1 1 1 10 12 1 1 10 12 1 8 10 7 8 1 18 8 1 8 1 10 12 1 9 12 1 9 12 1 1 10 12 1 7 1 100 1 10 12 1 9 12 1 1 7 1 10 10 12 1 10 7 1 9 12 1 8 1 10 12 1 7 1 10 12 1 10 12 1 1 9 12 1 100 1 8 1 10 7 1 4 10 10 12 11 7 12 1 1 1 10 12 1 100 1 10 12 1 1 10 8 1 8 1 10 12 1 1 9 7 12 1 1 11 12 7 1 11 7 12 1 1 9 12 1 10 100 12 1 1 1 10 7 12 1 1 10 12 1 1 9 12 1 9 10 12 1 1 10 12 1 1 10 12 1 1 10 12 1 1 10 12 1 1 11 12 1 7 1 11 12 1 10 7 12 1 1 1 10 12 1 7 1 11 12 1 10 7 12 1 1 1 10 12 1 10 11 12 1 11 12 1 1 10 12 1 10 12 1 1 9 12 1 1 9 100 12 1 1 10 12 1 10 100 12 1 1 1 10 12 1 1 10 12 1 10 12 1 10 12 1 10 7 12 1 1 1 10 12 1 8 1 10 12 1 10 12 1 10 12 1 10 100 12 1 1 1 11 100 12 1 1 1 10 12 1 1 10 12 1 18 12 1 1 11 12 1 1 18 11 12 1 18 12 1 11 12 1 10 12 1 1 10 12 1 10 12 1 10 12 10 12 1 8 1 10 12 1 7 1 9 12 1 1 100 1 100 1 100 1 100 1 100 1 1 1 3 1 3 1 3 1 1 1 1 1 1 1 5 0 1 1 1 1 1 1 1 1 1 1 1 1 1 1 1 1 1 1 1 1 1 1 1 100 1 1 1 1 1 1 1 100 1 1 1 1 1 1 100 1 1 1 1 1 1 1 1 1 1 1 1 1 1 1 1 1 1 1 1 1 1 1 1 1 1 1 1 1 1 1 1 1 1 1 1 1 1 100 1 1 1 1 1 1 1 1 1 1 1 1 1 1 1 1 1 1 1 1 1 1 1 1 1 1 1 1 100 1 1 1 1 1 1 1 1 1 1 1 1 1 1 1 1 1 1 1 1 1 1 1 1 1 1 1 1 1 1 1 1 1 1 1 1 1 1 1 1 1 1 1 1 1 1 1 1 1 1 1 1 1 100 1 100 1 1 1 1 1 1 1 1 1 1 1 1 1 1 1 1 1 1 1 1 1 1 1 1 1 1 1 1 1 1 1 1 1 1 1 1 1 1 1 1 1 1 1 1 1 1 1 1 1 1 1 1 1 1 1 1 1 1 1 1 1 1 1 100 1 1 1 1 1 1 1 1 1 1 1 1 1 1 1 1 1 1 1 1 1 1 1 1 1 1 1 1 1 1 1 1 1 1 1 1 1 1 1 1 1 1 1 1 1 1 1 1 1 1 1 1 1 1 1 1 1 1 1 1 1 1 1 1 1 1 1 1 15 10 100 12 1 1 1 16 15 10 12 16 15 11 12 16 1 16 15 16 15 10 12 16 16 15 10 12 16 15 16 1 15 10 12 16 1 1 1 1 1 1 1 1 100 1 1 100 1 100 1 1 100 1 100 1 1
staticfield java/lang/Class EMPTY_CLASS_ARRAY [Ljava/lang/Class; 0 [Ljava/lang/Class;
staticfield java/lang/Class serialPersistentFields [Ljava/io/ObjectStreamField; 0 [Ljava/io/ObjectStreamField;
ciInstanceKlass java/io/Serializable 1 0 7 100 1 100 1 1 1
instanceKlass jdk/internal/vm/vector/VectorSupport$VectorShuffle
instanceKlass jdk/internal/vm/vector/VectorSupport$VectorMask
instanceKlass jdk/internal/vm/vector/VectorSupport$Vector
ciInstanceKlass jdk/internal/vm/vector/VectorSupport$VectorPayload 0 0 32 10 100 12 1 1 1 9 100 12 1 1 1 10 100 12 1 1 1 1 1 1 1 1 1 1 1 1 1 1 1 1
ciInstanceKlass jdk/internal/vm/vector/VectorSupport$VectorShuffle 0 0 28 10 100 12 1 1 1 100 1 1 1 1 1 1 1 1 1 1 1 1 1 1 1 100 1 1 1 1
ciInstanceKlass jdk/internal/vm/vector/VectorSupport$VectorMask 0 0 28 10 100 12 1 1 1 100 1 1 1 1 1 1 1 1 1 1 1 1 1 1 1 100 1 1 1 1
ciInstanceKlass jdk/internal/vm/vector/VectorSupport$Vector 0 0 28 10 100 12 1 1 1 100 1 1 1 1 1 1 1 1 1 1 1 1 1 1 1 100 1 1 1 1
ciInstanceKlass jdk/internal/vm/vector/VectorSupport 0 0 487 100 1 10 100 12 1 1 1 9 12 1 1 10 12 1 1 100 1 10 12 1 11 100 12 1 1 1 11 100 12 1 1 1 11 100 12 1 1 11 100 12 1 1 1 11 100 1 100 1 10 12 1 1 11 100 12 1 1 11 100 12 1 1 100 1 11 100 12 1 1 11 100 12 1 1 11 100 12 1 1 1 11 100 12 1 1 1 11 100 12 1 1 1 11 100 12 1 1 1 100 1 10 12 1 1 11 100 12 1 1 100 1 11 100 12 1 1 11 100 12 1 1 11 100 12 1 1 11 100 1 100 1 9 12 1 1 10 100 12 1 1 11 100 12 1 1 10 12 1 1 10 100 12 1 1 1 10 12 1 10 12 1 1 10 12 1 1 1 1 1 3 1 3 1 3 1 3 1 3 1 3 1 3 1 3 1 3 1 3 1 3 1 3 1 3 1 3 1 3 1 3 1 3 1 3 1 3 1 3 1 3 1 3 1 3 1 3 1 3 1 3 1 3 1 3 1 3 1 3 1 3 1 3 1 3 1 3 1 3 1 3 1 3 1 3 1 3 1 1 1 1 1 3 1 1 1 1 1 1 3 1 1 1 1 1 1 1 1 1 1 1 1 1 1 1 1 1 1 1 1 1 1 1 1 1 1 1 1 1 1 1 1 1 1 1 1 1 1 1 1 1 1 1 1 1 1 1 1 1 1 1 1 1 1 1 1 1 1 1 1 1 1 1 1 1 1 1 1 1 1 1 1 1 1 1 1 1 1 1 1 1 1 1 1 1 1 1 1 1 1 1 1 1 1 1 1 1 1 1 1 1 1 1 1 1 1 1 1 1 1 1 1 1 1 1 1 1 1 1 1 1 1 1 1 1 1 1 1 1 1 1 1 1 1 1 1 1 1 1 1 1 1 1 1 1 1 1 1 1 1 1 1 1 1 1 1 1 1 1 1 1 1 1 1 1 1 1 1 1 1 1 1 1 1 1 1 1 1 1 1 1 1 1 1 1 1 1 1 1 1 1 1 1 1 1 1 1 1 1 100 1 100 1 1 1 1 1 1 1 1 1 1 1 1 1 1 1 1 1 1 1 1 1 1 1 1
ciInstanceKlass java/lang/reflect/RecordComponent 0 0 196 10 100 12 1 1 1 9 100 12 1 1 1 9 12 1 1 9 12 1 10 12 1 1 10 12 1 1 10 100 12 1 1 1 10 12 1 1 9 12 1 1 10 12 1 1 10 12 1 1 10 12 1 10 100 12 1 1 10 100 12 1 1 9 12 1 1 10 100 12 1 1 1 11 100 12 1 1 1 10 9 100 12 1 1 1 10 100 12 1 1 1 9 12 1 1 10 100 12 1 1 1 10 12 1 1 11 100 12 1 1 10 100 12 1 1 100 1 9 12 1 9 12 1 1 9 12 1 10 100 12 1 1 1 10 12 1 1 10 12 1 1 100 1 10 10 12 1 10 12 1 1 8 1 10 12 1 10 12 1 9 12 1 100 1 1 1 1 1 1 1 1 1 1 1 1 1 1 1 1 1 1 1 1 1 1 100 1 1 1 1 1 1 100 1 1
ciInstanceKlass java/util/Iterator 1 1 53 100 1 8 1 10 12 1 1 10 7 12 1 1 1 11 7 12 1 1 1 11 12 1 1 11 7 12 1 1 1 100 1 1 1 1 1 1 1 1 1 1 1 1 1 1 1 1 1 1 1 1 1
instanceKlass com/google/wireless/android/sdk/stats/ProductDetails$CpuArchitecture
instanceKlass com/android/tools/analytics/Environment$SystemProperty
instanceKlass sun/security/ssl/Alert$Level
instanceKlass sun/security/ssl/Alert
instanceKlass java/lang/Thread$State
instanceKlass java/util/stream/MatchOps$MatchKind
instanceKlass javax/net/ssl/SSLEngineResult$HandshakeStatus
instanceKlass sun/security/ssl/Finished$VerifyDataScheme
instanceKlass sun/security/util/DomainName$Rule$Type
instanceKlass sun/security/util/RegisteredDomain$Type
instanceKlass java/time/Month
instanceKlass sun/security/validator/CADistrustPolicy
instanceKlass jdk/internal/icu/util/CodePointTrie$ValueWidth
instanceKlass jdk/internal/icu/util/CodePointTrie$Type
instanceKlass java/text/Normalizer$Form
instanceKlass sun/security/ssl/SSLTrafficKeyDerivation$KeySchedule
instanceKlass sun/security/ssl/SSLTrafficKeyDerivation
instanceKlass sun/security/ssl/SSLSecretDerivation$SecretSchedule
instanceKlass sun/security/ssl/ContentType
instanceKlass sun/security/ssl/SSLKeyExchange$T12KeyAgreement
instanceKlass sun/security/ssl/PskKeyExchangeModesExtension$PskKeyExchangeMode
instanceKlass sun/security/ssl/ECPointFormatsExtension$ECPointFormat
instanceKlass sun/security/ssl/CertStatusExtension$CertStatusRequestType
instanceKlass sun/security/ssl/SSLExtension
instanceKlass java/net/StandardProtocolFamily
instanceKlass sun/security/ssl/SignatureScheme$SigAlgParamSpec
instanceKlass sun/security/ssl/SignatureScheme
instanceKlass sun/security/ssl/ClientAuthType
instanceKlass sun/security/ssl/SSLHandshake
instanceKlass sun/net/www/protocol/http/HttpURLConnection$TunnelState
instanceKlass sun/util/logging/PlatformLogger$Level
instanceKlass java/security/DrbgParameters$Capability
instanceKlass java/lang/System$Logger$Level
instanceKlass sun/security/rsa/RSAUtil$KeyType
instanceKlass sun/security/ssl/NamedGroup
instanceKlass sun/security/ssl/NamedGroup$NamedGroupSpec
instanceKlass sun/security/ssl/CipherSuite$KeyExchange
instanceKlass sun/security/ssl/CipherSuite$MacAlg
instanceKlass sun/security/ssl/CipherSuite$HashAlg
instanceKlass sun/security/ssl/CipherType
instanceKlass sun/security/ssl/SSLCipher
instanceKlass sun/security/ssl/CipherSuite
instanceKlass java/security/CryptoPrimitive
instanceKlass java/time/temporal/ChronoUnit
instanceKlass java/time/temporal/ChronoField
instanceKlass sun/security/util/DisabledAlgorithmConstraints$Constraint$Operator
instanceKlass sun/security/ssl/ProtocolVersion
instanceKlass java/net/Proxy$Type
instanceKlass java/util/Locale$Category
instanceKlass sun/util/locale/provider/LocaleProviderAdapter$Type
instanceKlass jdk/internal/math/FormattedFloatingDecimal$Form
instanceKlass com/android/repository/Revision$PreviewComparison
instanceKlass com/android/repository/Revision$Precision
instanceKlass java/lang/constant/DirectMethodHandleDesc$Kind
instanceKlass java/lang/invoke/VarHandle$VarHandleDesc$Kind
instanceKlass sun/security/util/KnownOIDs
instanceKlass java/util/Comparators$NaturalOrderComparator
instanceKlass com/sun/org/apache/xerces/internal/impl/XMLScanner$NameType
instanceKlass com/sun/org/apache/xerces/internal/util/Status
instanceKlass javax/xml/catalog/CatalogFeatures$Feature
instanceKlass com/sun/org/apache/xerces/internal/utils/XMLSecurityPropertyManager$Property
instanceKlass com/sun/org/apache/xerces/internal/utils/XMLSecurityPropertyManager$State
instanceKlass com/sun/org/apache/xerces/internal/utils/XMLSecurityManager$NameMap
instanceKlass jdk/xml/internal/JdkProperty$State
instanceKlass com/sun/org/apache/xerces/internal/utils/XMLSecurityManager$Limit
instanceKlass javax/xml/bind/annotation/XmlAccessOrder
instanceKlass com/sun/xml/bind/v2/model/core/ID
instanceKlass com/sun/xml/bind/v2/model/core/PropertyKind
instanceKlass com/sun/xml/bind/v2/model/impl/ClassInfoImpl$PropertyGroup
instanceKlass com/sun/xml/bind/v2/model/impl/ClassInfoImpl$SecondaryAnnotation
instanceKlass javax/xml/bind/annotation/XmlAccessType
instanceKlass java/util/stream/Collector$Characteristics
instanceKlass jdk/internal/logger/BootstrapLogger$LoggingBackend
instanceKlass java/util/stream/StreamShape
instanceKlass java/util/stream/StreamOpFlag$Type
instanceKlass java/util/stream/StreamOpFlag
instanceKlass com/android/sdklib/repository/legacy/descriptors/PkgType
instanceKlass java/math/RoundingMode
instanceKlass com/android/sdklib/repository/legacy/remote/internal/DownloadCache$Strategy
instanceKlass com/android/prefs/VariableType
instanceKlass com/android/prefs/Global
instanceKlass java/lang/annotation/RetentionPolicy
instanceKlass javax/xml/bind/annotation/XmlNsForm
instanceKlass java/util/regex/Pattern$Qtype
instanceKlass com/android/utils/StdLogger$Level
instanceKlass java/nio/file/AccessMode
instanceKlass java/lang/invoke/MethodHandles$Lookup$ClassOption
instanceKlass java/lang/invoke/VarHandle$AccessType
instanceKlass java/lang/invoke/VarHandle$AccessMode
instanceKlass java/lang/invoke/MethodHandleImpl$Intrinsic
instanceKlass java/lang/invoke/LambdaForm$BasicType
instanceKlass java/lang/invoke/LambdaForm$Kind
instanceKlass sun/invoke/util/Wrapper
instanceKlass java/util/concurrent/TimeUnit
instanceKlass java/nio/file/LinkOption
instanceKlass sun/nio/fs/WindowsPathType
instanceKlass java/nio/file/StandardOpenOption
instanceKlass java/io/File$PathStatus
instanceKlass java/lang/module/ModuleDescriptor$Requires$Modifier
instanceKlass java/lang/module/ModuleDescriptor$Modifier
ciInstanceKlass java/lang/Enum 1 1 188 9 7 12 1 1 1 9 12 1 1 10 7 12 1 1 1 10 12 1 1 100 1 10 10 12 1 1 10 12 1 100 1 10 10 7 12 1 1 10 12 1 1 18 12 1 1 10 100 12 1 1 1 10 12 1 1 11 7 12 1 1 1 100 1 8 1 10 12 1 100 1 100 1 10 8 1 10 12 1 1 10 12 1 1 8 1 10 12 1 10 100 1 8 1 10 10 12 1 1 10 100 12 1 1 1 100 1 100 1 100 1 1 1 1 1 1 1 1 1 1 1 1 1 1 1 1 1 1 1 1 1 1 1 1 1 1 1 1 1 1 1 1 1 1 1 1 1 1 1 1 1 100 1 100 1 1 100 1 1 1 1 1 1 1 1 1 1 1 15 10 100 12 1 1 1 16 15 10 12 16 1 1 100 1 100 1 1
ciInstanceKlass java/lang/System 1 1 803 10 100 12 1 1 1 9 7 12 1 1 1 10 12 1 10 12 1 1 10 12 1 1 10 12 1 9 12 1 1 10 7 12 1 1 1 11 100 12 1 1 1 10 100 12 1 1 1 10 12 1 1 10 12 1 1 100 1 8 1 10 12 1 10 100 12 1 1 1 10 7 12 1 1 1 18 12 1 1 10 100 12 1 1 1 100 1 10 12 1 1 10 100 12 1 1 1 10 12 1 10 7 12 1 1 1 9 100 12 1 1 1 10 100 12 1 1 1 11 7 12 1 1 1 10 12 1 1 10 7 12 1 1 1 100 1 10 10 12 1 1 8 1 10 12 1 8 1 10 12 1 9 12 1 1 8 1 10 7 12 1 1 1 10 12 1 1 100 1 8 1 10 9 12 1 1 8 1 10 12 1 1 10 100 12 1 1 1 8 1 10 12 1 100 1 10 12 1 8 1 10 12 1 10 12 1 1 100 1 10 12 10 12 1 9 12 1 1 9 12 1 1 10 7 12 1 1 1 10 7 12 1 1 1 10 12 1 1 10 12 1 10 12 1 10 7 12 1 1 1 10 12 1 100 1 100 1 8 1 10 12 1 10 12 1 1 7 1 10 12 1 100 1 8 1 10 10 12 1 100 1 8 1 10 8 1 10 7 12 1 1 8 1 10 12 100 1 8 1 10 10 12 1 1 10 7 12 1 1 1 100 1 18 12 1 100 1 9 100 12 1 1 1 10 12 1 100 1 10 12 1 1 10 12 1 1 10 7 12 1 1 1 10 12 1 1 10 12 1 10 12 1 10 12 1 1 10 12 1 7 1 10 12 1 10 12 1 100 1 10 12 1 10 7 12 1 1 1 100 1 8 1 10 9 12 1 9 12 1 10 12 1 10 100 12 1 1 10 12 1 10 12 1 1 8 1 10 12 1 1 8 1 11 12 1 10 12 11 12 1 1 11 7 12 1 1 1 11 7 12 1 1 11 12 1 1 7 1 11 12 1 10 12 1 8 1 10 12 1 1 8 1 8 1 8 1 8 1 11 12 1 10 12 1 10 12 1 10 12 1 10 7 12 1 1 8 1 7 1 9 7 12 1 1 1 10 12 1 7 1 9 12 10 9 12 7 1 10 12 8 1 10 12 1 1 8 1 10 7 12 1 1 10 12 1 10 7 12 1 1 1 10 12 1 1 10 7 12 1 1 1 10 12 10 7 12 1 1 1 9 12 1 1 100 1 8 1 10 12 1 1 10 7 12 1 1 1 7 1 10 12 1 1 8 1 10 8 1 8 1 8 1 8 1 10 10 7 12 1 1 10 12 1 1 10 12 1 1 10 12 1 1 10 12 1 10 100 12 1 1 1 10 100 1 8 1 10 10 10 12 1 1 10 12 1 1 8 1 10 12 1 8 1 10 12 1 10 12 1 1 7 1 10 10 12 1 10 12 1 9 12 1 1 1 3 1 3 1 1 1 1 1 1 1 1 1 1 1 1 100 1 1 100 1 1 1 1 1 1 1 1 1 1 1 100 1 100 1 1 1 1 1 1 1 1 1 1 1 1 1 1 1 1 1 1 1 1 1 1 1 1 1 1 1 1 1 1 1 1 1 1 1 1 1 1 1 1 1 1 1 1 1 1 1 1 1 1 1 1 1 1 1 1 1 1 100 1 1 1 1 1 1 1 1 1 1 1 1 1 1 1 1 1 1 1 1 1 1 1 1 1 1 1 1 1 1 1 1 1 100 1 1 15 10 100 12 1 1 1 16 15 10 12 1 1 16 15 10 12 16 1 1 1 1 1 1 1 100 1 100 1 1
staticfield java/lang/System in Ljava/io/InputStream; java/io/BufferedInputStream
staticfield java/lang/System out Ljava/io/PrintStream; java/io/PrintStream
staticfield java/lang/System err Ljava/io/PrintStream; java/io/PrintStream
instanceKlass jdk/internal/reflect/DelegatingClassLoader
instanceKlass java/security/SecureClassLoader
ciInstanceKlass java/lang/ClassLoader 1 1 1098 9 7 12 1 1 1 10 7 12 1 1 1 9 12 1 1 10 7 12 1 1 1 7 1 10 12 1 1 10 12 1 1 9 12 1 1 10 12 1 1 100 1 10 12 1 10 12 1 1 10 7 12 1 1 1 100 1 8 1 10 12 1 10 7 12 1 1 1 10 100 12 1 10 7 1 10 7 1 7 1 7 1 10 12 1 10 12 1 9 12 1 1 10 10 7 12 1 1 1 9 12 1 1 9 12 1 9 12 1 1 9 12 1 9 12 1 1 9 12 1 1 7 1 10 12 1 9 12 1 1 10 12 1 1 10 7 12 1 1 1 9 12 1 9 12 1 1 9 12 1 10 12 1 1 9 12 10 12 1 1 7 1 10 8 1 10 12 1 1 10 12 1 10 7 1 7 1 10 12 1 1 10 7 12 1 1 1 8 1 10 12 1 10 12 1 10 12 1 1 10 12 1 1 10 12 1 1 10 12 1 1 10 12 1 1 10 12 1 100 1 10 12 1 10 100 12 1 1 1 10 12 1 1 10 12 1 10 12 1 10 12 1 10 12 1 10 12 1 1 10 10 12 1 10 12 1 10 100 12 1 1 10 12 1 1 10 12 1 1 10 12 1 100 1 10 12 1 100 1 10 12 1 10 100 12 1 1 1 10 10 12 1 1 10 12 1 1 100 1 8 1 10 8 1 10 12 1 10 12 1 100 1 8 1 10 12 1 1 10 12 1 1 10 10 12 1 1 10 12 1 1 10 12 1 1 10 7 1 10 12 1 1 10 12 1 1 10 12 1 1 10 12 1 1 10 12 1 1 10 12 1 1 10 12 1 10 7 12 1 1 1 10 12 1 10 12 1 10 12 1 1 10 12 1 10 12 1 10 12 1 10 12 1 1 10 12 1 10 12 1 1 8 1 9 12 1 10 12 1 1 8 1 8 1 10 7 12 1 1 100 1 10 10 12 10 12 1 10 12 1 10 12 1 10 12 1 1 10 7 12 1 1 10 12 1 10 7 1 7 1 10 12 1 1 10 12 1 10 7 1 10 12 1 100 1 18 12 1 10 100 12 1 1 1 10 100 12 1 1 1 10 7 12 1 1 10 12 1 1 10 12 1 10 12 1 1 100 1 10 12 1 10 12 1 1 10 7 12 1 1 10 12 1 8 1 100 1 10 10 12 1 9 12 1 10 7 12 1 1 10 12 1 100 1 8 1 10 12 1 10 8 1 8 1 10 12 1 1 10 12 1 1 10 12 1 1 10 100 12 1 1 1 100 1 100 1 10 12 1 1 100 1 100 1 10 100 12 1 1 10 12 1 10 12 1 1 10 12 1 10 12 1 1 10 12 1 1 9 100 12 1 1 1 10 12 1 1 10 12 1 10 12 1 10 12 1 1 10 12 1 8 1 10 12 1 7 1 18 12 1 1 10 12 1 1 10 12 1 10 12 1 10 12 1 8 1 10 12 1 10 12 1 18 12 1 11 100 12 1 1 1 100 1 10 12 1 1 10 12 1 10 11 12 1 1 10 18 10 12 1 1 11 100 12 1 18 12 1 11 12 1 1 10 12 10 12 1 1 10 12 1 1 100 1 8 1 10 10 12 1 8 1 8 1 10 100 12 1 1 10 12 1 100 1 10 10 12 1 8 1 8 1 8 1 10 12 1 10 12 1 1 10 12 1 10 100 12 1 1 1 11 100 12 1 1 100 1 10 11 10 12 1 10 12 1 10 12 1 1 9 100 12 1 1 9 12 1 1 9 12 9 12 1 9 12 1 9 12 1 8 10 12 1 1 10 7 12 1 1 1 10 12 1 1 10 12 1 1 10 12 1 10 10 12 1 11 12 1 1 10 100 12 1 1 1 100 1 10 12 1 10 12 1 10 12 1 1 1 1 1 1 1 1 1 1 1 1 1 1 1 1 1 1 1 1 1 1 1 1 1 1 1 1 100 1 1 1 1 1 1 1 1 1 1 1 1 1 1 1 1 1 1 1 1 1 100 1 1 1 1 1 1 1 1 1 1 100 1 1 1 1 1 1 1 1 1 1 1 1 1 1 1 1 1 1 1 1 1 1 1 1 1 1 1 1 1 1 1 1 1 1 1 1 1 1 1 1 1 100 1 1 1 1 1 1 1 1 1 1 1 1 1 1 1 1 1 1 100 1 1 1 1 1 1 1 1 1 1 1 1 1 1 1 1 1 1 1 1 1 1 1 1 1 1 1 1 1 1 1 1 1 1 1 1 1 1 1 1 1 1 1 1 1 1 1 1 1 1 1 100 1 1 1 1 1 1 1 1 1 1 1 1 1 1 1 1 1 1 1 1 1 1 1 1 1 1 1 1 1 1 1 1 1 1 1 1 1 1 1 1 1 1 1 1 1 1 15 10 100 12 1 1 1 16 1 15 10 12 16 1 16 15 10 12 16 1 16 1 15 10 12 16 15 10 12 16 15 10 12 16 1 1 100 1 100 1 1
staticfield java/lang/ClassLoader nocerts [Ljava/security/cert/Certificate; 0 [Ljava/security/cert/Certificate;
staticfield java/lang/ClassLoader $assertionsDisabled Z 1
ciInstanceKlass jdk/internal/reflect/DelegatingClassLoader 1 1 18 10 7 12 1 1 1 100 1 1 1 1 1 1 1 1 1 1
instanceKlass jdk/internal/loader/BuiltinClassLoader
ciInstanceKlass java/security/SecureClassLoader 1 1 102 10 7 12 1 1 1 7 1 10 12 1 9 7 12 1 1 1 10 12 1 10 12 1 10 12 1 1 10 12 1 1 10 12 1 7 1 10 7 1 10 12 1 7 1 10 12 1 11 7 12 1 1 1 7 1 11 12 1 10 12 1 1 1 1 1 1 1 1 1 1 1 1 1 1 1 1 1 1 1 1 1 1 1 1 1 1 1 1 1 1 1 1 1 1 1 1 100 1 1 1 1
instanceKlass jdk/internal/loader/ClassLoaders$BootClassLoader
instanceKlass jdk/internal/loader/ClassLoaders$PlatformClassLoader
instanceKlass jdk/internal/loader/ClassLoaders$AppClassLoader
ciInstanceKlass jdk/internal/loader/BuiltinClassLoader 1 1 737 9 7 12 1 1 1 10 7 12 1 1 1 10 7 12 1 1 1 9 12 1 1 9 12 1 1 7 1 10 12 1 9 12 1 10 12 1 9 12 1 10 7 12 1 1 1 10 7 12 1 1 1 10 7 12 1 1 1 11 7 12 1 1 1 100 1 100 1 10 10 12 1 1 8 1 10 12 1 10 12 7 1 10 12 1 10 12 1 1 11 7 12 1 1 1 11 7 12 1 1 1 11 12 1 1 7 1 8 1 8 1 10 9 12 1 1 10 7 12 1 1 11 12 1 1 10 12 1 1 10 12 1 1 10 12 1 1 10 7 12 1 1 1 10 12 1 10 100 12 1 1 1 10 12 1 1 11 7 12 1 1 1 10 7 12 1 1 7 1 10 7 12 1 1 1 10 12 1 100 1 8 1 10 12 1 1 10 8 1 10 12 1 1 10 12 1 1 10 12 1 1 11 7 12 1 1 11 12 1 7 1 10 11 12 1 1 11 10 12 1 1 7 1 10 12 1 10 7 12 1 10 12 1 7 1 10 12 1 10 7 12 1 1 1 100 1 10 12 1 1 11 12 1 100 1 100 1 10 12 1 10 12 1 1 100 1 100 1 10 12 1 10 12 1 18 12 1 1 10 12 1 10 12 1 1 18 100 1 10 7 12 1 1 1 7 1 10 10 12 1 1 10 12 1 1 10 12 1 1 10 12 1 9 12 1 1 100 1 10 10 12 1 1 10 12 1 1 10 12 1 10 12 10 12 1 1 10 12 1 1 10 12 1 1 10 12 1 10 12 1 1 18 12 1 7 1 10 12 1 1 10 12 1 10 12 1 1 10 12 1 100 1 10 12 1 7 1 10 12 1 10 7 12 1 1 1 10 12 1 11 12 1 7 1 10 12 1 7 1 100 1 10 12 1 10 12 1 11 12 1 1 10 12 1 1 10 12 1 1 10 12 1 1 10 12 1 1 10 12 1 10 12 1 10 12 1 10 12 1 8 1 10 12 1 1 10 7 12 1 1 10 12 1 100 1 8 1 8 1 10 10 12 1 8 1 8 1 10 7 12 1 1 1 11 7 12 1 1 1 9 7 12 1 1 1 10 7 12 1 1 1 9 12 1 9 12 1 9 12 1 9 12 1 9 12 1 9 12 1 10 7 12 1 1 1 8 1 10 12 1 7 1 10 12 1 1 10 12 1 7 1 10 11 12 1 1 10 12 10 12 1 10 12 1 100 1 10 12 1 10 12 1 10 10 12 1 10 7 12 1 1 8 1 10 7 12 1 1 10 12 1 1 1 1 1 1 1 1 1 1 1 1 1 1 1 1 1 1 1 1 1 1 1 1 1 1 1 1 1 1 1 1 1 1 1 1 1 1 1 1 1 1 1 1 1 1 1 1 1 1 1 1 1 1 1 1 100 1 1 1 1 1 1 1 1 1 1 1 1 1 1 1 1 1 1 100 1 100 1 1 1 1 1 1 1 1 1 1 1 1 1 1 1 1 1 1 1 1 1 1 1 1 1 1 1 1 1 1 1 1 1 1 1 1 1 1 1 1 1 1 1 1 1 1 1 1 1 1 1 100 1 1 15 10 100 12 1 1 1 16 15 10 12 16 15 10 12 16 15 10 12 16 1 1 1 100 1 1 1 1 1 100 1 100 1 1
staticfield jdk/internal/loader/BuiltinClassLoader packageToModule Ljava/util/Map; java/util/concurrent/ConcurrentHashMap
staticfield jdk/internal/loader/BuiltinClassLoader $assertionsDisabled Z 1
ciInstanceKlass java/security/AccessController 1 1 295 10 100 12 1 1 1 10 7 12 1 1 1 10 7 12 1 1 1 10 12 1 1 10 12 1 1 10 7 12 1 1 1 10 12 1 1 10 12 1 10 12 1 1 10 12 1 100 1 8 1 10 12 1 10 12 1 10 12 1 1 10 12 1 7 1 7 1 10 12 1 1 10 12 1 10 12 1 10 12 1 1 10 7 12 1 1 1 10 12 1 1 9 100 12 1 1 1 10 100 12 1 1 1 10 12 1 10 12 1 9 100 12 1 1 1 10 12 1 10 12 1 1 9 12 1 1 10 100 1 10 11 7 12 1 1 1 10 7 12 1 1 11 7 1 7 1 10 12 1 10 12 1 10 12 1 8 1 10 12 1 1 8 1 10 100 12 1 1 1 8 1 100 1 10 10 12 1 1 10 12 1 10 7 12 1 1 1 10 12 1 8 1 10 100 12 1 1 8 1 8 1 10 12 1 8 1 10 12 1 10 12 1 1 10 12 1 1 1 1 1 1 1 1 1 1 1 1 1 1 1 1 1 1 1 1 1 1 1 1 1 1 1 1 100 1 1 1 1 1 1 1 1 1 1 1 1 1 1 1 1 1 1 1 1 1 1 1 1 1 1 1 1 1 1 1 1 1 1 100 1 100 1 1 1 1 1 1 1 1 1 3 1 1 1
staticfield java/security/AccessController $assertionsDisabled Z 1
instanceKlass jdk/internal/reflect/GeneratedConstructorAccessor54
instanceKlass jdk/internal/reflect/GeneratedConstructorAccessor53
instanceKlass jdk/internal/reflect/GeneratedConstructorAccessor52
instanceKlass jdk/internal/reflect/GeneratedConstructorAccessor51
instanceKlass jdk/internal/reflect/GeneratedConstructorAccessor50
instanceKlass jdk/internal/reflect/GeneratedConstructorAccessor49
instanceKlass jdk/internal/reflect/GeneratedConstructorAccessor48
instanceKlass jdk/internal/reflect/GeneratedConstructorAccessor47
instanceKlass jdk/internal/reflect/GeneratedConstructorAccessor46
instanceKlass jdk/internal/reflect/GeneratedConstructorAccessor45
instanceKlass jdk/internal/reflect/GeneratedConstructorAccessor44
instanceKlass jdk/internal/reflect/GeneratedConstructorAccessor43
instanceKlass jdk/internal/reflect/GeneratedConstructorAccessor42
instanceKlass jdk/internal/reflect/GeneratedConstructorAccessor41
instanceKlass jdk/internal/reflect/GeneratedConstructorAccessor40
instanceKlass jdk/internal/reflect/GeneratedConstructorAccessor39
instanceKlass jdk/internal/reflect/GeneratedConstructorAccessor38
instanceKlass jdk/internal/reflect/GeneratedConstructorAccessor37
instanceKlass jdk/internal/reflect/GeneratedConstructorAccessor36
instanceKlass jdk/internal/reflect/GeneratedConstructorAccessor35
instanceKlass jdk/internal/reflect/GeneratedConstructorAccessor34
instanceKlass jdk/internal/reflect/GeneratedConstructorAccessor33
instanceKlass jdk/internal/reflect/GeneratedConstructorAccessor32
instanceKlass jdk/internal/reflect/GeneratedConstructorAccessor31
instanceKlass jdk/internal/reflect/GeneratedConstructorAccessor30
instanceKlass jdk/internal/reflect/GeneratedConstructorAccessor29
instanceKlass jdk/internal/reflect/GeneratedConstructorAccessor28
instanceKlass jdk/internal/reflect/GeneratedConstructorAccessor27
instanceKlass jdk/internal/reflect/GeneratedConstructorAccessor26
instanceKlass jdk/internal/reflect/GeneratedConstructorAccessor25
instanceKlass jdk/internal/reflect/GeneratedConstructorAccessor24
instanceKlass jdk/internal/reflect/GeneratedConstructorAccessor23
instanceKlass jdk/internal/reflect/GeneratedConstructorAccessor22
instanceKlass jdk/internal/reflect/GeneratedConstructorAccessor21
instanceKlass jdk/internal/reflect/GeneratedConstructorAccessor20
instanceKlass jdk/internal/reflect/GeneratedConstructorAccessor19
instanceKlass jdk/internal/reflect/GeneratedConstructorAccessor18
instanceKlass jdk/internal/reflect/GeneratedConstructorAccessor17
instanceKlass jdk/internal/reflect/GeneratedConstructorAccessor16
instanceKlass jdk/internal/reflect/GeneratedConstructorAccessor15
instanceKlass jdk/internal/reflect/GeneratedConstructorAccessor14
instanceKlass jdk/internal/reflect/GeneratedConstructorAccessor13
instanceKlass jdk/internal/reflect/GeneratedConstructorAccessor12
instanceKlass jdk/internal/reflect/GeneratedConstructorAccessor11
instanceKlass jdk/internal/reflect/GeneratedConstructorAccessor10
instanceKlass jdk/internal/reflect/GeneratedConstructorAccessor9
instanceKlass jdk/internal/reflect/GeneratedConstructorAccessor8
instanceKlass jdk/internal/reflect/GeneratedConstructorAccessor7
instanceKlass jdk/internal/reflect/GeneratedConstructorAccessor6
instanceKlass jdk/internal/reflect/GeneratedConstructorAccessor5
instanceKlass jdk/internal/reflect/GeneratedConstructorAccessor4
instanceKlass jdk/internal/reflect/GeneratedConstructorAccessor3
instanceKlass jdk/internal/reflect/GeneratedConstructorAccessor2
instanceKlass jdk/internal/reflect/BootstrapConstructorAccessorImpl
instanceKlass jdk/internal/reflect/GeneratedConstructorAccessor1
instanceKlass jdk/internal/reflect/DelegatingConstructorAccessorImpl
instanceKlass jdk/internal/reflect/NativeConstructorAccessorImpl
ciInstanceKlass jdk/internal/reflect/ConstructorAccessorImpl 1 1 27 10 7 12 1 1 1 100 1 100 1 1 1 1 1 1 1 1 1 100 1 100 1 100 1 1 1
instanceKlass jdk/internal/reflect/FieldAccessorImpl
instanceKlass jdk/internal/reflect/ConstructorAccessorImpl
instanceKlass jdk/internal/reflect/MethodAccessorImpl
ciInstanceKlass jdk/internal/reflect/MagicAccessorImpl 1 1 16 10 7 12 1 1 1 100 1 1 1 1 1 1 1 1
instanceKlass jdk/internal/reflect/GeneratedMethodAccessor9
instanceKlass jdk/internal/reflect/GeneratedMethodAccessor8
instanceKlass jdk/internal/reflect/GeneratedMethodAccessor7
instanceKlass jdk/internal/reflect/GeneratedMethodAccessor6
instanceKlass jdk/internal/reflect/GeneratedMethodAccessor5
instanceKlass jdk/internal/reflect/GeneratedMethodAccessor4
instanceKlass jdk/internal/reflect/GeneratedMethodAccessor3
instanceKlass jdk/internal/reflect/GeneratedMethodAccessor2
instanceKlass jdk/internal/reflect/GeneratedMethodAccessor1
instanceKlass jdk/internal/reflect/DelegatingMethodAccessorImpl
instanceKlass jdk/internal/reflect/NativeMethodAccessorImpl
ciInstanceKlass jdk/internal/reflect/MethodAccessorImpl 1 1 25 10 7 12 1 1 1 100 1 100 1 1 1 1 1 1 1 1 1 100 1 100 1 1 1
ciInstanceKlass java/lang/Module 1 1 959 10 7 12 1 1 1 9 7 12 1 1 1 10 7 12 1 1 1 9 12 1 9 12 1 1 9 12 1 1 10 12 1 1 10 12 1 10 12 1 1 10 7 12 1 1 1 7 1 10 7 12 1 1 1 10 12 1 1 11 7 12 1 1 1 10 12 1 1 10 7 12 1 1 1 10 12 1 1 10 7 12 1 1 1 9 100 12 1 1 1 10 100 12 1 1 1 10 12 1 8 1 10 7 12 1 1 1 10 7 12 1 1 1 9 12 1 1 9 12 1 1 10 12 1 9 12 1 1 11 12 1 9 7 12 1 1 10 7 12 1 1 1 10 100 12 1 1 1 10 12 1 1 100 1 100 1 10 10 12 1 1 8 1 10 12 1 10 12 10 12 1 10 12 1 1 10 12 1 1 10 12 1 1 9 7 12 1 1 1 10 12 1 1 10 12 1 1 9 12 1 10 12 1 10 12 1 9 12 1 1 11 7 12 1 1 10 12 1 1 9 12 1 9 12 1 10 12 1 10 12 1 100 1 8 1 10 10 12 1 1 10 12 1 8 1 10 12 1 1 8 1 8 1 10 12 1 1 10 12 1 10 12 1 1 18 12 1 1 10 12 1 1 11 12 1 9 12 1 11 12 10 100 12 1 1 100 1 8 1 10 7 1 11 12 1 1 10 12 1 10 12 1 10 12 1 1 11 12 1 1 11 7 12 1 1 11 12 1 1 9 12 1 11 12 1 10 12 1 1 10 12 1 1 9 12 1 10 12 10 7 12 1 1 10 7 12 1 1 10 7 1 18 12 1 1 11 100 12 1 1 1 18 12 1 11 12 1 1 10 100 12 1 1 1 11 12 1 1 10 7 12 1 1 4 7 1 11 12 1 7 1 7 1 10 10 7 12 1 1 1 10 11 7 12 1 8 1 10 10 12 1 1 10 7 12 1 1 10 12 1 10 12 1 7 1 10 12 1 10 11 12 1 1 10 12 10 12 1 1 9 12 1 100 1 10 10 12 1 1 11 100 1 10 12 1 1 11 12 1 10 10 12 1 11 10 12 1 1 10 12 1 1 10 12 1 1 10 7 12 1 1 10 12 1 10 12 1 1 10 10 12 1 1 10 12 1 18 12 1 11 12 1 18 12 1 10 12 1 10 12 1 10 12 7 1 10 12 1 10 12 1 10 12 1 9 12 1 7 1 10 10 10 10 12 1 10 12 1 10 12 1 10 12 1 1 10 12 1 1 10 12 1 9 12 1 18 12 1 1 10 100 12 1 1 1 100 1 8 1 10 12 1 1 10 12 1 1 10 100 12 1 1 100 1 10 12 1 1 100 1 8 1 100 1 10 100 1 100 1 3 10 12 1 100 1 10 12 1 10 12 1 1 10 12 1 1 100 1 10 12 1 10 12 1 1 100 1 100 1 10 12 8 1 10 12 1 1 10 12 1 1 10 100 12 1 1 10 12 1 1 10 12 1 10 12 10 12 1 1 100 1 10 10 12 1 1 10 100 12 1 1 1 100 1 8 1 10 12 1 1 10 100 12 1 1 8 1 10 12 1 8 1 10 12 1 10 12 10 12 1 8 1 10 10 100 12 1 1 7 1 10 10 12 1 10 7 12 1 1 9 12 1 9 12 1 9 12 1 9 12 1 10 12 11 12 1 10 12 1 100 1 1 1 1 1 1 1 1 1 1 1 1 1 1 1 1 100 1 1 1 1 1 1 1 1 1 1 1 1 1 1 1 1 1 1 1 1 1 1 1 1 1 1 1 1 1 1 1 1 1 1 1 1 1 1 1 1 1 1 1 1 1 1 1 1 1 1 1 1 1 1 1 1 1 1 1 1 1 1 1 1 1 1 1 1 1 1 1 1 1 1 1 1 1 1 1 1 1 1 1 100 100 1 1 1 1 1 1 1 1 1 1 1 1 1 1 1 1 1 1 1 1 1 1 1 1 1 1 1 1 1 1 1 1 1 1 100 1 100 1 100 1 1 1 1 1 1 1 1 1 1 1 1 1 1 1 1 1 1 1 1 1 1 1 1 1 1 1 1 15 10 7 12 1 1 1 16 15 10 12 16 16 15 10 12 16 16 15 10 16 1 15 10 12 16 1 15 10 12 16 1 16 15 10 12 16 1 1 1 1 1 1 1 100 1 100 1 1
staticfield java/lang/Module ALL_UNNAMED_MODULE Ljava/lang/Module; java/lang/Module
staticfield java/lang/Module ALL_UNNAMED_MODULE_SET Ljava/util/Set; java/util/ImmutableCollections$Set12
staticfield java/lang/Module EVERYONE_MODULE Ljava/lang/Module; java/lang/Module
staticfield java/lang/Module EVERYONE_SET Ljava/util/Set; java/util/ImmutableCollections$Set12
staticfield java/lang/Module $assertionsDisabled Z 1
instanceKlass com/sun/istack/FinalArrayList
ciInstanceKlass java/util/ArrayList 1 1 492 10 7 12 1 1 1 7 1 9 7 12 1 1 1 9 12 1 100 1 100 1 10 8 1 10 12 1 1 10 12 1 10 12 1 1 10 12 1 9 12 1 11 7 12 1 1 1 9 12 1 1 10 12 1 1 7 10 7 12 1 1 1 9 12 1 10 12 1 10 12 1 1 10 7 12 1 1 1 10 7 12 1 1 1 10 12 1 1 10 12 1 1 10 12 1 1 10 12 1 10 12 1 1 100 1 100 1 10 12 1 10 7 12 1 1 1 10 7 12 1 1 10 12 1 10 12 10 12 1 1 10 12 1 1 10 12 1 1 100 1 10 12 1 1 10 12 1 1 10 12 1 100 1 10 11 12 1 1 11 100 12 1 1 1 11 12 1 10 12 1 10 12 1 10 12 1 1 100 1 10 12 1 1 10 10 12 1 1 10 12 1 8 1 8 1 8 1 8 1 10 12 1 1 10 12 1 1 11 12 1 100 1 10 100 12 1 1 10 12 1 10 12 1 1 10 100 12 1 1 10 12 1 10 100 12 1 1 1 11 100 12 1 1 1 10 12 1 100 1 8 1 10 100 1 10 12 1 7 1 10 12 1 10 12 1 1 7 1 10 12 1 10 12 1 1 11 100 12 1 1 7 1 10 12 1 10 12 1 1 11 100 12 1 1 10 12 1 1 10 12 1 1 10 12 1 1 10 12 1 1 11 100 12 1 1 10 12 1 1 100 1 100 1 100 1 1 1 1 5 0 1 3 1 1 1 1 1 1 1 1 1 1 1 1 1 1 1 1 1 1 1 1 1 1 1 1 1 1 1 1 1 1 1 1 1 1 1 1 1 1 1 1 1 1 1 1 1 1 1 1 1 1 1 1 1 1 1 1 1 1 1 1 1 1 1 1 1 1 1 1 1 1 1 1 1 1 1 1 1 1 1 1 1 1 1 1 1 1 1 1 1 1 1 1 1 1 1 1 100 1 1 1 1 100 1 1 1 1 1 1 1 1 1 1 1 1 1 1 1 1 1 1 1 1 1 1 1 1 1 1 1 1 1 100 1 1 1 1 1 1 1 1 1 1 1 1 1 1 1 1 1 1 100 1 100 1 1 1 1 1 1
staticfield java/util/ArrayList EMPTY_ELEMENTDATA [Ljava/lang/Object; 0 [Ljava/lang/Object;
staticfield java/util/ArrayList DEFAULTCAPACITY_EMPTY_ELEMENTDATA [Ljava/lang/Object; 0 [Ljava/lang/Object;
ciInstanceKlass java/util/concurrent/ConcurrentHashMap 1 1 1210 7 1 7 1 3 10 12 1 1 3 100 1 10 7 12 1 1 1 100 1 10 100 12 1 1 1 100 1 11 12 1 1 11 12 1 11 12 1 1 9 12 1 1 9 12 1 1 9 12 1 10 7 12 1 1 1 7 1 10 12 1 1 10 12 1 1 10 7 12 1 1 1 4 10 12 1 9 12 1 10 12 1 1 100 1 10 5 0 10 12 1 10 12 1 1 5 0 10 12 1 1 10 12 1 9 12 1 1 10 12 1 1 9 12 1 9 12 1 1 10 12 1 1 9 12 1 10 12 1 1 9 12 1 1 10 12 1 1 100 1 10 100 1 10 12 1 10 12 1 1 10 12 1 1 10 12 1 1 10 12 1 10 12 1 1 10 12 1 1 100 1 10 12 1 1 7 1 100 1 8 1 10 12 1 10 12 1 1 10 12 1 1 11 7 12 1 1 10 12 1 1 11 12 1 1 11 7 12 1 1 1 11 7 12 1 1 1 11 12 1 7 1 11 12 1 11 12 1 10 12 1 1 10 12 1 1 9 12 1 1 10 100 12 1 1 1 9 10 12 1 1 9 12 1 10 12 1 1 5 0 9 12 1 1 7 1 10 12 1 9 12 1 1 7 1 10 12 1 9 12 1 7 1 10 100 1 10 10 12 1 1 8 1 10 12 1 10 12 1 1 11 100 1 10 12 1 10 100 12 1 1 1 8 1 10 100 12 1 1 1 8 1 10 12 1 8 1 10 12 1 10 12 1 1 10 100 12 1 1 10 12 1 10 12 1 10 12 1 9 12 1 9 10 12 1 9 12 1 1 11 100 12 1 1 1 11 100 12 1 1 1 100 1 10 12 11 100 12 1 1 10 11 7 12 1 10 12 1 100 1 10 12 1 100 1 10 10 9 7 12 1 1 1 10 12 3 10 100 12 1 1 9 12 1 10 12 1 1 9 12 1 1 9 12 1 10 12 1 1 10 7 12 1 1 9 12 1 9 7 12 1 1 10 12 1 1 10 12 1 3 9 12 1 9 12 1 10 12 1 1 7 1 9 3 9 12 1 100 1 10 12 1 9 12 1 10 12 1 9 12 1 10 12 1 9 12 1 10 100 12 1 1 1 100 10 12 1 100 1 5 0 10 100 12 1 1 100 1 10 12 1 1 10 12 1 10 12 1 100 1 10 12 1 10 100 1 100 1 10 10 12 1 10 100 1 10 12 1 10 100 1 10 12 1 10 100 1 10 12 1 1 100 1 10 12 1 10 10 12 1 100 1 10 12 1 10 10 12 1 100 1 10 12 1 10 100 1 10 12 1 10 100 1 10 12 1 10 100 1 10 12 1 10 100 1 10 12 1 10 100 1 10 12 1 10 100 1 10 12 1 10 100 1 10 12 1 10 100 1 10 10 100 1 10 10 100 1 10 10 100 1 10 12 1 10 100 1 10 12 1 10 100 1 10 12 1 10 100 1 10 12 1 10 100 1 10 12 1 10 100 1 10 10 100 1 10 10 100 1 10 10 100 1 10 12 1 10 100 1 10 12 1 10 100 1 10 12 1 10 100 1 10 12 1 10 100 1 10 12 1 10 10 12 1 10 7 12 1 1 1 10 12 1 7 1 7 1 10 12 1 9 12 1 1 9 12 1 1 10 12 1 1 8 10 12 1 1 8 8 8 8 7 10 12 1 1 10 12 1 100 1 8 1 10 7 1 100 1 100 1 1 1 5 0 1 1 3 1 3 1 1 1 1 3 1 3 1 3 1 1 1 1 1 3 1 3 1 3 1 1 1 1 1 1 1 1 1 1 1 1 1 1 1 1 1 1 1 1 1 1 1 1 1 100 1 1 1 1 1 1 1 1 1 1 1 1 1 1 1 1 1 1 1 1 1 1 1 1 1 1 1 1 1 1 1 1 1 1 1 1 1 1 1 1 1 1 1 1 1 1 1 1 1 1 1 1 1 1 1 1 1 1 1 1 1 1 1 1 1 1 1 1 1 1 1 1 1 1 1 1 1 1 1 1 1 1 1 1 100 1 1 1 1 1 1 1 1 1 1 1 100 1 1 1 1 1 1 1 1 1 1 1 1 1 1 1 1 1 1 1 1 1 1 1 1 1 1 1 1 1 1 1 1 1 1 1 1 1 1 1 1 1 1 1 1 1 1 1 1 1 1 1 1 1 1 1 1 1 1 1 1 1 1 1 1 1 1 1 1 1 1 1 1 1 1 1 1 1 1 1 1 1 1 1 1 1 1 1 1 1 1 1 1 1 1 1 1 1 1 1 1 1 1 1 1 1 1 1 1 1 1 1 1 1 1 1 1 1 1 1 1 1 1 1 1 1 1 1 1 1 1 1 1 1 1 1 1 1 1 1 1 1 1 1 1 1 1 1 1 1 1 1 1 1 1 1 1 1 1 1 1 1 1 1 1 1 1 1 1 1 1 1 1 1 1 1 1 1 1 1 1 1 1 1 1 1 1 1 1 1 1 1 1 1 1 1 1 1 1 1 1 1 1 1 1 1 1 1 1 1 1 1 1 1 1 1 1 1 1 1 1 1 1 1 100 1 100 1 100 1 100 1 100 1 100 1 100 1 100 1 100 1 1 1 1 1 1 1 1 1 1 1 1 1 1 1 1 1 1 1 1 1 1 1 1 1 1 1 1 1 1 1 1 1 1 1 1 1 1 1 1 1 1 1 1 1 1 1 1 1 1 1 1 1 1 1 1 1 1
staticfield java/util/concurrent/ConcurrentHashMap NCPU I 4
staticfield java/util/concurrent/ConcurrentHashMap serialPersistentFields [Ljava/io/ObjectStreamField; 3 [Ljava/io/ObjectStreamField;
staticfield java/util/concurrent/ConcurrentHashMap U Ljdk/internal/misc/Unsafe; jdk/internal/misc/Unsafe
staticfield java/util/concurrent/ConcurrentHashMap SIZECTL J 20
staticfield java/util/concurrent/ConcurrentHashMap TRANSFERINDEX J 32
staticfield java/util/concurrent/ConcurrentHashMap BASECOUNT J 24
staticfield java/util/concurrent/ConcurrentHashMap CELLSBUSY J 36
staticfield java/util/concurrent/ConcurrentHashMap CELLVALUE J 144
staticfield java/util/concurrent/ConcurrentHashMap ABASE I 16
staticfield java/util/concurrent/ConcurrentHashMap ASHIFT I 2
ciInstanceKlass java/lang/String 1 1 1396 10 7 12 1 1 1 8 1 9 7 12 1 1 1 9 12 1 1 9 12 1 1 10 12 1 10 12 1 1 10 12 1 1 9 12 1 1 10 7 12 1 1 1 10 7 1 10 7 12 1 1 1 10 12 1 1 10 12 1 1 10 12 1 10 12 1 1 10 12 1 10 7 12 1 1 1 9 7 12 1 1 1 10 7 12 1 1 1 10 12 1 1 10 12 1 1 10 12 1 1 10 12 1 1 10 12 1 1 9 7 12 1 1 10 12 9 7 12 1 1 3 10 7 12 1 1 1 7 1 11 12 1 1 11 12 1 11 12 1 1 10 100 12 1 1 1 10 12 1 1 9 100 12 1 1 1 10 12 1 1 10 12 1 11 12 1 1 10 12 1 1 10 12 10 12 1 1 10 100 12 1 1 1 10 7 12 1 1 1 10 12 1 1 10 12 1 10 12 1 1 100 1 10 12 1 1 100 1 100 1 10 12 1 1 10 12 1 1 10 12 1 100 1 100 1 100 1 10 12 1 10 12 1 1 10 12 1 1 10 12 1 10 12 1 1 10 12 1 1 10 7 12 1 1 7 1 11 10 12 1 10 12 11 12 1 11 12 1 10 12 1 1 10 12 1 1 10 10 100 12 1 1 1 10 100 12 1 1 10 12 1 1 10 100 12 1 1 10 12 1 10 12 1 1 10 12 1 100 1 10 10 12 1 1 10 12 1 10 12 1 10 12 1 1 100 1 10 12 1 1 10 12 10 12 1 10 12 1 1 10 100 12 1 1 1 10 12 1 10 12 1 1 10 12 1 10 12 1 3 3 10 12 1 10 12 1 1 10 12 1 1 10 12 1 1 10 12 1 10 12 1 1 10 12 1 1 10 12 1 10 12 1 10 12 1 10 12 1 1 10 12 1 10 12 1 10 12 1 10 12 1 10 12 1 10 12 1 10 100 1 10 8 1 10 12 1 1 10 12 1 8 1 10 12 1 1 10 12 10 12 1 8 1 10 10 12 1 1 10 12 1 1 10 12 1 10 12 1 1 10 12 10 100 1 10 10 12 1 10 12 1 10 12 1 10 10 12 1 10 12 1 1 10 12 1 100 1 10 10 12 1 100 1 10 10 12 1 10 12 1 1 10 12 1 10 12 1 1 10 10 12 1 1 10 100 1 10 10 12 1 10 12 1 1 10 12 1 1 10 100 1 10 12 1 10 12 1 10 12 1 10 12 1 1 10 12 1 11 7 1 11 12 10 12 1 10 12 1 1 10 12 1 1 10 10 12 1 10 12 1 9 12 1 1 11 7 12 1 1 1 10 10 12 1 10 12 1 1 10 10 12 1 10 12 1 10 12 1 1 9 12 1 10 12 1 1 10 10 12 1 1 10 12 10 10 12 1 10 12 10 10 12 10 10 12 1 10 12 1 10 12 10 10 12 10 12 1 10 12 10 12 10 10 12 1 10 12 1 1 10 12 1 10 10 12 1 10 7 12 1 1 1 10 12 1 1 10 10 7 12 1 1 1 11 10 12 1 10 12 1 1 10 12 1 1 10 7 12 1 1 1 10 12 1 10 10 12 1 10 12 1 10 12 1 10 100 12 1 1 10 12 1 100 1 100 1 8 1 10 10 10 12 1 8 1 10 12 1 3 3 7 1 10 10 12 1 10 12 1 10 12 1 1 10 12 1 1 11 7 12 1 1 1 7 1 10 12 1 1 10 12 1 10 12 1 1 10 12 1 1 8 1 10 12 1 1 10 12 1 11 100 12 1 1 1 11 100 12 1 1 11 12 1 1 10 12 1 10 12 1 1 10 10 7 12 1 1 1 10 12 1 10 12 1 10 10 12 10 12 1 1 10 10 12 1 10 10 12 1 10 10 12 1 10 10 12 1 10 12 1 1 10 10 12 1 8 1 10 12 1 1 18 12 1 1 11 100 12 1 1 1 100 1 3 18 12 1 18 12 1 8 1 10 100 12 1 1 1 11 12 1 1 10 12 10 10 12 1 10 11 12 1 1 10 12 1 1 11 12 1 18 3 11 10 12 1 11 11 10 12 1 10 12 1 1 8 1 10 12 1 10 12 1 10 12 1 1 10 10 12 1 11 100 12 1 7 1 100 1 10 12 1 7 1 10 10 7 12 1 1 1 100 1 10 7 1 10 10 12 1 10 10 12 1 8 1 10 10 12 1 8 1 8 1 10 12 1 10 12 1 10 10 12 10 100 12 1 1 10 100 12 1 1 10 100 12 1 1 8 1 10 12 1 10 12 1 1 10 10 12 8 1 8 1 10 8 1 8 1 8 1 8 1 10 12 1 10 12 1 8 1 10 100 12 1 1 1 10 12 10 12 1 1 10 12 10 10 12 10 12 7 1 9 12 1 1 7 1 10 100 1 100 1 100 1 100 1 1 1 1 1 1 5 0 1 1 1 1 1 3 1 3 1 1 1 1 1 1 1 1 1 1 1 1 1 1 1 100 1 1 1 100 1 1 1 1 1 1 1 1 1 1 1 1 1 1 1 1 1 1 1 1 1 1 1 1 1 100 1 1 1 1 1 1 1 1 1 100 1 1 1 1 1 1 1 1 1 1 1 1 1 1 1 1 1 1 1 1 1 1 1 1 1 1 1 1 1 1 1 1 1 1 1 1 1 1 1 1 1 1 1 1 1 1 1 1 1 1 1 1 1 1 1 1 1 1 1 1 1 1 1 1 1 1 1 1 1 1 1 1 1 1 1 1 1 1 1 1 1 1 1 1 1 1 1 1 1 1 1 1 1 1 1 1 1 1 1 1 1 1 1 1 1 1 1 1 1 1 1 1 1 1 1 1 1 1 1 1 1 1 1 1 1 1 1 1 1 1 1 1 1 1 1 1 1 1 1 1 1 1 1 1 1 1 1 1 1 1 1 1 1 1 1 1 1 1 1 1 1 1 1 1 1 1 1 1 1 1 1 100 1 1 1 1 1 1 1 1 1 1 1 1 1 1 1 1 1 1 1 1 1 1 1 1 100 1 1 1 1 1 1 1 1 1 1 1 1 1 100 1 1 1 1 1 1 1 1 1 1 1 1 1 1 1 15 10 100 12 1 1 1 16 15 10 12 16 15 10 12 15 10 12 15 10 12 1 1 1 1 100 1 100 1 1 1
staticfield java/lang/String COMPACT_STRINGS Z 1
staticfield java/lang/String serialPersistentFields [Ljava/io/ObjectStreamField; 0 [Ljava/io/ObjectStreamField;
staticfield java/lang/String CASE_INSENSITIVE_ORDER Ljava/util/Comparator; java/lang/String$CaseInsensitiveComparator
ciInstanceKlass java/security/ProtectionDomain 1 1 324 10 7 12 1 1 1 9 7 12 1 1 1 7 1 10 9 12 1 1 9 12 1 1 9 12 1 1 10 7 12 1 1 7 1 9 12 1 9 12 1 1 7 1 9 12 1 1 9 12 1 10 100 12 1 1 10 100 12 1 1 1 10 12 1 1 10 12 1 9 12 1 9 100 12 1 1 10 12 1 1 10 100 1 10 12 1 1 8 1 100 1 8 1 10 12 1 10 10 100 12 1 1 1 10 12 1 1 8 1 11 8 1 10 12 1 8 1 8 1 10 12 1 1 10 12 1 10 12 1 1 10 12 1 8 1 10 12 1 8 1 8 1 10 100 12 1 1 1 9 100 12 1 1 1 10 12 1 1 9 100 12 1 1 1 10 100 12 1 1 1 100 1 100 1 10 12 1 10 100 12 1 1 1 10 100 1 10 12 1 10 12 1 1 11 100 12 1 1 11 12 1 100 1 11 100 12 1 1 1 10 12 1 10 11 12 1 1 11 12 1 1 10 12 1 10 7 12 1 1 10 100 12 1 1 11 12 1 10 12 8 1 8 1 10 7 12 1 1 1 7 1 10 10 7 12 1 1 1 1 1 1 1 1 1 1 100 1 1 100 1 1 1 1 1 1 1 1 1 1 1 1 1 1 1 1 1 1 1 1 1 1 1 1 1 1 1 1 1 1 1 1 1 1 1 1 1 1 1 1 1 1 100 1 1 1 1 1 100 1 1 1 1 1
staticfield java/security/ProtectionDomain filePermCompatInPD Z 0
ciInstanceKlass java/security/CodeSource 1 1 395 10 7 12 1 1 1 9 7 12 1 1 1 9 12 1 1 9 12 1 1 9 12 1 1 10 7 12 1 1 1 9 12 1 1 10 100 12 1 1 10 100 10 100 12 1 1 1 10 100 12 1 1 1 10 12 1 1 100 1 10 10 100 12 1 1 1 10 100 12 1 1 1 10 12 1 1 10 12 1 100 1 10 12 1 1 10 12 1 1 10 12 1 1 10 12 1 10 10 10 12 1 1 10 100 12 1 1 1 10 12 1 10 12 1 10 12 1 8 1 10 12 1 10 12 1 10 12 1 1 10 12 1 8 1 10 12 1 1 10 100 1 10 10 12 1 1 8 1 10 12 1 10 12 1 10 12 1 8 1 8 1 9 12 1 1 100 1 8 1 10 12 1 10 12 1 1 8 1 10 12 1 8 1 8 1 8 1 10 100 12 1 1 10 12 1 1 10 12 1 10 12 1 1 10 12 1 1 10 12 1 1 100 1 100 1 10 12 1 10 12 10 12 1 1 10 100 12 1 1 10 12 1 100 1 10 12 10 8 1 10 12 1 10 12 1 10 12 1 1 100 1 10 12 1 1 100 1 100 1 8 1 8 1 10 10 12 1 1 10 100 12 1 1 1 100 1 10 12 10 12 1 1 11 100 12 1 1 10 10 12 1 11 10 12 1 8 1 100 1 10 12 1 10 12 1 1 10 12 1 11 12 1 1 11 100 1 1 1 1 5 0 1 1 1 1 1 1 1 1 1 1 1 1 1 1 1 1 1 1 1 1 1 1 1 1 1 1 1 1 1 1 1 1 1 1 1 1 1 1 1 1 1 1 1 1 1 1 1 1 1 1 1 1 1 1 1 1 1 1 1 1 1 1 1 1 1 100 1 1 1 1 1 1 1
ciInstanceKlass java/lang/StringBuilder 1 1 409 10 7 12 1 1 1 10 12 1 10 12 1 10 12 1 1 10 7 12 1 1 1 10 7 12 1 1 1 10 12 1 10 12 1 10 12 1 10 12 1 10 12 1 10 12 1 10 12 1 10 12 1 10 12 1 10 12 1 10 12 1 10 12 1 10 12 1 10 12 1 1 10 12 1 10 12 1 1 10 12 1 1 10 12 1 10 12 1 10 12 1 10 12 1 10 12 1 10 12 1 10 12 1 10 12 10 12 1 10 12 1 10 12 1 10 12 1 1 10 12 1 10 12 1 10 12 10 12 1 1 10 12 1 1 9 12 1 1 9 12 1 1 10 7 12 1 1 1 10 7 1 10 100 12 1 1 1 10 12 1 10 12 1 1 10 12 1 1 10 10 12 1 1 10 100 12 1 1 10 12 1 10 12 1 1 100 1 100 1 8 1 10 10 12 1 1 10 12 1 1 10 12 1 10 12 1 10 12 1 10 12 1 10 12 1 10 12 1 10 12 1 10 12 1 10 12 1 10 12 1 10 12 1 10 12 1 10 12 1 10 12 1 10 12 1 1 10 12 1 1 10 12 1 10 12 1 10 12 1 10 12 10 12 10 12 1 10 12 1 10 12 1 10 12 10 12 1 10 12 1 10 12 1 10 12 1 10 12 1 10 12 1 10 12 1 10 12 1 10 12 1 1 10 12 1 10 12 1 1 10 12 1 10 12 1 1 10 12 1 10 12 1 1 10 12 1 10 12 1 10 12 1 10 10 12 1 10 12 1 100 1 100 1 100 1 1 1 1 5 0 1 1 1 1 1 1 1 1 1 1 1 1 1 1 1 1 1 1 1 1 1 1 1 1 1 1 1 1 1 1 1 1 1 1 1 1 1 1 1 1 1 1 1 100 1 1 1 100 1 1 1 1 1 1 1 1 1 1
ciInstanceKlass jdk/internal/loader/ClassLoaders 1 1 183 10 100 12 1 1 1 10 7 12 1 1 1 10 12 1 1 10 100 12 1 1 1 9 7 12 1 1 1 9 12 1 1 9 12 1 1 7 1 11 100 12 1 1 1 100 1 11 12 1 1 11 12 1 1 10 100 12 1 1 1 10 100 12 1 1 1 100 1 100 1 10 7 12 1 1 1 9 12 1 1 10 12 1 1 7 1 10 12 1 1 10 12 1 7 1 8 1 10 7 12 1 1 1 10 12 1 1 7 1 10 12 1 10 12 1 10 12 1 8 1 10 7 12 1 1 8 1 8 1 10 12 1 7 1 10 12 1 10 12 1 10 12 1 1 1 1 1 1 1 1 1 1 1 1 1 1 1 1 1 1 1 1 100 1 1 1 1 1 1 1 1 1 1 1 1 1 1 1 1 1 1 1
staticfield jdk/internal/loader/ClassLoaders JLA Ljdk/internal/access/JavaLangAccess; java/lang/System$2
staticfield jdk/internal/loader/ClassLoaders BOOT_LOADER Ljdk/internal/loader/ClassLoaders$BootClassLoader; jdk/internal/loader/ClassLoaders$BootClassLoader
staticfield jdk/internal/loader/ClassLoaders PLATFORM_LOADER Ljdk/internal/loader/ClassLoaders$PlatformClassLoader; jdk/internal/loader/ClassLoaders$PlatformClassLoader
staticfield jdk/internal/loader/ClassLoaders APP_LOADER Ljdk/internal/loader/ClassLoaders$AppClassLoader; jdk/internal/loader/ClassLoaders$AppClassLoader
ciInstanceKlass jdk/internal/misc/Unsafe 1 1 1285 10 7 12 1 1 1 9 7 12 1 1 1 9 12 1 1 10 12 1 1 10 7 12 1 1 1 10 12 1 1 10 12 1 1 10 12 1 1 10 12 1 1 10 12 1 1 10 12 1 1 10 12 1 1 10 12 1 1 10 12 1 1 10 12 1 1 10 12 1 1 10 12 1 1 10 12 1 1 10 12 1 10 12 1 100 1 10 10 12 1 1 10 12 1 1 5 0 10 12 1 1 10 12 1 1 10 7 12 1 1 1 10 12 1 1 10 12 1 10 12 1 10 12 1 1 10 12 1 1 10 12 1 10 12 1 100 1 100 1 10 8 1 10 12 1 1 10 12 1 8 1 10 12 1 1 10 12 1 10 12 1 10 12 1 1 10 12 1 10 12 1 1 10 12 1 1 10 12 1 10 12 1 10 12 1 10 12 1 1 10 12 1 10 12 1 10 12 1 1 10 12 1 5 0 5 0 5 0 10 12 1 10 12 1 10 12 1 10 12 1 10 12 1 10 12 1 10 12 1 10 12 1 10 12 1 1 10 12 1 10 12 1 100 1 8 1 10 100 1 10 10 12 1 1 10 12 1 1 10 12 1 10 12 1 1 10 12 1 1 10 12 1 10 12 1 1 10 12 1 9 7 12 1 1 9 12 1 100 1 10 10 12 1 1 8 1 10 8 1 8 1 10 12 1 1 9 7 12 1 1 1 9 100 1 9 7 1 9 7 1 9 9 100 1 9 7 1 9 100 1 10 12 1 1 10 12 1 1 10 12 1 1 10 12 1 1 5 0 5 0 9 12 1 1 10 12 1 10 12 1 10 12 1 1 10 12 1 1 10 12 1 8 1 3 10 12 1 1 10 12 1 1 10 12 1 10 12 1 1 10 12 1 1 10 12 1 10 12 1 10 12 1 10 12 1 10 12 1 10 12 1 1 10 12 1 1 10 12 1 10 12 1 10 12 1 10 12 1 10 12 1 10 12 1 1 10 12 1 1 10 12 1 10 12 1 10 12 1 10 12 1 10 12 1 10 12 1 1 10 12 1 1 10 12 1 1 10 12 1 1 10 12 1 10 12 1 10 12 1 10 12 1 10 12 1 10 12 1 10 12 1 1 10 12 1 1 10 12 1 10 12 1 10 12 1 10 12 1 10 12 1 10 12 1 10 12 1 1 10 12 1 1 10 12 1 10 12 1 10 12 1 10 12 1 10 12 1 10 12 1 10 12 1 10 12 1 1 10 12 1 10 12 1 10 12 1 10 12 1 10 12 1 1 10 12 1 10 12 1 10 12 1 10 12 1 10 12 1 10 12 1 10 12 1 10 12 1 1 10 12 1 10 12 1 10 12 1 10 12 1 10 12 1 10 12 1 1 10 12 1 10 12 1 10 12 1 1 10 12 1 10 12 1 10 12 1 10 12 1 10 12 1 10 12 1 10 12 1 10 12 1 10 12 1 10 12 1 10 12 1 10 12 1 10 12 1 10 12 1 10 12 1 10 12 1 10 12 1 10 12 1 10 12 1 10 12 1 10 12 1 10 12 1 100 1 10 100 1 10 9 12 1 5 0 10 12 1 1 5 0 10 12 1 5 0 10 12 1 10 12 1 10 12 1 1 10 12 1 1 10 12 1 10 12 1 10 12 1 10 12 1 1 10 12 1 10 12 1 10 12 1 10 12 1 10 12 1 1 10 12 1 10 12 1 10 12 1 10 12 1 1 10 12 1 10 12 1 10 12 1 1 10 12 1 10 12 1 10 12 1 10 12 1 1 10 12 1 10 10 12 1 1 10 12 1 10 12 1 1 10 12 1 10 12 5 0 5 0 5 0 10 12 1 1 10 12 1 10 12 1 10 12 10 100 12 1 1 8 1 100 1 11 12 1 1 8 1 11 12 1 1 10 100 12 1 1 10 12 1 10 12 1 10 12 1 10 12 1 10 12 1 1 10 12 1 10 12 1 10 12 1 10 12 1 10 12 1 10 12 1 10 7 1 10 12 1 9 12 1 7 1 9 12 1 7 1 9 12 1 7 1 9 12 1 7 1 9 12 1 7 1 9 12 1 7 1 9 12 1 7 1 9 12 1 7 1 9 12 1 10 12 1 9 12 1 9 12 1 9 12 1 9 12 1 9 12 1 9 12 1 9 12 1 9 12 1 9 12 1 9 12 1 1 1 3 1 1 1 1 1 1 1 1 1 1 1 1 1 1 1 1 1 1 1 1 1 1 1 1 1 1 1 1 1 1 1 1 1 1 1 1 1 1 1 1 1 1 1 1 1 1 1 1 1 1 1 1 1 1 1 1 1 1 1 1 1 1 1 1 1 1 1 1 1 1 1 1 1 1 1 1 1 1 1 1 1 1 1 1 1 1 1 1 1 100 1 1 1 1 1 1 1 1 1 1 1 1 1 1 1 1 1 1 1 1 1 1 1 1 1 1 1 1 1 1 1 1 1 1 1 1 1 1 1 1 1 1 1 1 1 1 1 1 1 1 1 1 1 1 1 1 1 1 1 1 1 1 1 1 1 1 1 1 1 1 1 1 1 1 1 1 1 1 1 1 1 1 1 1 1 1 1 1 1 1 1 1 1 1 1 1 1 1 1 1 1 1 1 1 1 1 1 1 1 1 1 1 1 1 1 1 1 1 1 1 1 1 1 1 1 1 1 1 1 1 1 1 1 1 1 1 1 1 1 1 1 1 1 1 1 1 1 1 1 1 1 1 1 1 1 1 1 1 1 1 1 1 1 1 1 1 1 1 1 1 1 1 1 1 1 1 1 1 1 1 1 1 1 1 1 1 1 1 1 1 1 1 1 1 1 1 1 1 1 1 1 1 1 1 1 1 1 3 1 1 1 1 1 1 1 1 1 1 1 1 1 1 1 1 1 1 1 1 1
staticfield jdk/internal/misc/Unsafe theUnsafe Ljdk/internal/misc/Unsafe; jdk/internal/misc/Unsafe
staticfield jdk/internal/misc/Unsafe ARRAY_BOOLEAN_BASE_OFFSET I 16
staticfield jdk/internal/misc/Unsafe ARRAY_BYTE_BASE_OFFSET I 16
staticfield jdk/internal/misc/Unsafe ARRAY_SHORT_BASE_OFFSET I 16
staticfield jdk/internal/misc/Unsafe ARRAY_CHAR_BASE_OFFSET I 16
staticfield jdk/internal/misc/Unsafe ARRAY_INT_BASE_OFFSET I 16
staticfield jdk/internal/misc/Unsafe ARRAY_LONG_BASE_OFFSET I 16
staticfield jdk/internal/misc/Unsafe ARRAY_FLOAT_BASE_OFFSET I 16
staticfield jdk/internal/misc/Unsafe ARRAY_DOUBLE_BASE_OFFSET I 16
staticfield jdk/internal/misc/Unsafe ARRAY_OBJECT_BASE_OFFSET I 16
staticfield jdk/internal/misc/Unsafe ARRAY_BOOLEAN_INDEX_SCALE I 1
staticfield jdk/internal/misc/Unsafe ARRAY_BYTE_INDEX_SCALE I 1
staticfield jdk/internal/misc/Unsafe ARRAY_SHORT_INDEX_SCALE I 2
staticfield jdk/internal/misc/Unsafe ARRAY_CHAR_INDEX_SCALE I 2
staticfield jdk/internal/misc/Unsafe ARRAY_INT_INDEX_SCALE I 4
staticfield jdk/internal/misc/Unsafe ARRAY_LONG_INDEX_SCALE I 8
staticfield jdk/internal/misc/Unsafe ARRAY_FLOAT_INDEX_SCALE I 4
staticfield jdk/internal/misc/Unsafe ARRAY_DOUBLE_INDEX_SCALE I 8
staticfield jdk/internal/misc/Unsafe ARRAY_OBJECT_INDEX_SCALE I 4
staticfield jdk/internal/misc/Unsafe ADDRESS_SIZE I 8
ciInstanceKlass java/util/Map 1 1 259 11 7 12 1 1 1 11 12 1 1 10 100 12 1 1 11 12 1 1 11 7 12 1 1 1 11 100 12 1 1 1 11 12 1 1 7 1 11 12 1 11 12 1 100 1 100 1 10 12 1 1 11 100 12 1 1 1 11 100 12 1 1 1 11 12 1 11 12 1 10 12 1 1 11 12 1 11 100 12 1 9 7 12 1 1 1 100 1 10 12 7 1 7 1 10 12 1 7 1 10 7 1 11 12 1 1 7 1 11 12 1 1 1 1 1 1 1 1 1 1 1 1 1 1 1 1 1 1 1 1 1 1 1 1 1 1 1 1 1 1 1 1 1 1 1 1 1 1 1 1 1 1 1 1 1 1 1 1 1 1 1 1 1 1 1 1 1 1 1 1 1 1 1 1 1 1 1 1 1 1 1 1 1 1 1 1 1 1 1 1 1 1 1 1 1 1 1 1 1 1 1 1 1 1 1 1 1 1 1 1 1 1 1 1 1 1 1 1 1 1 1 1 1 1 1 1 1 1 1 1 1 1 1 1 1 1 1 1 1 100 1 1 1 1 1 1 1 1 1 1 1 1 1 1 1 1 1 1
ciInstanceKlass java/lang/ThreadGroup 1 1 293 10 7 12 1 1 1 9 7 12 1 1 1 8 1 9 12 1 1 7 1 9 12 1 9 12 1 1 10 12 1 1 10 12 1 1 10 12 1 10 12 1 1 10 12 1 9 12 1 1 10 12 1 1 10 12 1 9 12 1 10 100 12 1 1 1 9 12 1 9 12 1 1 10 7 12 1 1 1 100 10 12 1 1 10 7 12 1 1 1 10 100 12 1 9 12 1 10 12 1 1 10 12 1 1 9 12 1 1 10 12 1 1 10 12 1 10 12 1 10 12 1 1 10 12 1 1 10 12 1 10 12 1 10 10 12 1 10 12 1 10 100 1 10 10 12 1 10 12 1 10 12 1 7 10 12 1 9 12 1 1 10 12 1 1 8 1 10 100 12 1 1 1 10 12 1 1 10 12 1 1 10 12 1 1 11 100 1 100 1 9 12 1 100 1 10 8 1 10 12 1 1 10 12 1 1 8 1 10 12 1 10 100 12 1 1 1 10 12 1 1 10 100 1 8 1 10 8 1 10 12 1 8 1 1 1 1 1 1 1 1 1 1 1 1 1 1 1 1 1 3 1 1 1 1 1 1 1 1 1 1 1 1 1 1 1 1 1 1 1 1 1 1 1 1 1 1 1 1 1 1 1 1 1 1 1 1 1 1 1 1 1 1
instanceKlass java/security/Provider
ciInstanceKlass java/util/Properties 1 1 651 10 7 12 1 1 1 100 1 10 7 12 1 1 7 1 10 12 1 9 12 1 1 9 12 1 1 9 12 1 1 10 7 12 1 1 1 10 12 1 1 8 1 10 7 12 1 1 1 7 1 10 12 1 10 12 1 1 8 1 10 12 1 7 1 10 12 10 12 1 1 9 12 1 1 10 12 1 1 7 1 10 12 1 10 12 1 10 12 1 1 100 1 8 1 10 12 1 10 12 1 10 12 1 1 10 12 1 100 1 3 10 10 7 12 1 1 1 10 12 1 10 12 1 1 8 1 10 12 1 10 12 1 1 8 1 10 7 12 1 1 10 12 1 1 10 12 1 10 12 1 1 100 1 10 12 1 10 12 1 1 7 1 9 7 12 1 1 1 10 12 1 10 12 1 1 7 1 10 10 10 12 1 1 11 7 12 1 1 1 11 7 12 1 1 1 11 12 1 1 7 1 11 12 1 11 12 1 10 12 1 1 8 1 10 12 1 10 12 1 100 1 10 10 12 1 1 10 100 12 1 1 9 100 12 1 1 10 12 1 1 10 100 12 1 1 1 100 1 100 1 100 1 10 8 1 8 1 10 12 1 10 12 1 10 12 1 1 10 10 12 1 1 10 12 1 1 7 1 10 10 12 1 11 7 12 1 1 10 7 12 1 1 1 8 1 10 100 12 1 1 11 8 1 10 100 1 11 10 12 1 10 12 1 10 12 1 10 12 1 1 10 12 1 1 10 12 1 1 10 12 1 10 12 1 10 10 12 1 10 12 1 10 12 1 10 10 12 1 1 10 12 1 1 7 1 10 10 12 1 10 12 1 10 12 1 10 12 1 10 12 1 1 10 12 1 1 10 12 1 10 12 1 10 12 1 1 10 12 10 12 1 1 10 12 1 1 10 12 1 10 12 1 1 10 12 1 1 10 12 100 1 10 11 100 12 1 1 4 11 10 12 1 1 10 100 12 1 1 11 12 1 10 12 1 1 10 100 12 1 1 10 12 1 100 1 8 1 10 12 1 10 10 100 12 1 1 1 100 1 6 0 10 12 1 1 11 100 12 1 1 1 10 12 1 10 12 1 1 1 1 1 5 0 1 1 1 1 1 1 1 1 1 1 1 1 1 1 1 1 1 1 1 1 1 1 1 1 1 1 1 1 1 1 1 1 1 1 1 1 1 1 1 1 100 1 1 1 1 1 1 1 1 1 1 1 1 1 1 1 1 1 1 1 1 100 1 1 1 1 1 1 1 100 1 100 1 1 1 1 100 1 1 1 1 1 1 1 1 1 1 1 1 1 1 1 1 1 1 1 1 1 1 1 1 1 1 1 1 1 1 1 1 1 1 1 1 1 1 1 1 1 1 1 1 1 1 1 1 1 1 1 1 1 1 1 1 1 1 1 1 1 1 1 1 1 1 1 1 1 1 1 1 1 1 1 1 100 1 1 1 1 1 1 1 1 1 100 1 1 1
staticfield java/util/Properties UNSAFE Ljdk/internal/misc/Unsafe; jdk/internal/misc/Unsafe
instanceKlass java/util/Hashtable
ciInstanceKlass java/util/Dictionary 1 1 36 10 7 12 1 1 1 100 1 1 1 1 1 1 1 1 1 1 1 1 1 1 1 1 1 1 1 1 1 1 1 1 1 1 1 1
instanceKlass java/util/Properties
ciInstanceKlass java/util/Hashtable 1 1 512 100 1 10 7 12 1 1 1 9 7 12 1 1 1 100 1 100 1 10 8 1 10 12 1 1 10 12 1 10 12 1 1 10 12 1 10 7 12 1 1 1 8 1 10 12 1 9 12 1 1 7 1 9 12 1 1 4 10 7 12 1 1 1 9 12 1 4 10 12 1 11 100 12 1 1 1 10 12 1 1 10 12 1 1 9 12 1 10 12 1 1 100 1 10 9 12 1 1 10 7 12 1 1 1 9 12 1 1 10 12 1 10 12 1 3 9 12 1 9 12 1 3 10 12 1 10 12 1 10 12 1 1 11 12 1 1 11 100 12 1 1 1 11 100 12 1 1 1 11 12 1 100 1 11 12 1 11 12 1 10 12 1 1 10 12 1 1 10 12 1 9 12 1 1 9 12 9 12 1 1 10 100 1 100 1 10 12 1 10 8 1 10 10 12 1 8 1 10 8 1 10 100 12 1 1 1 7 1 10 12 1 10 12 1 100 1 10 12 1 10 12 1 1 100 1 10 100 1 10 10 12 1 1 11 12 1 1 11 12 1 100 1 10 10 10 100 12 1 1 11 100 12 1 1 1 100 1 10 11 100 12 1 1 11 100 12 1 10 12 1 10 12 1 1 10 100 12 1 1 10 12 1 1 10 12 1 1 10 12 1 1 10 100 12 1 1 1 8 10 100 12 1 1 100 1 8 1 10 4 10 12 4 10 12 1 8 1 10 12 10 100 12 1 1 1 100 1 11 100 12 1 1 1 10 100 12 1 1 1 10 12 1 10 12 1 1 10 100 1 100 1 1 1 1 1 1 5 0 1 1 1 1 1 3 1 3 1 3 1 1 1 1 1 1 1 1 1 1 1 1 1 1 1 1 1 1 1 1 1 1 1 1 1 100 1 1 1 1 1 1 1 1 1 1 1 1 1 1 1 1 1 1 1 1 1 1 1 1 1 1 1 1 1 100 1 1 1 1 1 1 1 1 1 1 1 1 1 1 1 1 1 1 1 1 1 1 1 1 1 1 1 1 1 1 1 1 1 1 1 1 1 1 1 1 1 1 1 1 1 1 1 1 1 1 1 1 1 1 1 1 1 1 100 1 1 1 100 1 1 1 1 1 100 1 1 1 1 1 1 1 1 1 1 1 1 1 1 1 1 1 1
instanceKlass sun/nio/ch/NioSocketImpl$1
instanceKlass java/net/Socket$SocketInputStream
instanceKlass sun/security/ssl/SSLSocketImpl$AppInputStream
instanceKlass com/sun/org/apache/xerces/internal/impl/XMLEntityManager$RewindableInputStream
instanceKlass sun/nio/ch/ChannelInputStream
instanceKlass java/util/zip/ZipFile$ZipFileInputStream
instanceKlass java/io/FilterInputStream
instanceKlass java/io/FileInputStream
instanceKlass java/io/ByteArrayInputStream
ciInstanceKlass java/io/InputStream 1 1 184 100 1 10 7 12 1 1 1 100 1 10 10 7 12 1 1 1 10 7 12 1 1 1 10 12 1 100 1 3 10 12 1 1 100 1 8 1 10 12 1 10 7 12 1 1 1 3 100 1 8 1 10 10 100 12 1 1 1 100 1 10 11 100 12 1 1 1 10 12 1 1 11 12 1 1 11 100 12 1 1 1 11 12 1 1 100 1 10 100 12 1 1 1 5 0 10 12 1 10 12 1 1 100 1 10 8 1 10 8 1 8 1 10 12 1 1 10 100 12 1 1 1 100 1 1 1 1 3 1 3 1 1 1 1 1 1 1 1 1 1 1 1 1 1 1 1 1 1 1 1 1 1 1 1 1 1 1 1 1 1 1 1 1 1 1 1 1 1 1 1 1 1 1 1 1 1 1 1 1 1 1 1 1
ciInstanceKlass java/io/ByteArrayInputStream 1 1 96 10 7 12 1 1 1 9 7 12 1 1 1 9 12 1 1 9 12 1 9 12 1 10 7 12 1 1 1 10 7 12 1 1 1 10 7 12 1 1 1 10 100 12 1 1 1 10 12 1 1 10 100 12 1 1 1 1 1 1 1 1 1 1 1 1 1 1 1 1 1 1 1 1 1 1 1 1 1 1 1 100 1 1 1 1 1 1 1 1 1 1 1 1 1 1
instanceKlass java/util/logging/LogManager$Cleaner
instanceKlass jdk/internal/misc/InnocuousThread
instanceKlass java/lang/ref/Finalizer$FinalizerThread
instanceKlass java/lang/ref/Reference$ReferenceHandler
ciInstanceKlass java/lang/Thread 1 1 610 9 7 12 1 1 1 9 12 1 1 10 12 1 1 9 12 1 1 9 12 1 1 100 1 8 1 10 12 1 1 3 8 1 100 1 5 0 10 12 1 1 10 7 12 1 1 9 12 1 1 9 12 1 9 12 1 1 9 12 1 100 1 8 1 10 9 12 1 1 10 7 12 1 1 1 10 100 12 1 1 1 10 10 7 12 1 1 10 12 1 1 10 12 1 1 9 100 12 1 1 1 10 12 1 1 10 12 1 9 12 1 1 10 12 1 1 10 12 1 1 9 12 1 10 12 1 1 9 12 1 1 10 7 12 1 1 1 9 12 1 1 9 12 1 1 10 12 1 1 10 7 12 1 1 1 9 12 1 10 12 1 1 9 12 1 100 1 10 100 1 10 8 1 10 12 1 1 10 12 1 10 12 1 10 12 1 1 10 12 1 10 12 1 9 12 1 100 1 10 10 12 1 1 10 12 1 10 12 1 100 1 11 7 12 1 1 9 7 12 1 1 1 10 12 1 10 12 1 10 12 9 12 1 1 10 9 12 1 10 12 1 100 1 10 10 12 1 1 9 12 1 10 12 1 11 100 12 1 1 10 12 1 10 12 1 10 12 1 10 10 12 1 10 12 1 10 12 1 10 12 1 10 12 1 1 100 1 10 10 12 1 10 12 1 10 12 1 9 100 12 1 1 1 10 12 1 1 10 12 1 100 1 8 1 10 10 12 1 10 12 8 1 10 12 1 8 1 10 8 1 8 1 10 100 12 1 1 10 100 12 1 1 1 100 1 8 1 10 9 12 1 9 12 1 1 10 12 1 1 10 10 12 1 1 9 12 1 10 12 1 1 100 1 10 12 11 100 12 1 1 1 9 100 12 1 1 1 9 12 1 1 10 12 1 1 100 1 10 12 1 11 100 12 1 1 1 100 1 10 12 1 10 12 1 1 11 12 1 10 12 1 100 1 10 12 1 10 12 1 1 10 7 12 1 1 1 8 1 9 12 1 10 12 1 1 11 100 12 1 1 1 10 100 12 1 1 1 11 12 1 10 12 1 7 1 1 1 1 1 3 1 3 1 3 1 1 1 1 1 1 1 1 1 1 1 1 1 1 1 1 1 1 1 100 1 1 1 1 1 1 1 1 1 1 1 1 100 1 100 1 1 1 1 1 1 1 1 1 1 1 1 1 1 1 1 1 1 1 1 1 1 1 1 1 1 1 1 1 1 1 1 1 1 1 1 1 1 1 1 1 1 1 100 100 1 1 1 1 1 1 1 1 1 100 1 1 1 1 1 1 1 1 1 1 1 1 1 1 1 1 1 1 1 1 1 1 1 1 1 1 1 1 100 1 1 1 1 1 1 100 1 1 100 1 1 1 1 1 1
staticfield java/lang/Thread EMPTY_STACK_TRACE [Ljava/lang/StackTraceElement; 0 [Ljava/lang/StackTraceElement;
ciMethod java/lang/System arraycopy (Ljava/lang/Object;ILjava/lang/Object;II)V 768 0 384 0 -1
ciInstanceKlass java/lang/StringLatin1 1 1 380 7 1 10 100 12 1 1 1 100 1 10 12 1 10 7 12 1 1 1 10 7 12 1 1 1 10 12 1 10 7 12 1 1 1 10 12 1 1 10 7 12 1 1 1 10 12 1 1 10 12 1 1 10 10 12 1 10 12 1 1 10 9 7 12 1 1 1 10 12 1 1 10 7 12 1 1 1 10 12 10 12 1 1 10 12 1 1 10 12 1 1 10 7 12 1 1 1 10 12 1 10 12 1 1 9 12 1 1 100 1 10 10 100 12 1 1 1 10 7 12 1 1 1 10 12 1 10 12 1 100 1 100 1 8 1 10 12 1 8 1 10 12 100 1 10 10 10 7 12 1 1 1 8 1 8 1 8 1 10 12 1 1 10 100 12 1 1 10 12 1 10 12 1 1 10 12 1 1 10 12 1 1 10 12 1 10 12 10 12 10 12 1 10 12 10 10 12 1 10 12 1 10 12 1 10 100 12 1 1 1 10 100 12 1 1 1 10 12 1 1 10 12 1 1 10 10 7 12 1 1 1 1 1 1 1 1 1 1 1 1 1 1 1 1 1 1 1 1 1 1 1 1 1 1 1 1 1 1 1 1 1 1 1 1 1 1 1 1 1 1 1 1 1 1 1 1 1 1 1 1 100 1 1 1 1 1 1 1 1 1 1 1 1 1 1 1 1 1 1 1 1 1 1 1 1 1 1 1 1 1 1 1 1 1 1 1 1 1 1 1 1 1 1 1 1 100 1 1 1 1 1 1 1 1 1 1 1 1 1 1 1 1 1 1 1 1 1 100 1 1 1 1 1 1 1 1 1 1 1 1 1 1 1 1 1 1 1 1 1 1 1 1 1 1 100 1 1 1 1
staticfield java/lang/StringLatin1 $assertionsDisabled Z 1
ciInstanceKlass java/lang/Math 1 1 395 10 100 12 1 1 1 10 7 12 1 1 1 10 12 1 10 12 1 10 12 1 10 12 1 10 12 1 7 1 6 0 6 0 10 12 1 10 12 1 10 12 1 10 12 1 10 12 1 10 12 1 1 10 12 1 10 12 1 10 12 1 10 12 1 10 12 1 10 7 12 1 1 1 100 1 3 3 3 10 7 12 1 1 1 100 1 5 0 5 0 5 0 5 0 5 0 9 100 12 1 1 1 10 100 12 1 1 1 100 1 8 1 10 12 1 8 1 10 12 1 1 10 12 1 1 100 1 5 0 5 0 100 1 3 5 0 3 5 0 10 12 1 10 12 1 8 1 10 12 1 8 1 9 12 1 1 9 12 1 10 12 1 1 6 0 10 12 1 9 12 1 1 100 1 10 10 12 1 100 1 10 12 1 10 12 1 1 10 12 1 10 12 1 10 12 1 10 12 1 1 10 12 1 1 10 12 1 1 10 12 6 0 10 12 1 1 10 12 1 1 10 12 10 12 1 4 10 12 1 1 10 12 1 10 12 1 10 12 10 12 1 10 12 1 10 12 1 10 12 1 10 12 1 10 12 1 10 12 1 5 0 6 0 4 6 0 4 6 0 4 10 12 1 1 9 12 1 1 10 12 1 9 12 1 10 7 12 1 1 1 4 6 0 1 1 6 0 1 6 0 1 1 1 1 1 1 1 1 1 1 1 1 1 1 1 1 1 1 1 1 1 1 1 1 1 1 1 1 1 1 1 1 1 1 1 1 1 1 1 1 1 1 1 1 1 1 1 1 1 1 1 1 1 1 1 1 1 1 1 1 1 1 1 1 1 1 1 1 1 1 1 1 1 1 1 1 1 1 1 1 1 1 1 1 1 1 1 1 1 1 1 1 1 1
staticfield java/lang/Math negativeZeroFloatBits J -2147483648
staticfield java/lang/Math negativeZeroDoubleBits J -9223372036854775808
staticfield java/lang/Math $assertionsDisabled Z 1
ciMethod java/lang/StringLatin1 equals ([B[B)Z 522 428 1927 0 -1
ciMethod java/lang/StringLatin1 hashCode ([B)I 256 5078 1060 0 352
ciMethod java/lang/StringLatin1 charAt ([BI)C 870 0 444940 0 128
ciMethod java/lang/StringLatin1 lastIndexOf ([BII)I 234 10240 768 0 416
ciMethod java/lang/StringLatin1 newString ([BII)Ljava/lang/String; 514 0 5406 0 -1
ciMethod java/lang/StringLatin1 canEncode (I)Z 4464 0 155606 0 96
ciInstanceKlass java/lang/StringUTF16 1 1 598 100 1 7 1 10 100 12 1 1 1 100 1 10 7 1 3 100 1 100 1 10 8 1 10 12 1 1 10 12 1 8 1 10 12 1 1 10 12 1 9 12 1 1 10 12 1 1 100 1 8 1 10 12 1 9 12 1 1 9 12 1 10 10 12 1 1 10 12 1 1 10 100 12 1 1 1 10 12 1 10 12 1 1 10 12 1 1 10 12 1 1 10 12 1 1 10 12 1 10 12 1 1 10 12 1 1 10 12 1 1 10 12 1 1 10 12 1 10 12 1 10 12 1 1 10 12 1 100 1 10 12 1 10 10 12 1 1 10 12 1 10 12 1 1 10 12 1 10 100 12 1 1 1 10 100 12 1 1 1 10 12 10 12 1 1 10 12 1 10 12 1 1 10 12 1 1 10 12 1 10 12 1 10 12 1 3 10 12 1 1 10 12 1 10 12 1 10 12 1 10 12 1 10 12 1 10 12 1 1 9 12 1 10 12 1 10 12 1 10 12 1 10 12 1 10 12 1 10 10 12 10 12 10 10 100 12 1 1 1 10 7 12 1 1 1 10 12 1 10 12 1 100 1 8 1 8 1 10 12 1 1 100 1 10 10 100 12 1 1 1 10 100 12 1 1 8 1 8 1 8 1 10 12 1 1 10 12 1 1 10 12 10 12 1 10 100 12 1 1 10 12 1 1 10 12 1 1 10 12 1 10 12 10 12 10 12 1 10 12 10 12 1 10 12 1 10 12 1 10 12 1 10 12 1 10 100 12 1 1 1 10 100 12 1 1 1 10 12 1 1 10 12 1 1 11 100 12 1 1 10 12 1 10 12 1 10 12 1 1 9 12 1 1 9 12 1 5 0 5 0 10 12 1 10 12 10 12 10 7 12 1 1 1 10 12 1 1 1 1 1 1 1 1 1 1 1 1 1 1 1 1 1 1 1 1 1 1 1 1 1 1 1 1 1 1 1 100 1 1 1 1 1 1 1 1 1 1 1 1 1 1 1 1 1 1 1 1 1 1 1 1 1 1 1 1 1 1 1 1 1 1 1 1 1 1 1 1 1 1 1 1 1 1 1 1 1 1 1 1 1 1 1 1 1 1 1 1 1 1 1 1 1 1 1 1 1 1 1 1 1 1 1 1 1 1 1 1 1 1 100 1 1 1 1 1 1 1 1 1 1 1 1 1 1 1 1 1 100 1 1 1 1 1 1 1 1 1 1 1 1 1 1 1 1 1 1 1 1 1 1 1 1 1 1 1 1 1 1 1 1 1 1 1 1 1 1 1 1 1 1 1 1 1 1 1 1 1 1 1 1 1 1 1 1 1 1 1 1 1 100 1 100 1 1 1 1 1
staticfield java/lang/StringUTF16 HI_BYTE_SHIFT I 0
staticfield java/lang/StringUTF16 LO_BYTE_SHIFT I 8
staticfield java/lang/StringUTF16 $assertionsDisabled Z 1
ciMethod java/lang/StringUTF16 length ([B)I 2 0 113528 0 0
ciMethod java/lang/StringUTF16 hashCode ([B)I 0 0 4 0 640
ciMethod java/lang/StringUTF16 compress ([CI[BII)I 216 7252 1053 0 -1
ciMethod java/lang/StringUTF16 compress ([CII)[B 26 0 6485 0 0
ciMethod java/lang/StringUTF16 toBytes ([CII)[B 0 0 1 0 -1
ciMethod java/lang/StringUTF16 checkIndex (I[B)V 2 0 94342 0 0
ciMethod java/lang/StringUTF16 getChar ([BI)C 1024 0 24279 0 -1
ciMethod java/lang/StringUTF16 charAt ([BI)C 0 0 94342 0 128
ciMethod java/lang/StringUTF16 lastIndexOf ([BII)I 0 0 1 0 -1
ciMethod java/lang/StringUTF16 newString ([BII)Ljava/lang/String; 0 0 5088 0 -1
instanceKlass java/lang/Exception
instanceKlass java/lang/Error
ciInstanceKlass java/lang/Throwable 1 1 393 10 7 12 1 1 1 9 7 12 1 1 1 9 12 1 1 9 12 1 9 12 1 1 9 12 1 10 12 1 1 9 12 1 1 10 12 1 1 10 12 1 100 1 7 1 10 8 1 10 12 1 1 8 1 10 100 12 1 1 10 10 12 1 100 1 8 1 10 10 12 1 1 10 7 12 1 1 10 12 1 8 1 9 100 12 1 1 1 10 12 1 1 100 1 10 12 10 12 1 100 1 10 10 7 12 1 1 1 11 100 12 1 1 1 10 100 12 1 1 1 10 12 1 1 10 12 1 1 8 1 10 12 1 10 12 1 1 8 1 8 1 10 12 1 1 10 12 1 8 1 8 1 9 12 1 1 10 100 12 1 1 100 1 10 11 12 1 8 1 8 1 10 7 12 1 1 8 1 10 12 1 8 1 100 1 10 12 1 9 12 1 1 10 12 1 10 7 12 1 9 12 1 1 10 12 1 1 100 1 8 1 10 12 1 10 100 12 1 1 10 12 1 1 100 1 10 100 12 1 1 1 10 12 1 11 100 12 1 1 1 11 100 12 1 1 1 11 12 1 8 1 10 12 1 1 8 1 10 10 9 100 12 1 1 1 8 1 10 12 1 1 10 100 1 8 1 10 11 12 1 1 8 1 9 12 1 10 100 12 1 1 11 9 12 1 1 11 12 1 1 100 10 12 1 10 12 1 1 100 1 1 1 1 5 0 1 1 1 1 1 1 1 1 1 1 1 1 1 100 1 1 1 1 1 1 1 1 1 1 1 1 1 1 1 1 1 1 1 1 1 1 1 1 1 1 1 1 1 1 1 1 1 1 1 1 1 1 1 1 1 1 100 1 100 1 1 1 1 1 1 1 1 1 1 1 1 1 1 1 1 1 1
staticfield java/lang/Throwable UNASSIGNED_STACK [Ljava/lang/StackTraceElement; 0 [Ljava/lang/StackTraceElement;
staticfield java/lang/Throwable SUPPRESSED_SENTINEL Ljava/util/List; java/util/Collections$EmptyList
staticfield java/lang/Throwable EMPTY_THROWABLE_ARRAY [Ljava/lang/Throwable; 0 [Ljava/lang/Throwable;
staticfield java/lang/Throwable $assertionsDisabled Z 1
instanceKlass sun/security/ec/ECOperations$IntermediateValueException
instanceKlass sun/security/pkcs11/wrapper/PKCS11Exception
instanceKlass java/security/GeneralSecurityException
instanceKlass javax/xml/datatype/DatatypeConfigurationException
instanceKlass javax/xml/stream/XMLStreamException
instanceKlass java/lang/CloneNotSupportedException
instanceKlass com/sun/xml/bind/v2/model/impl/ClassInfoImpl$ConflictException
instanceKlass com/sun/xml/bind/v2/model/impl/ClassInfoImpl$DuplicateException
instanceKlass javax/activation/MimeTypeParseException
instanceKlass com/sun/xml/bind/api/AccessorException
instanceKlass javax/xml/transform/TransformerException
instanceKlass javax/xml/parsers/ParserConfigurationException
instanceKlass org/xml/sax/SAXException
instanceKlass com/android/sdklib/AndroidVersion$AndroidVersionException
instanceKlass javax/xml/bind/JAXBException
instanceKlass com/google/common/collect/RegularImmutableMap$BucketOverflowException
instanceKlass java/net/URISyntaxException
instanceKlass java/lang/InterruptedException
instanceKlass java/security/PrivilegedActionException
instanceKlass com/android/prefs/AndroidLocationsException
instanceKlass sun/nio/fs/WindowsException
instanceKlass java/io/IOException
instanceKlass com/android/sdklib/tool/sdkmanager/SdkManagerCliSettings$FailSilentlyException
instanceKlass com/android/sdklib/tool/sdkmanager/SdkManagerCliSettings$ShowUsageException
instanceKlass com/android/sdklib/tool/sdkmanager/SdkManagerCli$CommandFailedException
instanceKlass java/lang/ReflectiveOperationException
instanceKlass java/lang/RuntimeException
ciInstanceKlass java/lang/Exception 1 1 40 10 7 12 1 1 1 10 12 1 10 12 1 10 12 1 10 12 1 100 1 1 1 1 5 0 1 1 1 1 1 1 1 1 1 1 1 1 1 1
instanceKlass java/lang/reflect/InvocationTargetException
instanceKlass java/lang/InstantiationException
instanceKlass java/lang/IllegalAccessException
instanceKlass java/lang/NoSuchFieldException
instanceKlass java/lang/NoSuchMethodException
instanceKlass java/lang/ClassNotFoundException
ciInstanceKlass java/lang/ReflectiveOperationException 1 1 34 10 7 12 1 1 1 10 12 1 10 12 1 10 12 1 100 1 1 1 1 5 0 1 1 1 1 1 1 1 1 1 1 1
instanceKlass java/io/UncheckedIOException
instanceKlass java/security/ProviderException
instanceKlass java/lang/reflect/MalformedParameterizedTypeException
instanceKlass java/util/NoSuchElementException
instanceKlass java/lang/IndexOutOfBoundsException
instanceKlass kotlin/NoWhenBranchMatchedException
instanceKlass java/lang/reflect/UndeclaredThrowableException
instanceKlass kotlin/UninitializedPropertyAccessException
instanceKlass java/lang/UnsupportedOperationException
instanceKlass java/lang/IllegalStateException
instanceKlass java/lang/SecurityException
instanceKlass com/android/sdklib/tool/sdkmanager/SdkManagerCli$UncheckedCommandFailedException
instanceKlass java/lang/IllegalArgumentException
instanceKlass java/lang/ArithmeticException
instanceKlass java/lang/NullPointerException
instanceKlass java/lang/IllegalMonitorStateException
instanceKlass java/lang/ArrayStoreException
instanceKlass java/lang/ClassCastException
ciInstanceKlass java/lang/RuntimeException 1 1 40 10 7 12 1 1 1 10 12 1 10 12 1 10 12 1 10 12 1 100 1 1 1 1 5 0 1 1 1 1 1 1 1 1 1 1 1 1 1 1
instanceKlass javax/xml/parsers/FactoryConfigurationError
instanceKlass kotlin/NotImplementedError
instanceKlass kotlin/jvm/KotlinReflectionNotSupportedError
instanceKlass java/lang/AssertionError
instanceKlass java/lang/VirtualMachineError
instanceKlass java/lang/LinkageError
instanceKlass java/lang/ThreadDeath
ciInstanceKlass java/lang/Error 1 1 40 10 7 12 1 1 1 10 12 1 10 12 1 10 12 1 10 12 1 100 1 1 1 1 5 0 1 1 1 1 1 1 1 1 1 1 1 1 1 1
instanceKlass java/lang/StackOverflowError
instanceKlass java/lang/OutOfMemoryError
instanceKlass java/lang/InternalError
ciInstanceKlass java/lang/VirtualMachineError 1 1 34 10 100 12 1 1 1 10 12 1 10 12 1 10 12 1 100 1 1 1 1 5 0 1 1 1 1 1 1 1 1 1 1 1
ciInstanceKlass java/lang/StackOverflowError 1 1 26 10 100 12 1 1 1 10 12 1 100 1 1 1 1 5 0 1 1 1 1 1 1 1 1 1
instanceKlass java/lang/ExceptionInInitializerError
instanceKlass java/lang/IncompatibleClassChangeError
instanceKlass java/lang/BootstrapMethodError
instanceKlass java/lang/NoClassDefFoundError
ciInstanceKlass java/lang/LinkageError 1 1 31 10 7 12 1 1 1 10 12 1 10 12 1 100 1 1 1 1 5 0 1 1 1 1 1 1 1 1 1 1 1
ciInstanceKlass java/lang/ArrayStoreException 1 1 26 10 100 12 1 1 1 10 12 1 100 1 1 1 1 5 0 1 1 1 1 1 1 1 1 1
ciInstanceKlass java/lang/ThreadDeath 0 0 21 10 100 12 1 1 1 100 1 1 1 1 5 0 1 1 1 1 1 1 1
ciInstanceKlass java/lang/StackTraceElement 1 1 224 10 7 12 1 1 1 10 7 12 1 1 9 12 1 1 9 12 1 1 9 12 1 9 12 1 8 1 10 100 12 1 1 1 100 1 9 12 1 8 1 9 12 1 9 12 1 9 12 1 1 8 1 10 12 1 1 10 12 1 100 1 10 10 12 1 1 8 1 10 12 1 1 10 12 1 8 1 8 1 8 1 10 12 1 8 1 8 1 10 12 1 8 1 8 1 10 12 1 1 10 12 1 10 12 1 1 10 12 1 9 12 1 1 10 7 12 1 1 1 10 12 1 1 7 1 10 12 1 1 10 7 12 1 1 10 7 12 1 1 1 10 7 12 1 1 10 7 12 1 1 10 10 12 1 1 10 12 1 10 12 1 1 100 1 1 1 1 1 3 1 3 1 1 5 0 1 1 1 1 1 1 1 1 1 1 1 1 1 1 1 1 1 1 1 1 1 1 1 1 1 1 100 1 100 1 1 1 1 1 1 1 1 1 1 100 1 1 1 1 1 1 1 1
instanceKlass java/util/TreeMap$Values
instanceKlass java/util/AbstractQueue
instanceKlass java/util/IdentityHashMap$Values
instanceKlass com/google/common/collect/ImmutableCollection
instanceKlass java/util/HashMap$Values
instanceKlass java/util/LinkedHashMap$LinkedValues
instanceKlass java/util/ArrayDeque
instanceKlass java/util/AbstractSet
instanceKlass java/util/ImmutableCollections$AbstractImmutableCollection
instanceKlass java/util/AbstractList
ciInstanceKlass java/util/AbstractCollection 1 1 160 10 7 12 1 1 1 10 7 12 1 1 1 10 12 1 1 11 7 12 1 1 1 11 12 1 1 10 12 1 1 10 100 12 1 1 1 10 12 1 1 10 12 1 1 10 7 12 1 1 10 7 12 1 1 1 7 1 10 100 12 1 1 1 10 100 12 1 1 1 100 1 10 11 12 1 11 7 1 10 12 1 10 12 1 10 7 12 1 1 1 11 8 1 100 1 10 10 12 1 1 8 1 10 12 1 10 12 1 1 1 1 1 1 1 1 1 1 1 1 1 1 1 1 1 1 1 1 1 1 1 1 1 1 1 1 1 1 1 1 1 1 1 1 1 1 1 1 1 1 1 1 1 1 1 1 1 1 1 1
ciInstanceKlass java/lang/Boolean 1 1 151 10 7 12 1 1 1 9 7 12 1 1 1 10 12 1 1 10 12 1 8 1 10 7 12 1 1 9 12 1 1 9 12 1 8 1 10 12 1 1 10 12 1 1 10 7 12 1 1 1 100 1 100 1 10 12 1 1 9 100 12 1 1 9 12 10 100 12 1 1 1 10 12 1 1 8 1 10 7 12 1 1 1 9 12 1 1 100 1 100 1 100 1 1 1 1 1 1 5 0 1 1 1 1 1 1 1 1 1 1 3 1 1 1 1 1 1 1 1 1 1 1 1 1 1 1 1 1 1 1 1 100 1 1 1 1 1 1 1 1 1 1 100 1 1 1 1 1 1 1 1
staticfield java/lang/Boolean TRUE Ljava/lang/Boolean; java/lang/Boolean
staticfield java/lang/Boolean FALSE Ljava/lang/Boolean; java/lang/Boolean
staticfield java/lang/Boolean TYPE Ljava/lang/Class; java/lang/Class
instanceKlass java/util/concurrent/locks/AbstractQueuedSynchronizer
ciInstanceKlass java/util/concurrent/locks/AbstractOwnableSynchronizer 1 1 32 10 7 12 1 1 1 9 7 12 1 1 1 100 1 1 1 1 5 0 1 1 1 1 1 1 1 1 1 1 1 1
instanceKlass java/lang/LiveStackFrameInfo
ciInstanceKlass java/lang/StackFrameInfo 0 0 132 10 100 12 1 1 1 9 100 12 1 1 1 9 100 1 9 12 1 1 11 100 12 1 1 1 9 12 1 1 11 12 1 1 10 12 1 1 10 100 12 1 1 1 10 12 1 11 12 1 11 12 1 1 11 12 1 10 12 1 1 9 12 1 1 10 12 1 1 10 100 12 1 1 10 12 1 1 11 12 1 1 10 12 1 9 12 1 1 10 12 1 1 100 1 8 1 10 12 1 10 100 12 1 1 1 100 1 1 1 1 1 1 1 1 1 1 1 1 1 1 1 1 1 1 100 1 1 1 1 1 1
ciInstanceKlass java/lang/LiveStackFrameInfo 0 0 97 10 100 12 1 1 1 9 100 12 1 1 1 9 12 1 9 12 1 9 12 1 9 12 1 1 100 1 10 12 1 1 10 12 1 8 1 10 12 1 1 8 1 8 1 8 1 10 100 1 10 12 1 100 1 10 12 1 100 1 100 1 1 1 3 1 3 1 1 1 1 1 1 1 1 1 1 1 1 1 1 1 1 1 1 1 1 1 1 1 1 1 1 1 100 1 1
ciInstanceKlass java/lang/Character 1 1 576 7 1 100 1 100 1 9 12 1 1 8 1 9 12 1 1 100 1 9 12 1 1 10 100 12 1 1 1 10 100 12 1 1 1 10 100 12 1 1 1 10 7 12 1 1 1 9 7 12 1 1 1 10 12 1 10 12 1 1 10 12 1 1 10 100 12 1 1 10 12 1 1 3 3 3 3 3 10 12 1 1 10 12 1 3 11 7 12 1 1 1 11 12 1 1 10 12 1 1 10 12 1 1 100 1 10 10 12 1 3 10 12 1 1 10 12 1 10 12 1 1 100 1 8 1 10 12 1 1 10 12 1 10 12 1 10 12 1 10 12 1 10 12 1 1 10 12 1 10 7 12 1 1 10 10 12 1 10 10 12 1 10 12 1 1 10 12 1 10 10 12 1 10 12 1 10 12 1 10 12 1 10 12 1 10 12 1 10 12 1 10 12 10 10 12 10 10 12 1 10 10 12 1 10 10 12 1 10 10 12 1 10 10 12 1 10 10 12 1 10 10 12 1 1 10 10 12 1 10 5 0 10 12 1 10 12 1 10 10 12 1 10 10 12 1 1 10 10 12 1 10 10 12 1 9 12 1 1 100 1 10 10 12 1 10 12 1 1 3 10 100 12 1 1 1 10 12 1 10 100 12 1 1 100 1 10 10 12 1 1 10 12 1 1 10 12 1 1 8 1 10 12 1 9 100 12 1 1 1 10 12 1 10 10 12 1 10 12 1 1 10 12 1 10 10 12 1 1 10 10 12 1 1 100 1 8 1 10 12 1 1 10 7 12 1 1 1 8 1 10 12 1 1 9 12 1 1 100 1 100 1 100 1 1 1 1 3 1 3 1 3 1 3 1 1 1 1 1 3 1 1 3 1 3 1 3 1 3 1 3 1 3 1 3 1 3 1 3 1 3 1 3 1 3 1 3 1 3 1 3 1 3 1 3 1 3 1 3 1 3 1 3 1 3 1 3 1 3 1 3 1 3 1 3 1 3 1 1 1 1 1 1 1 1 1 1 1 1 1 1 1 1 1 1 1 3 1 1 1 1 1 1 1 3 1 1 3 1 1 1 1 1 3 1 1 5 0 1 1 1 1 1 1 1 1 1 1 1 1 1 1 1 1 1 1 1 1 1 1 1 1 1 1 1 1 1 1 1 1 1 1 1 1 1 1 1 1 1 1 1 1 1 1 1 1 1 1 1 1 1 1 1 1 1 1 1 1 1 1 1 1 1 1 1 1 1 1 1 1 1 1 1 1 1 1 1 1 1 1 1 1 1 1 1 1 1 100 1 100 1 1 1 1 1 1
staticfield java/lang/Character TYPE Ljava/lang/Class; java/lang/Class
staticfield java/lang/Character $assertionsDisabled Z 1
ciMethod java/lang/Character digit (II)I 526 0 29373 0 0
ciMethod java/lang/Character digit (CI)I 512 0 29363 0 320
ciInstanceKlass java/lang/CharacterDataLatin1 1 1 130 9 7 12 1 1 1 9 12 1 1 10 12 1 1 10 12 1 10 12 1 1 3 3 3 10 12 1 9 12 1 100 1 3 3 9 12 1 1 10 7 12 1 1 1 10 9 12 1 1 3 3 3 3 3 3 3 3 3 3 3 3 3 3 3 3 3 3 3 3 3 3 3 3 3 3 3 3 3 3 3 3 3 3 3 1 1 1 1 1 1 1 1 1 1 1 1 1 1 1 1 1 1 1 1 1 1 1 1 1 1 1 1 1 1 1 1 1 1 1 1 1 1 1 1 1 100 1 1 1
staticfield java/lang/CharacterDataLatin1 DIGITS [B 256
staticfield java/lang/CharacterDataLatin1 instance Ljava/lang/CharacterDataLatin1; java/lang/CharacterDataLatin1
staticfield java/lang/CharacterDataLatin1 A [I 256
staticfield java/lang/CharacterDataLatin1 B [B 256
instanceKlass java/lang/CharacterData00
instanceKlass java/lang/CharacterDataLatin1
ciInstanceKlass java/lang/CharacterData 1 1 80 10 7 12 1 1 1 10 100 12 1 1 1 9 7 12 1 1 1 9 7 12 1 1 9 100 12 1 1 9 100 1 9 100 1 9 100 1 9 100 1 9 100 1 1 1 1 1 1 1 1 1 1 1 1 1 1 1 1 1 1 1 1 1 1 1 1 1 1 1 1 1 1 1 1 1 1 1 1 1
ciInstanceKlass java/lang/CharacterData00 1 1 250 9 7 12 1 1 1 9 12 1 1 9 12 1 9 12 1 10 12 1 1 10 12 1 10 12 1 1 3 3 3 3 3 3 3 3 3 3 3 3 3 3 3 3 3 3 3 3 3 3 3 3 3 3 3 3 3 3 3 3 3 3 3 3 3 3 3 3 3 3 3 3 3 3 3 3 3 3 3 3 3 3 3 3 3 3 3 3 3 3 3 3 3 3 3 3 3 3 3 3 3 3 3 3 3 3 3 3 3 3 3 3 3 3 3 3 3 3 3 3 3 3 3 3 3 3 3 10 12 1 100 1 3 3 3 3 10 12 1 9 12 1 1 10 7 12 1 1 1 10 7 12 1 1 1 9 12 1 1 10 9 12 1 1 8 1 10 7 12 1 1 1 8 1 8 1 7 1 7 3 3 3 3 3 3 3 3 3 3 3 3 8 1 100 1 10 1 1 1 1 1 1 1 1 1 1 1 1 1 1 1 1 1 1 1 1 1 1 1 1 1 1 1 1 1 1 1 1 1 1 1 1 1 1 1 1 1 1 1 1 1 1 1 1 1 1 1 1 1 1
staticfield java/lang/CharacterData00 instance Ljava/lang/CharacterData00; java/lang/CharacterData00
staticfield java/lang/CharacterData00 charMap [[[C 103 [[[C
staticfield java/lang/CharacterData00 X [C 2048
staticfield java/lang/CharacterData00 Y [C 5856
staticfield java/lang/CharacterData00 A [I 972
staticfield java/lang/CharacterData00 B [C 972
staticfield java/lang/CharacterData00 $assertionsDisabled Z 1
ciMethod java/lang/CharacterData digit (II)I 0 0 1 0 -1
ciMethod java/lang/CharacterData of (I)Ljava/lang/CharacterData; 512 0 26117 0 128
ciMethod java/lang/CharacterDataLatin1 digit (II)I 534 0 22712 0 192
ciInstanceKlass java/lang/Float 1 1 223 7 1 100 1 10 100 12 1 1 1 10 100 12 1 1 1 4 100 1 10 12 1 1 10 12 1 1 8 1 8 1 10 100 12 1 1 1 10 12 1 1 10 12 1 1 10 4 4 4 10 7 12 1 1 9 12 1 1 10 12 1 1 10 12 1 10 12 1 10 12 1 1 10 12 1 10 12 1 3 10 12 1 1 10 12 1 1 10 12 1 10 100 12 1 1 1 10 12 1 1 10 12 1 1 8 1 10 7 12 1 1 1 9 12 1 1 100 1 100 1 100 1 1 1 1 1 4 1 1 1 4 1 1 3 1 3 1 3 1 3 1 1 1 1 5 0 1 1 1 1 1 1 1 1 1 1 100 1 1 1 1 1 1 1 1 1 1 1 1 1 3 1 1 1 1 1 1 1 1 1 1 1 1 1 1 1 1 1 1 1 1 1 1 1 1 1 1 1 1 1 1 1 1 1 1 1 1 1 1 100 1 1 1 1 1 1 1 100 1 100 1 1
staticfield java/lang/Float TYPE Ljava/lang/Class; java/lang/Class
instanceKlass java/util/concurrent/atomic/Striped64
instanceKlass java/math/BigDecimal
instanceKlass java/math/BigInteger
instanceKlass java/util/concurrent/atomic/AtomicLong
instanceKlass java/util/concurrent/atomic/AtomicInteger
instanceKlass java/lang/Long
instanceKlass java/lang/Integer
instanceKlass java/lang/Short
instanceKlass java/lang/Byte
instanceKlass java/lang/Double
instanceKlass java/lang/Float
ciInstanceKlass java/lang/Number 1 1 37 10 7 12 1 1 1 10 100 12 1 1 1 100 1 1 1 1 5 0 1 1 1 1 1 1 1 1 1 1 1 1 1 1 1 1 1
ciInstanceKlass java/lang/Double 1 1 285 7 1 100 1 10 7 12 1 1 1 10 12 1 1 10 12 1 100 1 10 12 1 1 10 100 12 1 1 1 6 0 8 1 10 12 1 1 8 1 10 12 1 1 8 1 6 0 10 12 1 1 100 1 5 0 5 0 8 1 8 1 10 100 12 1 1 1 10 100 12 1 1 1 8 1 10 12 1 1 8 1 8 1 8 1 10 12 1 1 10 12 1 10 12 1 1 10 12 1 10 12 1 10 12 1 1 10 12 1 10 6 0 6 0 6 0 10 7 12 1 1 9 12 1 1 10 12 1 10 12 1 10 12 1 10 12 1 5 0 10 12 1 1 10 12 1 10 12 1 10 100 12 1 1 1 10 12 1 1 10 12 1 1 8 1 10 7 12 1 1 1 9 12 1 1 100 1 100 1 100 1 1 1 1 1 6 0 1 1 1 6 0 1 1 3 1 3 1 3 1 3 1 1 1 1 5 0 1 1 1 1 1 1 1 1 1 1 1 1 1 1 1 1 100 1 1 1 1 1 1 1 1 1 1 1 1 3 1 1 1 1 1 1 1 1 1 1 1 1 1 1 1 1 1 1 1 1 1 1 1 1 1 1 1 1 1 1 1 1 1 1 100 1 1 1 1 1 1 1 100 1 100 1 1
staticfield java/lang/Double TYPE Ljava/lang/Class; java/lang/Class
ciInstanceKlass java/lang/Byte 1 1 215 7 1 100 1 10 100 12 1 1 1 9 12 1 1 8 1 9 12 1 1 100 1 10 12 1 1 10 12 1 1 10 100 12 1 1 1 10 100 12 1 1 1 9 7 12 1 1 1 10 12 1 1 100 1 100 1 10 12 1 1 8 1 10 12 1 1 8 1 10 12 1 10 12 1 10 12 1 10 12 1 1 10 12 1 10 12 1 10 12 1 1 10 8 1 8 1 10 7 1 9 12 1 1 10 12 1 10 12 1 1 10 12 1 1 10 12 1 1 10 12 1 5 0 10 12 1 1 8 1 10 7 12 1 1 1 9 12 1 1 100 1 100 1 1 1 3 1 3 1 1 1 1 3 1 3 1 1 5 0 1 1 1 1 1 1 1 1 1 1 1 1 1 1 1 1 1 1 1 1 1 1 1 1 1 1 1 1 1 1 1 1 1 1 1 1 1 1 1 1 1 1 1 1 1 1 1 1 1 1 1 1 1 1 1
staticfield java/lang/Byte TYPE Ljava/lang/Class; java/lang/Class
ciInstanceKlass java/lang/Short 1 1 224 7 1 100 1 100 1 10 100 12 1 1 1 10 12 1 1 100 1 100 1 10 12 1 1 8 1 10 12 1 1 8 1 10 12 1 10 12 1 10 12 1 10 12 1 1 10 12 1 1 10 12 1 9 12 1 1 8 1 9 12 1 1 100 1 10 12 1 1 10 12 1 10 100 12 1 1 1 10 100 12 1 1 1 9 7 12 1 1 1 10 12 1 10 12 1 1 10 8 1 8 1 10 7 1 9 12 1 1 10 12 1 10 12 1 1 10 12 1 1 10 12 1 1 10 12 1 3 3 5 0 10 12 1 1 8 1 10 7 12 1 1 1 9 12 1 1 100 1 100 1 1 1 3 1 3 1 1 1 1 3 1 3 1 1 5 0 1 1 1 1 1 1 1 1 1 1 1 1 1 1 1 1 1 1 1 1 1 1 1 1 1 1 1 3 1 1 1 1 1 1 1 1 1 1 1 1 1 1 1 1 1 1 1 1 1 1 1 1 1 1 1 1 1
staticfield java/lang/Short TYPE Ljava/lang/Class; java/lang/Class
ciInstanceKlass java/lang/Integer 1 1 445 7 1 100 1 7 1 7 1 10 12 1 1 9 12 1 1 9 12 1 1 10 100 12 1 1 1 10 12 1 1 10 100 12 1 1 1 10 10 12 1 1 10 100 12 1 1 1 10 12 1 10 12 1 1 10 7 12 1 1 1 10 12 1 1 10 12 1 1 10 12 1 10 12 1 10 12 1 1 10 10 12 1 9 12 1 1 9 12 1 7 1 8 1 10 12 1 100 1 10 12 1 8 1 10 12 1 1 10 12 1 8 1 10 12 1 8 1 10 12 1 1 3 10 12 1 1 3 10 12 1 1 10 12 1 1 10 7 12 1 1 1 11 7 1 100 1 10 11 10 12 1 1 8 1 10 12 1 1 8 1 100 1 10 12 1 1 10 12 1 1 5 0 8 1 10 12 1 10 12 1 10 12 1 10 12 1 1 7 1 9 12 1 1 9 12 1 1 10 12 1 10 7 1 9 12 1 10 12 1 10 12 1 10 12 1 1 10 7 12 1 1 1 100 1 100 1 10 12 1 1 10 12 1 1 8 1 8 1 10 12 1 1 8 1 8 1 8 1 8 1 8 1 8 1 10 12 1 10 12 1 10 12 1 5 0 3 3 3 3 10 12 1 3 10 12 1 10 100 12 1 1 1 10 12 1 1 10 12 1 1 8 1 10 7 12 1 1 1 9 12 1 1 3 3 3 3 3 3 9 12 1 1 100 1 100 1 100 1 1 1 1 1 1 1 3 1 3 1 1 5 0 1 1 1 1 1 1 1 1 1 100 1 1 1 1 1 1 1 1 1 1 1 1 1 1 1 1 1 1 1 1 1 1 1 1 1 1 1 1 1 1 1 1 1 1 1 1 1 1 1 3 1 1 1 1 1 1 1 1 1 1 1 1 1 1 1 1 100 1 1 1 1 1 1 1 1 1 1 1 1 1 1 1 1 1 1 1 1 1 1 1 1 1 1 1 1 1 1 1 100 1 1 1 1 1 1 1 1 1 100 1 100 1 1
staticfield java/lang/Integer TYPE Ljava/lang/Class; java/lang/Class
staticfield java/lang/Integer digits [C 36
staticfield java/lang/Integer DigitTens [B 100
staticfield java/lang/Integer DigitOnes [B 100
staticfield java/lang/Integer sizeTable [I 10
ciMethod java/lang/Integer intValue ()I 256 0 128 0 -1
ciMethod java/lang/Integer valueOf (I)Ljava/lang/Integer; 394 0 3474 0 -1
ciMethod java/lang/Integer parseInt (Ljava/lang/String;)I 314 0 2085 25 0
ciMethod java/lang/Integer parseInt (Ljava/lang/String;I)I 318 588 4556 28 2272
ciInstanceKlass java/lang/Long 1 1 506 7 1 100 1 7 1 7 1 10 12 1 1 9 12 1 1 9 7 12 1 1 1 10 100 12 1 1 1 10 12 1 1 10 100 12 1 1 1 10 10 12 10 12 1 10 12 1 10 12 1 5 0 5 0 100 1 10 12 1 1 10 12 1 1 10 12 1 10 12 1 10 12 1 10 12 1 1 10 100 12 1 1 10 12 1 10 12 1 1 10 12 1 1 10 12 1 1 10 12 1 1 10 7 12 1 1 1 10 12 1 1 10 12 1 10 12 1 10 12 1 10 12 1 1 10 10 12 1 5 0 5 0 9 12 1 1 9 12 1 5 0 100 1 8 1 10 12 1 8 1 10 12 1 8 1 8 1 10 12 1 1 5 0 10 12 1 1 5 0 10 12 1 1 10 12 1 1 10 100 12 1 1 1 11 100 1 100 1 10 11 10 12 1 1 8 1 10 12 1 1 8 1 100 1 10 12 1 1 10 12 1 8 1 8 1 11 12 1 1 10 12 1 10 12 1 10 12 1 5 0 5 0 9 7 12 1 1 1 10 12 1 10 12 1 1 8 1 8 1 10 12 1 1 8 1 8 1 8 1 8 1 8 1 8 1 10 12 1 10 12 1 10 12 1 1 10 7 1 9 12 1 1 10 12 1 10 12 1 1 10 100 12 1 1 1 100 1 100 1 10 12 1 1 10 12 1 1 5 0 10 12 1 10 12 1 5 0 5 0 5 0 10 12 1 1 5 0 5 0 10 12 1 10 12 1 10 100 12 1 1 1 10 12 1 1 10 12 1 1 8 1 10 7 12 1 1 1 9 12 1 1 100 1 100 1 100 1 1 1 1 5 0 1 1 1 1 3 1 3 1 5 0 1 1 1 1 1 1 1 1 1 100 1 1 1 1 1 1 1 1 1 1 1 1 1 1 1 1 1 1 1 1 1 1 1 1 1 1 1 1 1 1 1 1 1 1 1 1 1 1 1 1 1 1 1 1 1 1 1 1 1 1 1 1 1 1 3 1 1 1 1 1 1 1 1 1 1 1 1 1 1 1 100 1 1 1 1 1 1 1 1 1 1 1 1 1 1 1 1 1 1 1 1 1 1 1 1 1 1 1 100 1 1 1 1 1 1 1 1 1 100 1 100 1 1
staticfield java/lang/Long TYPE Ljava/lang/Class; java/lang/Class
instanceKlass java/lang/ref/PhantomReference
instanceKlass java/lang/ref/FinalReference
instanceKlass java/lang/ref/WeakReference
instanceKlass java/lang/ref/SoftReference
ciInstanceKlass java/lang/ref/Reference 1 1 195 9 7 12 1 1 1 9 7 12 1 1 10 12 1 1 10 12 1 1 9 12 1 1 10 12 1 1 9 12 1 1 9 12 1 1 7 1 10 12 1 10 7 12 1 1 10 12 1 10 12 1 1 10 12 1 9 12 1 10 12 1 1 10 12 1 10 12 1 9 12 1 100 1 100 1 10 12 1 9 12 1 9 12 1 100 1 10 10 12 1 10 10 7 12 1 1 10 7 12 1 1 1 10 12 1 1 10 7 12 1 1 7 1 8 1 10 12 1 10 12 1 1 10 12 1 1 10 12 1 7 1 10 10 7 12 1 1 1 1 1 1 1 1 1 1 1 1 1 1 1 1 1 1 1 100 1 1 1 100 1 1 1 1 1 1 1 1 1 1 1 1 1 1 1 1 1 1 1 1 1 1 1 1 1 1 1 1 1 1 1 1 1 1 1
staticfield java/lang/ref/Reference processPendingLock Ljava/lang/Object; java/lang/Object
staticfield java/lang/ref/Reference $assertionsDisabled Z 1
instanceKlass sun/security/util/MemoryCache$SoftCacheEntry
instanceKlass sun/util/locale/provider/LocaleResources$ResourceReference
instanceKlass sun/util/resources/Bundles$BundleReference
instanceKlass java/lang/invoke/LambdaFormEditor$Transform
instanceKlass sun/util/locale/LocaleObjectCache$CacheEntry
ciInstanceKlass java/lang/ref/SoftReference 1 1 47 10 7 12 1 1 1 9 7 12 1 1 1 9 12 1 10 12 1 10 12 1 1 1 1 1 1 1 1 1 1 1 1 1 1 1 1 1 1 1 1 100 1 1 1 1 1
instanceKlass java/util/logging/LogManager$LoggerWeakRef
instanceKlass java/util/logging/Level$KnownLevel
instanceKlass java/lang/WeakPairMap$WeakRefPeer
instanceKlass java/lang/ClassValue$Entry
instanceKlass java/lang/invoke/MethodType$ConcurrentWeakInternSet$WeakEntry
instanceKlass java/lang/ThreadLocal$ThreadLocalMap$Entry
instanceKlass java/util/WeakHashMap$Entry
ciInstanceKlass java/lang/ref/WeakReference 1 1 31 10 7 12 1 1 1 10 12 1 100 1 1 1 1 1 1 1 1 1 1 1 1 1 1 1 1 1 1 1 1
ciInstanceKlass java/util/logging/Level 1 1 294 10 7 12 1 1 1 10 12 1 10 7 12 1 1 100 1 10 9 12 1 1 9 12 1 1 9 12 1 9 12 1 9 12 1 1 10 7 12 1 1 1 10 12 1 1 10 12 1 1 10 100 12 1 1 1 9 100 12 1 1 1 11 100 12 1 1 1 10 100 12 1 1 1 8 1 10 100 12 1 1 1 10 12 1 1 9 100 12 1 1 10 10 12 1 1 10 12 1 10 12 1 10 12 1 100 1 18 12 1 1 10 12 1 1 10 7 12 1 1 1 10 12 1 1 10 100 12 1 1 1 10 12 1 1 10 12 1 100 1 10 12 1 10 12 1 1 10 12 1 1 18 100 1 18 12 1 10 12 1 8 1 3 9 12 1 8 1 9 12 8 1 9 12 8 1 9 12 8 1 9 12 8 1 9 12 8 1 9 12 8 1 9 12 8 1 3 9 12 9 12 1 1 100 1 1 1 1 1 5 0 1 1 1 1 1 1 1 1 1 1 1 1 1 1 1 1 1 1 1 1 100 1 1 1 1 1 1 1 1 1 1 1 1 1 1 1 1 1 1 1 1 1 1 1 1 1 1 15 10 7 12 1 1 1 16 1 15 10 12 1 1 16 1 15 10 12 1 15 10 100 12 1 1 8 1 1 1 1 100 1 100 1 1
staticfield java/util/logging/Level OFF Ljava/util/logging/Level; java/util/logging/Level
staticfield java/util/logging/Level SEVERE Ljava/util/logging/Level; java/util/logging/Level
staticfield java/util/logging/Level WARNING Ljava/util/logging/Level; java/util/logging/Level
staticfield java/util/logging/Level INFO Ljava/util/logging/Level; java/util/logging/Level
staticfield java/util/logging/Level CONFIG Ljava/util/logging/Level; java/util/logging/Level
staticfield java/util/logging/Level FINE Ljava/util/logging/Level; java/util/logging/Level
staticfield java/util/logging/Level FINER Ljava/util/logging/Level; java/util/logging/Level
staticfield java/util/logging/Level FINEST Ljava/util/logging/Level; java/util/logging/Level
staticfield java/util/logging/Level ALL Ljava/util/logging/Level; java/util/logging/Level
staticfield java/util/logging/Level standardLevels [Ljava/util/logging/Level; 9 [Ljava/util/logging/Level;
instanceKlass java/util/logging/LogManager$RootLogger
ciInstanceKlass java/util/logging/Logger 1 1 740 10 7 12 1 1 1 9 7 12 1 1 1 10 12 1 1 10 7 12 1 1 9 12 1 1 9 12 1 9 12 1 1 9 12 1 1 7 1 10 9 12 1 1 9 12 1 1 10 12 1 1 9 12 1 10 7 12 1 1 1 100 1 8 1 10 12 1 10 12 1 10 12 1 1 7 1 10 12 1 9 12 1 1 10 12 1 1 100 1 10 9 7 12 1 1 10 7 12 1 1 1 10 7 12 1 1 1 10 12 1 1 10 12 1 10 7 12 1 1 1 10 12 1 1 10 10 12 10 12 1 8 1 10 12 1 10 12 1 1 10 12 1 8 1 10 12 10 12 1 1 10 12 1 1 10 12 1 1 9 7 12 1 1 10 12 1 1 9 12 1 1 10 100 12 1 1 1 10 12 1 1 11 100 12 1 1 10 12 1 1 10 12 1 10 7 12 1 1 1 9 12 1 10 12 1 1 9 12 1 10 12 1 1 10 12 1 10 12 1 1 9 12 1 1 10 12 1 10 12 1 1 10 12 1 10 12 1 10 12 1 11 100 1 10 12 1 1 10 12 1 1 10 12 1 10 12 1 10 100 12 1 1 10 12 1 10 12 1 9 7 12 1 1 1 8 1 10 12 1 1 8 1 10 12 1 100 1 10 10 12 1 1 10 12 1 10 12 1 10 12 1 8 1 8 1 8 1 9 12 1 10 12 9 12 1 9 12 1 9 12 1 9 12 1 9 12 1 10 12 1 9 12 1 1 10 12 1 1 10 12 1 9 12 1 9 12 1 1 10 12 1 1 9 12 1 10 7 12 1 1 1 10 12 1 1 10 12 1 9 12 1 1 9 12 1 1 10 7 12 1 1 1 7 10 12 1 1 9 12 1 10 100 12 1 1 1 10 12 1 1 9 12 1 1 10 9 12 1 10 100 12 1 1 1 10 12 1 1 10 100 12 1 1 10 12 1 10 12 1 10 12 1 9 100 12 1 1 1 11 100 12 1 1 1 100 1 18 12 1 1 10 100 12 1 1 1 10 12 1 100 1 18 12 1 1 10 10 12 1 1 9 12 1 18 12 1 10 12 1 10 12 1 10 12 1 8 1 8 1 100 1 10 9 12 1 1 10 7 12 1 1 1 11 7 12 1 1 11 12 1 7 1 10 12 1 11 12 1 10 12 1 10 12 1 10 12 1 1 10 12 1 10 12 1 10 10 12 1 10 12 1 10 12 1 9 12 1 10 12 1 8 10 1 1 1 1 1 1 1 1 1 1 1 1 1 1 1 1 1 1 1 1 1 1 1 1 1 1 100 1 1 1 1 1 1 1 1 1 1 1 1 1 1 1 1 1 1 1 1 1 1 1 1 1 1 1 1 1 1 1 1 1 1 1 1 1 1 1 1 1 1 1 1 1 1 1 1 1 1 1 1 1 1 1 1 1 1 1 1 1 1 1 1 1 1 1 1 1 1 1 1 1 1 1 1 1 1 1 1 1 1 100 1 1 1 1 1 1 1 1 1 1 1 1 1 1 1 1 100 1 1 1 1 1 1 1 1 1 1 1 1 1 1 1 1 1 1 1 1 1 1 1 1 100 1 1 15 10 100 12 1 1 1 16 15 10 12 16 15 10 100 12 1 1 8 1 8 1 1 1 1 1 1 1 100 1 100 1 1
staticfield java/util/logging/Logger emptyHandlers [Ljava/util/logging/Handler; 0 [Ljava/util/logging/Handler;
staticfield java/util/logging/Logger offValue I 2147483647
staticfield java/util/logging/Logger SYSTEM_BUNDLE Ljava/util/logging/Logger$LoggerBundle; java/util/logging/Logger$LoggerBundle
staticfield java/util/logging/Logger NO_RESOURCE_BUNDLE Ljava/util/logging/Logger$LoggerBundle; java/util/logging/Logger$LoggerBundle
staticfield java/util/logging/Logger treeLock Ljava/lang/Object; java/lang/Object
staticfield java/util/logging/Logger global Ljava/util/logging/Logger; java/util/logging/Logger
ciMethod java/util/logging/Logger log (Ljava/util/logging/Level;Ljava/lang/String;[Ljava/lang/Object;)V 0 0 1 0 -1
ciMethod java/util/logging/Logger isLoggable (Ljava/util/logging/Level;)Z 512 0 70224 0 0
instanceKlass java/lang/ref/Finalizer
ciInstanceKlass java/lang/ref/FinalReference 1 1 47 10 7 12 1 1 1 10 7 12 1 1 1 10 12 1 1 100 1 8 1 10 12 1 1 1 1 1 1 1 1 1 1 1 1 1 1 1 1 1 1 1 1 1 1 1 1
ciInstanceKlass java/lang/ref/Finalizer 1 1 152 9 7 12 1 1 1 10 7 12 1 1 1 9 12 1 1 9 12 1 1 9 12 1 9 12 1 10 12 1 10 12 1 1 9 12 1 1 100 1 10 12 1 7 1 11 7 12 1 1 100 1 10 12 1 100 1 10 12 1 10 100 12 1 1 1 10 100 12 1 1 1 100 1 10 10 12 1 10 7 12 1 1 1 7 1 10 7 1 10 10 7 12 1 1 1 10 12 1 1 10 7 12 1 1 7 1 10 12 1 10 12 1 1 10 12 1 1 10 12 1 1 1 1 1 1 1 1 1 1 1 1 1 1 1 1 1 1 1 1 1 1 1 1 1 1 1 1 1 1 1 1
staticfield java/lang/ref/Finalizer lock Ljava/lang/Object; java/lang/Object
staticfield java/lang/ref/Finalizer $assertionsDisabled Z 1
instanceKlass jdk/internal/ref/PhantomCleanable
instanceKlass jdk/internal/ref/Cleaner
ciInstanceKlass java/lang/ref/PhantomReference 1 1 39 10 100 12 1 1 1 10 7 12 1 1 1 1 1 1 1 1 1 1 1 1 1 1 1 1 1 1 1 1 1 1 1 1 1 1 1 1 1
instanceKlass java/lang/reflect/Executable
instanceKlass java/lang/reflect/Field
ciInstanceKlass java/lang/reflect/AccessibleObject 1 1 398 10 7 12 1 1 1 9 100 12 1 1 1 10 100 12 1 1 1 10 7 12 1 1 10 7 12 1 1 1 10 100 12 1 1 1 10 12 1 1 10 12 1 1 9 12 1 1 100 1 10 7 12 1 1 1 11 12 1 100 1 10 12 1 7 1 100 1 10 12 1 10 12 1 1 7 1 10 100 12 1 1 1 10 12 1 1 100 1 10 12 1 1 100 1 10 10 10 7 12 1 1 1 10 12 1 1 10 12 1 10 12 1 10 12 1 1 10 12 1 8 1 100 1 10 10 12 1 1 8 1 10 12 1 10 12 1 8 1 8 1 8 1 8 1 8 1 8 1 100 1 10 12 1 10 12 1 9 12 1 1 10 12 1 1 10 12 1 10 11 100 1 100 1 8 1 10 10 12 1 10 12 1 1 8 1 10 12 1 8 1 10 12 1 1 10 100 1 8 1 10 11 7 12 1 1 10 12 1 1 10 12 1 1 10 12 1 1 9 12 1 1 100 1 10 12 1 7 1 10 12 1 10 12 1 1 10 100 1 10 12 1 10 12 10 12 1 10 12 1 1 10 12 1 10 12 1 1 10 12 1 9 12 1 10 100 12 1 1 8 1 10 100 12 1 1 1 8 1 10 100 12 1 1 1 9 12 1 100 1 10 7 1 10 10 7 12 1 1 1 7 1 10 10 7 12 1 1 1 7 1 9 12 1 1 1 1 1 1 1 1 1 1 1 1 1 1 1 1 1 1 1 1 1 1 1 1 1 1 1 1 1 1 1 1 1 1 1 1 1 1 1 1 1 1 1 1 1 1 1 1 1 1 1 1 1 1 1 1 1 1 1 1 1 1 1 1 1 1 1 1 1 1 1 1 1 1 1 1 1 1 1 1 1 1 1 1 1
staticfield java/lang/reflect/AccessibleObject reflectionFactory Ljdk/internal/reflect/ReflectionFactory; jdk/internal/reflect/ReflectionFactory
instanceKlass java/lang/reflect/Constructor
instanceKlass java/lang/reflect/Method
ciInstanceKlass java/lang/reflect/Executable 1 1 548 10 7 12 1 1 1 10 7 12 1 1 1 10 7 12 1 1 1 11 7 12 1 1 1 10 7 12 1 1 1 10 12 1 1 10 7 12 1 1 1 10 100 12 1 1 1 10 12 1 8 1 10 10 12 1 1 10 12 1 1 10 100 12 1 1 1 18 12 1 1 11 100 12 1 1 1 8 1 8 1 8 1 10 100 12 1 1 1 11 12 1 1 100 1 8 1 8 1 10 12 1 100 1 8 1 10 12 1 8 1 11 100 12 1 1 1 100 1 10 12 1 1 11 12 1 8 1 18 8 1 10 12 1 10 12 1 1 18 8 1 10 12 1 100 1 10 12 1 10 12 1 11 100 12 1 1 10 12 1 1 8 1 8 1 10 12 1 1 10 12 1 1 10 10 12 1 100 1 10 10 12 1 10 12 1 1 10 7 12 1 1 10 12 1 10 12 1 10 12 1 1 10 100 12 1 1 10 12 1 10 12 1 10 100 12 1 1 1 10 12 1 8 1 10 12 1 10 12 1 3 100 1 8 1 10 12 1 10 12 1 10 10 12 1 10 12 1 1 8 1 8 1 8 1 9 12 1 10 12 1 100 1 8 1 9 12 1 10 12 1 10 12 1 1 10 12 1 1 10 12 1 10 12 10 12 1 100 1 10 12 1 10 12 1 1 100 1 10 100 12 1 1 1 7 1 10 7 12 1 1 1 10 12 1 1 11 7 12 1 1 10 7 12 1 1 10 100 12 1 1 1 10 12 1 1 9 12 1 10 12 1 1 10 12 1 10 12 1 1 9 100 12 1 1 1 10 100 12 1 1 1 10 12 1 10 12 1 1 9 12 1 10 10 10 10 100 12 1 1 1 10 12 1 9 12 1 10 12 1 1 9 12 1 100 1 100 1 1 1 1 1 1 1 1 1 1 1 1 1 1 1 1 1 1 1 1 1 1 1 1 1 1 1 1 1 1 1 1 1 1 100 1 1 1 1 1 1 1 1 100 1 1 1 1 1 1 1 1 1 1 1 1 100 1 1 1 1 1 1 1 1 1 1 1 1 1 1 1 1 1 1 1 1 1 1 1 1 1 1 1 1 1 1 1 1 1 1 1 1 1 1 1 1 1 100 1 1 1 1 1 1 1 1 1 1 1 1 1 1 1 1 1 1 1 1 1 100 1 100 1 1 15 10 100 12 1 1 1 16 15 16 1 16 1 15 10 12 16 1 100 1 1 100 1 100 1 1
ciInstanceKlass java/lang/reflect/Constructor 1 1 429 10 100 12 1 1 1 10 100 12 1 1 9 7 12 1 1 1 10 12 1 1 10 12 1 1 10 100 12 1 1 9 12 1 1 10 7 12 1 1 1 9 12 1 1 9 12 1 1 9 12 1 9 12 1 1 9 12 1 9 12 1 1 9 12 1 1 9 12 1 100 1 8 1 10 12 1 10 12 1 9 12 1 1 10 7 12 1 1 10 7 12 1 1 1 10 12 1 1 10 12 1 1 10 12 1 7 1 100 1 8 1 10 10 12 1 10 12 1 10 12 1 1 10 12 1 1 100 1 10 7 12 1 1 10 12 1 1 10 12 1 10 12 1 1 10 100 12 1 1 1 10 100 12 1 1 10 12 1 1 10 12 1 10 100 12 1 1 1 8 1 10 10 12 1 100 1 8 1 10 12 1 10 12 1 1 10 12 1 1 10 12 1 10 12 1 10 12 1 1 10 12 1 1 9 12 1 1 10 12 1 1 10 12 1 1 10 12 1 8 1 10 12 1 1 11 7 12 1 1 1 10 12 1 1 10 12 1 10 12 1 9 12 1 1 10 7 12 1 1 1 10 12 1 1 10 12 1 1 10 12 1 1 10 12 1 1 10 12 1 9 100 12 1 1 10 12 1 10 12 1 10 12 1 100 1 8 1 10 10 12 1 1 10 12 1 10 10 12 1 1 10 12 1 1 10 100 12 1 1 1 11 100 12 1 1 1 10 12 1 1 9 100 12 1 1 1 10 100 12 1 1 1 10 12 1 1 1 1 1 1 1 1 1 1 1 1 1 1 1 1 1 1 1 1 1 1 1 1 1 1 1 1 1 1 1 1 1 1 1 1 1 1 1 1 1 1 1 1 1 1 1 1 1 1 1 100 1 100 1 100 1 100 1 1 1 1 1 1 1 1 1 1 1 1 1 1 1 1 1 1 1 1 1 1 1 1 1 1 1 1 1 1 1 1 1 100 1 1
ciInstanceKlass java/lang/reflect/Method 1 1 446 9 7 12 1 1 1 10 7 12 1 1 1 10 7 12 1 1 9 12 1 1 10 12 1 1 10 12 1 1 10 7 12 1 1 10 7 12 1 1 1 9 12 1 1 9 12 1 9 12 1 1 9 12 1 9 12 1 9 12 1 1 9 12 1 9 12 1 1 9 12 1 9 12 1 9 12 1 1 100 1 8 1 10 12 1 10 12 1 9 12 1 1 8 1 10 7 12 1 1 10 7 12 1 1 1 10 12 1 1 10 12 1 1 10 12 1 10 12 1 1 10 12 1 1 100 1 10 12 1 1 10 12 10 7 12 1 1 10 12 1 1 10 12 1 10 12 1 10 12 1 10 7 12 1 1 1 10 12 1 1 10 7 1 10 100 12 1 1 1 10 7 12 1 1 10 12 1 1 10 12 1 1 10 12 1 10 7 12 1 1 1 10 12 1 10 8 1 10 12 1 10 12 1 7 1 8 1 8 1 8 1 10 12 1 10 12 1 1 10 12 1 1 10 10 12 1 1 10 12 1 11 100 1 9 12 1 1 10 12 1 1 10 12 1 10 12 1 1 10 12 1 1 11 7 12 1 1 1 10 12 1 10 12 1 10 12 1 10 12 1 10 12 1 9 12 1 1 10 7 12 1 1 1 10 12 1 1 10 7 12 1 1 1 10 7 12 1 1 1 10 7 12 1 1 1 11 7 12 1 1 1 10 7 12 1 1 1 7 1 100 1 100 1 10 12 1 10 12 1 1 10 12 1 100 1 8 1 10 12 1 10 10 12 1 1 10 12 1 1 10 12 1 1 10 12 1 1 8 1 10 12 1 1 1 1 1 1 1 1 1 1 1 1 1 1 1 1 1 1 1 1 1 1 1 1 1 1 1 1 1 1 1 1 1 1 1 1 1 1 1 1 1 1 1 1 1 1 1 1 1 1 1 1 1 100 1 100 1 100 1 1 1 1 1 1 1 1 1 1 1 1 1 1 1 1 1 1 1 1 1 1 1 1 1 1
ciInstanceKlass java/lang/reflect/Field 1 1 437 9 7 12 1 1 1 10 12 1 1 10 7 12 1 1 1 10 7 12 1 1 9 12 1 1 10 12 1 1 10 12 1 1 10 7 12 1 1 10 7 12 1 1 1 9 12 1 1 9 12 1 9 12 1 9 12 1 1 9 12 1 1 9 12 1 9 12 1 1 9 12 1 1 100 1 8 1 10 12 1 10 12 1 9 12 1 1 9 12 1 10 12 1 10 7 12 1 1 10 12 1 1 10 12 1 1 10 12 1 10 12 1 1 100 1 10 12 1 1 10 12 1 1 10 12 1 1 10 12 1 10 12 1 10 7 1 10 100 12 1 1 100 1 10 8 1 10 12 1 1 10 12 1 1 8 1 10 12 10 12 1 8 1 8 1 10 11 100 1 9 12 1 10 12 1 1 10 12 1 1 11 7 12 1 1 1 11 12 1 1 11 12 1 1 11 12 1 1 11 12 1 1 11 12 1 1 11 12 1 1 11 12 1 1 11 12 1 1 11 12 1 1 11 12 1 1 11 12 1 1 11 12 1 1 11 12 1 1 11 12 1 1 11 12 1 1 11 12 1 1 11 12 1 1 10 12 1 10 100 12 1 1 10 12 1 10 12 1 1 10 12 9 12 1 1 10 7 12 1 1 1 10 12 1 1 10 7 12 1 1 10 12 1 1 11 7 1 10 12 1 7 1 10 100 12 1 1 1 10 7 12 1 1 1 9 12 1 10 7 12 1 1 1 11 7 12 1 1 1 10 12 1 1 10 12 1 1 9 100 12 1 1 1 10 100 12 1 1 1 10 12 1 1 100 1 1 1 1 1 1 1 1 1 1 1 1 1 1 1 1 1 1 1 1 1 1 1 1 1 1 1 1 1 1 1 1 1 1 1 100 1 1 1 1 1 1 1 1 1 1 1 1 1 1 1 1 1 1 1 1 1 1 1 1 1 1 1 1 1 1 1 1 1 1 100 1 1 1 1 1 1 1 1 100 1 1
ciInstanceKlass java/lang/reflect/Parameter 0 0 226 10 100 12 1 1 1 9 100 12 1 1 1 9 12 1 1 9 12 1 1 9 12 1 10 12 1 1 10 12 1 1 10 100 12 1 1 1 100 1 10 10 12 1 1 11 100 12 1 1 1 10 12 1 10 100 12 1 1 1 10 12 1 1 10 12 1 10 12 1 8 1 8 1 10 100 12 1 1 1 10 12 1 10 12 10 12 1 8 1 10 12 1 9 12 1 1 10 12 1 1 9 12 1 1 10 12 1 1 10 12 1 1 10 12 1 1 10 12 1 10 10 12 1 10 100 12 1 1 1 10 12 1 1 11 100 12 1 1 10 100 12 1 1 100 1 10 100 12 1 1 1 10 12 1 1 10 12 1 1 10 12 1 1 10 12 1 1 9 12 1 100 1 10 11 12 1 1 11 12 1 1 100 1 1 1 1 1 1 1 1 1 1 1 1 1 1 1 1 1 1 1 1 1 1 1 1 1 1 1 1 1 1 1 1 1 1 1 1 1 1 100 1 1 1 1
ciInstanceKlass java/lang/StringBuffer 1 1 470 10 7 12 1 1 1 10 12 1 10 12 1 10 12 1 1 9 7 12 1 1 1 10 12 1 1 10 12 1 10 12 1 1 9 12 1 1 10 12 1 10 12 1 1 10 12 1 1 10 12 1 10 12 1 1 10 12 1 10 12 1 1 10 12 1 1 10 100 12 1 1 1 10 12 1 1 10 12 1 10 12 1 10 12 1 10 12 1 10 12 1 10 12 1 10 12 1 10 12 1 10 12 1 10 12 1 10 12 1 10 12 1 10 12 1 10 12 1 1 10 12 1 10 12 1 1 10 12 1 1 10 10 12 1 1 10 12 1 10 12 1 10 12 1 10 12 1 10 12 1 10 12 1 10 12 10 12 1 10 12 1 10 12 1 10 12 1 1 10 12 1 10 12 1 10 10 12 1 1 10 12 1 1 9 12 1 1 10 7 12 1 1 1 10 100 1 10 10 100 12 1 1 1 10 10 12 1 10 8 10 100 12 1 1 1 8 10 12 1 8 1 10 12 1 10 12 1 10 100 12 1 1 1 10 100 12 1 1 1 7 1 10 12 100 1 8 1 10 10 12 1 1 10 12 1 1 10 12 1 1 10 12 1 10 12 1 10 12 1 10 12 1 10 12 1 10 12 1 10 12 1 10 12 1 10 12 1 10 12 1 10 12 1 10 12 1 10 12 1 10 12 1 10 12 1 10 12 1 10 12 10 12 10 12 1 10 12 1 10 12 1 10 12 10 12 1 10 12 1 10 12 1 10 12 1 10 12 1 10 12 1 10 12 1 10 12 1 10 12 1 10 12 1 10 12 1 7 1 10 12 1 9 7 12 1 1 1 9 7 1 9 12 1 1 100 1 100 1 100 1 1 1 1 5 0 1 1 1 1 1 1 1 1 1 1 1 1 1 1 1 1 1 1 1 1 1 1 1 1 1 1 1 1 1 1 1 1 1 1 1 1 1 1 1 1 1 1 1 1 1 1 1 1 1 1 1 1 1 1 1 1 1 1 1 1 100 1 1 1 1 1 100 1 1 1 1 1 1 1 1 1 1 1 1 1 1 1 1 1
staticfield java/lang/StringBuffer serialPersistentFields [Ljava/io/ObjectStreamField; 3 [Ljava/io/ObjectStreamField;
ciInstanceKlass java/lang/CharSequence 1 1 130 11 100 12 1 1 1 18 12 1 1 100 1 10 100 12 1 1 1 18 10 100 12 1 1 1 10 100 12 1 1 1 100 1 11 12 1 1 10 100 12 1 1 1 11 12 1 1 100 1 10 12 1 1 10 100 12 1 1 1 100 1 10 10 12 1 1 1 1 1 1 1 1 1 1 1 1 1 1 1 1 1 1 1 1 1 1 1 1 1 1 1 1 1 1 1 1 1 1 15 10 100 12 1 1 1 16 1 15 11 12 16 15 11 12 1 1 100 1 100 1 1 100 1 1 100 1 100 1 1
instanceKlass java/lang/StringBuilder
instanceKlass java/lang/StringBuffer
ciInstanceKlass java/lang/AbstractStringBuilder 1 1 547 7 1 7 1 10 7 12 1 1 1 9 7 12 1 1 1 9 12 1 9 12 1 1 9 12 1 1 10 7 12 1 1 1 10 12 1 1 3 3 10 12 1 10 12 1 1 11 7 1 100 1 100 1 10 8 1 10 12 1 10 12 1 10 12 1 1 10 12 1 10 12 1 10 12 1 9 12 1 1 10 12 1 1 10 7 12 1 1 1 10 10 12 1 10 12 1 10 12 1 1 10 12 1 1 10 7 12 1 1 1 10 7 12 1 1 1 100 1 8 1 10 10 12 1 1 100 1 10 12 10 12 1 1 10 10 12 1 1 10 12 1 1 10 12 1 1 10 12 1 1 100 1 10 10 12 1 10 100 12 1 1 1 10 12 1 1 10 12 1 10 12 1 1 10 10 12 1 1 10 12 10 12 1 10 12 1 1 10 12 1 1 10 12 1 1 10 12 1 10 10 12 1 1 10 12 1 10 12 1 1 8 1 10 12 1 1 10 12 1 10 12 1 10 12 1 10 12 1 10 12 1 10 12 1 10 7 12 1 1 10 12 1 10 12 1 10 100 12 1 1 1 10 12 1 10 12 1 10 12 1 10 12 1 10 12 1 1 10 12 1 10 12 1 1 10 12 1 1 10 10 7 12 1 1 1 10 12 1 10 12 1 10 12 1 1 10 12 1 10 12 1 10 12 1 10 12 1 10 12 1 10 12 1 10 12 1 10 12 1 10 12 1 1 10 12 1 10 12 1 10 12 10 12 1 1 18 12 1 1 100 1 10 100 12 1 1 1 18 10 12 1 1 10 12 1 10 12 1 1 11 12 1 10 12 1 10 12 1 10 10 12 1 10 8 1 8 1 8 1 10 10 100 1 10 12 1 100 1 10 100 1 10 100 1 1 1 3 1 1 1 1 1 1 1 1 1 1 100 1 1 1 1 1 1 1 1 1 1 1 1 1 1 1 1 1 1 1 1 1 1 1 1 1 1 1 1 1 1 1 1 1 1 1 1 1 1 1 1 1 1 1 1 1 1 1 1 1 1 1 1 1 1 1 1 1 1 1 1 1 1 1 1 1 1 1 1 1 1 1 1 1 1 1 1 1 1 1 1 1 1 1 1 1 1 1 1 1 1 1 1 1 1 1 1 1 100 1 1 100 1 1 1 1 1 100 1 1 1 1 1 1 15 10 100 12 1 1 1 16 1 15 10 12 16 15 10 12 1 1 1 1 100 1 100 1 1
staticfield java/lang/AbstractStringBuilder EMPTYVALUE [B 0
instanceKlass javax/crypto/JceSecurityManager
ciInstanceKlass java/lang/SecurityManager 1 1 576 10 7 12 1 1 1 9 7 12 1 1 1 10 7 12 1 1 1 100 1 8 1 10 12 1 10 12 1 1 10 100 12 1 1 1 10 100 1 10 100 1 10 9 100 12 1 1 1 10 7 12 1 1 1 10 12 1 1 10 7 12 1 1 100 1 8 1 10 9 12 1 1 9 12 1 8 1 9 12 1 100 1 10 8 1 10 12 1 1 10 12 1 10 12 1 1 100 1 10 10 12 1 1 100 1 8 1 10 12 1 8 1 8 1 8 1 8 1 8 1 8 1 10 12 1 8 1 8 1 8 1 8 1 8 1 10 100 12 1 1 1 10 12 1 1 8 1 100 1 8 1 10 8 1 8 1 8 1 8 1 8 1 10 100 12 1 1 8 1 100 1 8 1 8 1 10 8 1 10 12 1 100 1 8 1 10 10 12 1 1 10 12 1 10 12 1 10 12 1 10 7 12 1 1 1 10 12 1 10 7 12 1 1 11 7 12 1 1 1 18 12 1 1 11 7 12 1 1 1 18 12 1 1 11 12 1 1 18 18 11 12 1 18 12 1 11 12 1 1 9 12 1 1 9 12 1 9 12 1 9 12 1 7 1 10 7 12 1 1 10 12 1 10 12 1 18 12 1 18 10 7 12 1 1 1 18 12 1 10 12 1 18 18 8 1 10 12 1 9 12 1 1 11 7 12 1 1 1 8 1 100 1 10 12 1 10 12 1 1 10 12 1 1 9 12 1 1 10 12 1 10 12 1 1 8 1 100 1 10 9 12 1 8 1 10 12 1 8 1 100 1 10 10 7 12 1 1 10 7 1 9 7 12 1 1 1 11 12 1 1 10 12 1 11 12 1 10 12 1 7 1 10 10 12 1 1 10 12 1 1 1 1 1 1 1 1 1 1 1 100 1 1 1 1 1 1 1 1 1 1 1 1 1 1 1 1 1 1 1 1 1 1 1 1 1 1 1 1 1 1 1 1 1 1 1 1 1 1 1 1 1 1 1 1 1 1 1 1 1 1 1 1 1 1 1 1 3 1 1 1 1 1 1 1 1 1 1 100 1 1 1 1 1 1 1 1 1 1 1 1 1 1 1 1 1 1 1 1 1 1 1 1 1 1 1 1 1 1 1 1 1 1 1 1 1 1 15 10 7 12 1 1 1 16 15 10 7 12 1 1 1 16 1 16 15 10 12 16 1 15 10 12 16 15 11 7 1 16 1 16 1 15 10 12 16 15 10 12 16 15 10 12 1 16 1 15 11 12 1 15 10 12 16 15 10 16 1 1 1 1 100 1 100 1 1
staticfield java/lang/SecurityManager packageAccessLock Ljava/lang/Object; java/lang/Object
staticfield java/lang/SecurityManager packageDefinitionLock Ljava/lang/Object; java/lang/Object
staticfield java/lang/SecurityManager nonExportedPkgs Ljava/util/Map; java/util/concurrent/ConcurrentHashMap
ciInstanceKlass java/security/AccessControlContext 1 1 373 9 7 12 1 1 1 9 12 1 1 10 100 12 1 1 1 8 1 10 100 12 1 1 1 10 7 12 1 1 1 9 12 1 9 12 1 1 9 12 1 1 10 7 12 1 1 100 1 10 12 1 11 100 12 1 1 1 11 12 1 11 12 1 11 12 1 1 7 1 11 12 1 1 10 12 1 10 7 12 1 1 1 9 100 12 1 1 1 10 100 12 1 1 1 11 100 12 1 1 1 10 7 1 100 1 8 1 10 12 1 10 12 1 1 7 1 10 7 12 1 1 1 9 12 1 9 12 1 9 12 1 9 12 1 1 9 12 1 1 9 12 1 9 12 1 10 7 12 1 1 1 9 12 1 10 12 1 1 10 12 1 1 8 1 10 12 1 1 10 12 1 1 10 100 12 1 1 1 100 1 10 10 12 1 1 10 100 12 1 1 1 10 8 1 10 100 12 1 1 8 1 10 100 12 1 1 8 1 8 1 10 12 1 8 1 10 12 1 8 1 10 12 1 10 12 1 10 12 1 1 8 1 8 1 100 1 10 12 1 10 12 1 1 100 1 10 12 1 8 1 10 12 1 10 12 1 10 8 1 10 12 1 1 10 12 1 1 10 12 1 1 10 12 1 1 10 12 1 10 12 1 10 12 1 10 12 1 1 10 10 10 12 1 1 1 1 1 1 1 1 1 1 1 1 1 1 1 1 1 1 1 1 1 1 1 1 100 1 1 1 1 1 1 1 1 1 1 1 1 1 1 1 1 1 1 1 1 1 1 1 1 1 1 1 1 1 1 1 1 1 1 1 1 1 1 1 1 1 1 1 1 1 1 1 1 1 1 1 1 3 1 1
ciInstanceKlass java/net/URL 1 1 743 10 7 12 1 1 1 10 12 1 10 7 12 1 1 9 12 1 1 9 12 1 10 7 12 1 1 1 10 12 1 1 10 12 1 1 9 12 1 1 10 7 12 1 1 1 8 1 10 12 1 1 100 1 10 10 12 1 1 8 1 10 12 1 1 9 12 1 100 1 8 1 10 12 1 10 12 1 8 1 9 12 1 10 12 1 1 9 12 1 10 12 1 10 12 1 9 12 1 9 12 1 8 1 9 12 1 10 12 1 1 8 1 9 12 1 1 10 12 1 1 10 7 12 1 1 1 8 1 10 12 1 7 1 10 12 1 10 12 1 10 12 1 10 12 1 1 10 12 1 1 8 1 10 12 1 1 10 12 1 8 1 9 12 1 8 1 10 12 1 10 7 12 1 1 1 100 1 10 12 1 10 12 1 1 10 7 12 1 1 1 100 1 8 1 10 10 12 1 8 1 10 12 1 1 10 12 1 10 12 1 10 12 1 10 12 1 10 12 1 8 1 10 12 1 10 10 7 12 1 1 1 10 12 1 9 100 12 1 1 1 10 100 12 1 1 1 9 12 1 1 10 12 1 10 100 12 1 1 1 100 1 100 1 10 12 1 10 12 1 10 12 1 10 12 1 10 12 1 10 12 10 10 10 12 1 100 1 10 12 1 10 12 1 1 8 1 9 7 12 1 1 1 10 100 12 1 1 1 10 12 1 1 9 7 12 1 1 1 10 12 1 1 100 1 10 12 1 10 12 1 10 10 12 1 1 10 12 1 1 10 12 1 10 12 1 10 12 1 10 7 12 1 1 1 10 12 1 1 10 12 1 9 12 1 1 9 12 1 1 100 1 8 1 10 10 12 1 9 12 1 1 10 7 12 1 1 8 1 10 7 12 1 1 8 1 10 12 1 1 10 12 1 8 1 8 1 10 7 12 1 1 1 100 1 10 100 12 1 1 1 10 12 1 10 12 1 7 1 10 9 12 1 1 10 7 12 1 1 8 1 10 12 1 1 7 1 10 10 7 12 1 1 1 8 9 7 12 1 1 1 10 12 1 10 12 1 10 12 1 10 12 1 10 7 12 1 1 11 7 12 1 1 10 12 1 10 12 1 9 12 1 10 12 1 1 10 100 12 1 1 10 100 12 1 1 1 8 10 100 12 1 1 100 1 10 8 8 10 12 1 8 8 8 100 1 10 12 1 9 12 1 1 10 12 1 10 12 1 1 10 12 1 10 12 10 12 1 1 10 12 1 1 10 10 10 12 1 10 12 1 10 12 1 10 12 1 10 12 1 10 10 12 1 100 1 8 1 10 10 10 12 1 1 10 12 1 10 12 1 1 8 1 7 1 10 10 10 7 1 10 12 1 9 7 12 1 1 1 9 12 1 1 7 1 10 10 7 12 1 1 1 100 1 1 1 1 1 5 0 1 1 1 1 1 1 1 1 1 1 1 1 1 1 1 1 1 1 1 1 1 1 1 1 1 1 1 1 1 1 1 1 1 1 1 1 1 1 1 100 1 1 1 1 1 1 1 1 1 1 1 1 1 1 1 1 1 1 1 1 1 1 1 1 1 1 1 1 1 1 1 1 1 1 1 1 1 100 1 1 1 1 1 1 1 1 1 1 1 1 1 1 1 1 100 1 1 1 1 1 1 1 1 1 1 1 1 1 1 1 1 1 1
staticfield java/net/URL defaultFactory Ljava/net/URLStreamHandlerFactory; java/net/URL$DefaultFactory
staticfield java/net/URL streamHandlerLock Ljava/lang/Object; java/lang/Object
staticfield java/net/URL serialPersistentFields [Ljava/io/ObjectStreamField; 7 [Ljava/io/ObjectStreamField;
ciInstanceKlass java/util/jar/Manifest 1 1 336 10 7 12 1 1 1 7 1 10 9 7 12 1 1 1 7 1 10 9 12 1 1 9 12 1 1 10 12 1 10 12 1 1 10 12 1 1 10 12 1 1 10 12 1 1 11 7 1 11 12 1 1 10 12 1 1 10 100 12 1 1 1 100 1 100 1 10 8 1 10 12 1 1 10 12 1 1 10 12 1 10 12 1 11 100 1 10 12 1 10 12 1 1 11 12 1 1 10 12 1 11 12 1 1 11 100 12 1 1 1 11 100 12 1 1 11 12 1 1 100 1 10 12 1 8 1 11 12 1 100 1 10 12 1 1 11 12 1 10 12 1 10 12 1 10 100 12 1 1 1 8 1 10 12 1 1 10 9 100 12 1 1 1 10 12 1 1 10 100 12 1 10 12 1 10 12 1 9 100 12 1 1 1 8 1 10 12 1 8 1 8 1 7 1 10 12 1 10 12 1 10 12 1 1 100 1 8 1 10 12 1 1 8 1 10 10 12 1 1 8 1 10 12 1 1 10 100 12 1 1 1 10 12 1 10 11 12 1 1 10 12 1 10 100 12 1 1 1 10 12 1 1 10 12 1 1 11 10 12 1 11 10 12 1 100 1 1 1 1 1 1 1 1 1 1 1 1 1 1 1 1 1 1 1 1 1 1 1 1 1 1 1 1 1 1 1 1 1 1 1 1 1 1 1 1 1 1 1 100 1 1 1 1 1 1 1 1 1 1 1 1 1 1 100 1 1 1 1 1 1 1 1 1 1 1
instanceKlass java/util/concurrent/ConcurrentSkipListMap
instanceKlass java/util/EnumMap
instanceKlass java/util/TreeMap
instanceKlass java/util/IdentityHashMap
instanceKlass java/util/WeakHashMap
instanceKlass java/util/Collections$EmptyMap
instanceKlass sun/util/PreHashedMap
instanceKlass java/util/HashMap
instanceKlass java/util/ImmutableCollections$AbstractImmutableMap
instanceKlass java/util/concurrent/ConcurrentHashMap
ciInstanceKlass java/util/AbstractMap 1 1 192 10 7 12 1 1 1 10 7 12 1 1 1 11 7 12 1 1 1 10 11 12 1 1 11 7 12 1 1 1 11 12 1 1 7 1 11 12 1 10 12 1 1 11 12 1 100 1 10 11 12 1 11 7 1 10 12 1 1 11 12 1 9 12 1 1 7 1 10 12 1 9 12 1 1 100 1 10 11 11 12 1 1 11 12 1 100 1 100 1 11 12 1 8 1 100 1 10 10 12 1 1 8 1 10 12 1 10 12 1 1 10 12 1 1 1 1 1 1 1 1 1 1 1 1 1 1 1 1 1 1 1 1 1 1 1 1 1 1 1 1 1 1 1 1 1 1 1 1 1 1 1 1 100 1 1 1 1 1 1 1 1 1 1 1 1 1 1 1 1 100 1 1 1 1 1 1 1 1 1 100 1 100 1 100 1 100 1 1 1 1 1
instanceKlass sun/security/jca/ProviderList$ServiceList
instanceKlass sun/security/jca/ProviderList$3
instanceKlass java/util/Vector
instanceKlass com/sun/xml/bind/v2/model/impl/ElementPropertyInfoImpl$1
instanceKlass java/util/ArrayList$SubList
instanceKlass java/util/Collections$SingletonList
instanceKlass java/util/AbstractSequentialList
instanceKlass java/util/Arrays$ArrayList
instanceKlass java/util/Collections$EmptyList
instanceKlass java/util/ArrayList
ciInstanceKlass java/util/AbstractList 1 1 218 10 7 12 1 1 1 9 7 12 1 1 1 10 12 1 1 10 12 1 1 100 1 10 10 12 1 1 11 7 12 1 1 1 11 12 1 1 11 12 1 10 7 12 1 1 1 10 12 1 11 12 1 11 12 1 11 12 1 10 12 1 1 10 12 1 1 11 100 12 1 1 1 11 7 1 11 7 1 10 12 1 7 1 10 12 1 10 12 1 1 100 1 100 1 10 12 1 100 1 10 100 1 100 1 10 8 1 10 12 1 1 10 12 1 10 12 1 1 10 12 1 8 1 100 1 8 1 8 1 8 1 10 7 1 11 10 10 12 1 11 12 1 10 12 1 1 8 1 8 1 1 1 1 1 1 1 1 1 1 1 1 1 1 1 1 1 1 1 1 1 1 1 1 1 1 1 1 1 1 1 1 1 1 1 1 1 1 1 1 1 1 1 1 1 1 1 1 1 1 1 1 1 1 1 1 1 1 100 1 100 1 1 1 1 1 1 1
ciInstanceKlass java/lang/AssertionStatusDirectives 0 0 24 10 100 12 1 1 1 100 1 1 1 1 1 1 1 1 1 1 1 1 1 1 1 1
ciInstanceKlass java/lang/invoke/MethodHandleNatives$CallSiteContext 1 1 49 10 7 12 1 1 1 7 1 10 10 7 12 1 1 1 10 7 12 1 1 1 10 7 12 1 1 1 100 1 1 1 1 1 1 1 1 1 1 1 1 1 1 1 1 1 100 1 1
ciInstanceKlass jdk/internal/invoke/NativeEntryPoint 0 0 92 10 100 12 1 1 1 9 100 12 1 1 1 10 100 12 1 1 1 100 1 9 12 1 9 12 1 9 12 1 1 9 12 1 1 9 12 1 1 100 1 8 1 10 12 1 11 100 12 1 1 1 10 12 1 1 10 12 1 11 100 12 1 1 11 12 1 10 12 1 1 10 12 1 1 1 1 1 1 1 1 1 1 1 1 1 1 1 1 1 1 1
instanceKlass java/lang/invoke/VolatileCallSite
instanceKlass java/lang/invoke/MutableCallSite
instanceKlass java/lang/invoke/ConstantCallSite
ciInstanceKlass java/lang/invoke/CallSite 1 1 302 10 7 12 1 1 1 10 7 12 1 1 1 9 7 12 1 1 1 10 12 1 1 9 12 1 1 10 7 12 1 1 1 10 12 1 100 1 10 12 1 1 10 12 1 1 9 100 12 1 1 1 10 100 12 1 1 10 12 1 1 100 1 100 1 10 10 100 12 1 1 1 10 12 1 1 8 1 10 12 1 10 12 1 1 10 12 1 10 12 1 1 10 12 1 1 10 10 100 12 1 1 10 12 1 1 9 12 1 9 100 12 1 1 1 8 1 10 7 12 1 1 1 10 12 1 1 100 1 10 12 1 1 9 12 1 8 1 100 1 10 12 1 10 12 1 100 1 8 1 10 10 12 1 10 12 1 1 100 1 10 12 1 1 10 12 1 10 12 1 10 12 1 1 10 12 1 1 9 12 1 1 8 10 12 1 1 9 12 1 1 100 1 10 10 12 1 10 100 12 1 1 1 10 12 1 1 10 12 1 1 10 12 1 10 7 12 1 1 1 100 1 8 1 10 10 12 10 12 1 1 100 1 100 1 100 1 8 1 10 12 1 10 7 12 1 1 1 1 1 1 1 1 1 1 1 1 1 1 1 1 1 1 1 1 1 1 1 1 1 1 1 1 1 1 1 1 1 1 1 1 1 1 1 1 1 1 1 1 1 1 1 1 1 1 1 1 1 1 1 1 1
staticfield java/lang/invoke/CallSite $assertionsDisabled Z 1
ciInstanceKlass java/lang/invoke/VolatileCallSite 0 0 37 10 100 12 1 1 1 10 12 1 10 100 12 1 1 1 10 12 1 10 12 1 1 1 1 1 1 1 1 1 1 1 1 1 1 1 1
ciInstanceKlass java/lang/invoke/MethodType 1 1 771 7 1 10 7 12 1 1 1 9 12 1 1 9 12 1 1 9 12 1 1 10 7 12 1 1 1 9 7 12 1 1 8 1 10 100 12 1 1 1 9 7 1 9 7 1 10 12 1 1 100 1 10 8 1 10 12 1 1 10 12 1 10 12 1 1 100 1 8 1 10 12 1 100 1 10 10 12 1 10 12 1 1 10 12 1 1 11 7 12 1 1 1 9 12 1 11 12 1 1 7 7 1 10 7 12 1 1 1 10 12 1 9 12 1 1 10 7 12 1 1 10 12 1 1 10 7 12 1 1 1 10 7 12 1 1 1 10 12 1 9 12 1 1 10 12 1 1 100 1 10 12 1 1 10 12 1 1 10 12 1 1 10 12 1 1 10 12 1 1 10 12 1 10 12 1 10 12 1 1 10 12 1 8 1 8 1 10 12 1 1 9 12 1 1 100 1 10 10 12 1 1 10 12 1 10 12 1 1 10 12 1 1 10 12 1 10 12 1 1 10 12 1 8 1 10 12 1 1 10 100 12 1 1 1 10 12 1 10 12 1 1 10 12 1 10 12 1 10 12 1 1 10 12 1 10 12 1 9 12 1 10 12 1 10 10 12 1 1 10 12 1 9 12 1 1 10 12 1 1 10 12 1 1 10 12 1 1 10 12 1 1 7 1 10 12 10 12 1 10 12 1 100 1 8 1 8 1 8 1 10 12 1 10 12 1 10 12 1 10 11 12 1 1 11 12 1 10 100 12 1 1 1 9 12 1 10 12 1 10 12 1 1 10 12 1 1 10 12 1 10 12 1 10 100 12 1 1 1 10 12 1 1 10 12 1 10 12 1 10 12 1 10 9 12 1 1 7 1 10 12 1 10 12 1 1 9 100 12 1 1 1 10 100 12 1 1 1 10 100 12 1 1 1 10 12 1 1 10 100 12 1 1 1 10 12 1 1 8 1 10 7 12 1 1 1 11 12 1 1 9 12 1 1 10 12 1 1 10 12 1 10 12 1 1 10 12 1 1 10 100 12 1 1 100 1 10 12 1 1 11 100 12 1 1 1 18 12 1 1 11 12 1 1 18 12 1 11 12 1 100 1 11 100 12 1 1 10 12 1 100 1 10 12 1 10 100 12 1 1 10 12 1 1 9 12 1 1 9 100 12 1 1 1 10 100 12 1 1 1 9 12 1 10 100 12 1 1 10 12 1 100 10 12 1 1 10 12 1 10 7 1 7 1 9 12 1 1 100 1 100 1 100 1 1 1 5 0 1 1 1 1 1 1 1 3 1 3 1 3 1 1 1 1 1 1 1 1 1 1 1 1 1 1 1 1 1 1 1 1 1 1 1 1 1 1 1 1 1 1 1 1 1 1 1 1 1 1 1 1 1 1 1 1 1 1 1 1 1 1 1 1 1 1 1 1 1 1 1 1 1 1 1 1 1 1 1 1 1 1 1 1 1 1 1 1 1 1 1 1 1 1 1 1 1 1 1 1 1 1 1 1 1 1 1 1 1 1 1 1 1 1 1 1 1 1 1 1 1 1 1 1 1 1 1 1 1 1 1 1 1 1 1 1 1 1 1 100 1 100 1 1 1 1 1 1 1 1 1 1 1 1 1 100 1 1 1 100 1 1 1 1 1 1 1 1 1 1 1 1 1 1 1 1 1 1 1 1 1 15 10 100 12 1 1 1 16 15 10 12 16 16 15 10 12 16 1 1 1 1 100 1 1 100 1 1 100 1 100 1 1
staticfield java/lang/invoke/MethodType internTable Ljava/lang/invoke/MethodType$ConcurrentWeakInternSet; java/lang/invoke/MethodType$ConcurrentWeakInternSet
staticfield java/lang/invoke/MethodType NO_PTYPES [Ljava/lang/Class; 0 [Ljava/lang/Class;
staticfield java/lang/invoke/MethodType objectOnlyTypes [Ljava/lang/invoke/MethodType; 20 [Ljava/lang/invoke/MethodType;
staticfield java/lang/invoke/MethodType METHOD_HANDLE_ARRAY [Ljava/lang/Class; 1 [Ljava/lang/Class;
staticfield java/lang/invoke/MethodType serialPersistentFields [Ljava/io/ObjectStreamField; 0 [Ljava/io/ObjectStreamField;
staticfield java/lang/invoke/MethodType $assertionsDisabled Z 1
ciInstanceKlass java/lang/BootstrapMethodError 0 0 45 10 100 12 1 1 1 10 12 1 10 12 1 10 100 12 1 1 1 10 100 12 1 1 1 1 1 1 5 0 1 1 1 1 1 1 1 1 1 1 1 100 1 1 1
instanceKlass jdk/net/UnixDomainPrincipal
ciInstanceKlass java/lang/Record 0 0 22 10 100 12 1 1 1 100 1 1 1 1 1 1 1 1 1 1 1 1 1 1
ciInstanceKlass java/lang/ClassNotFoundException 1 1 96 7 1 10 7 12 1 1 1 10 12 1 10 12 1 1 10 100 12 1 1 1 8 1 10 100 12 1 1 1 10 7 12 1 1 10 100 12 1 1 1 10 100 12 1 1 1 10 12 1 1 7 1 10 12 1 9 12 1 1 1 1 1 5 0 1 1 1 1 1 1 1 1 1 1 1 1 1 1 1 1 1 1 100 1 1 1 1 1 1 1 1 1 1 1 1
staticfield java/lang/ClassNotFoundException serialPersistentFields [Ljava/io/ObjectStreamField; 1 [Ljava/io/ObjectStreamField;
ciInstanceKlass jdk/internal/loader/ClassLoaders$AppClassLoader 1 1 119 8 1 10 7 12 1 1 1 10 7 12 1 1 1 10 100 12 1 1 1 10 12 1 1 10 100 12 1 1 1 10 12 1 1 10 12 1 1 7 1 8 1 10 12 10 7 12 1 1 1 10 100 12 1 1 10 12 1 1 10 12 1 1 10 7 12 1 1 1 100 1 10 12 1 1 1 1 1 1 1 1 1 1 1 1 1 1 1 1 1 1 1 1 1 100 1 1 1 1 1 1 1 1 1 1 1 1 1 1 1 1 1 1 1 100 1 1 1
ciInstanceKlass jdk/internal/loader/ClassLoaders$PlatformClassLoader 1 1 42 8 1 10 7 12 1 1 1 10 7 12 1 1 1 100 1 10 12 1 100 1 1 1 1 1 1 1 1 1 1 1 1 1 1 100 1 1 1 100 1 1
ciInstanceKlass java/lang/ArithmeticException 1 1 26 10 100 12 1 1 1 10 12 1 100 1 1 1 1 5 0 1 1 1 1 1 1 1 1 1
instanceKlass kotlin/KotlinNullPointerException
ciInstanceKlass java/lang/NullPointerException 1 1 52 10 7 12 1 1 1 10 12 1 9 7 12 1 1 1 10 12 1 1 9 12 1 1 10 12 1 1 10 12 1 1 1 1 5 0 1 1 1 1 1 1 1 1 100 1 100 1 100 1 1 1
ciInstanceKlass java/lang/IllegalMonitorStateException 1 1 26 10 100 12 1 1 1 10 12 1 100 1 1 1 1 5 0 1 1 1 1 1 1 1 1 1
ciInstanceKlass java/lang/OutOfMemoryError 1 1 26 10 100 12 1 1 1 10 12 1 100 1 1 1 1 5 0 1 1 1 1 1 1 1 1 1
ciInstanceKlass java/lang/InternalError 0 0 34 10 100 12 1 1 1 10 12 1 10 12 1 10 12 1 100 1 1 1 1 5 0 1 1 1 1 1 1 1 1 1 1 1
ciInstanceKlass java/lang/ClassCastException 1 1 26 10 100 12 1 1 1 10 12 1 100 1 1 1 1 5 0 1 1 1 1 1 1 1 1 1
ciInstanceKlass java/lang/NoClassDefFoundError 0 0 26 10 100 12 1 1 1 10 12 1 100 1 1 1 1 5 0 1 1 1 1 1 1 1 1 1
instanceKlass java/nio/CharBuffer
instanceKlass java/nio/IntBuffer
instanceKlass java/nio/LongBuffer
instanceKlass java/nio/ByteBuffer
ciInstanceKlass java/nio/Buffer 1 1 224 100 1 10 7 12 1 1 1 9 7 12 1 1 1 9 12 1 9 12 1 1 9 12 1 9 12 1 1 10 12 1 1 10 12 1 1 10 12 100 1 100 1 10 8 1 10 12 1 1 10 12 1 8 1 8 1 10 12 1 1 10 12 1 8 1 9 12 1 1 100 1 8 1 10 12 1 8 1 8 1 9 12 10 12 1 8 1 8 1 8 1 10 12 1 8 1 8 1 8 1 100 1 10 100 1 10 100 1 10 100 1 10 10 100 12 1 1 1 10 11 100 12 1 1 10 7 12 1 1 1 10 7 12 1 1 1 9 12 1 1 10 7 12 1 1 1 9 12 1 1 7 1 10 10 7 12 1 1 1 1 1 3 1 1 1 1 1 1 1 1 1 1 1 1 1 1 1 1 1 1 100 1 1 1 1 1 1 1 1 1 1 1 1 1 1 1 1 1 1 1 1 1 1 1 1 1 1 1 1 1 1 1 1 1 1 1 1 1 1 1 1 1 1
staticfield java/nio/Buffer UNSAFE Ljdk/internal/misc/Unsafe; jdk/internal/misc/Unsafe
staticfield java/nio/Buffer SCOPED_MEMORY_ACCESS Ljdk/internal/misc/ScopedMemoryAccess; jdk/internal/misc/ScopedMemoryAccess
staticfield java/nio/Buffer $assertionsDisabled Z 1
instanceKlass jdk/internal/math/FormattedFloatingDecimal$1
instanceKlass jdk/internal/math/FloatingDecimal$1
instanceKlass com/sun/xml/bind/v2/ClassFactory$1
instanceKlass jdk/internal/misc/TerminatingThreadLocal$1
instanceKlass jdk/internal/misc/TerminatingThreadLocal
ciInstanceKlass java/lang/ThreadLocal 1 1 141 9 7 12 1 1 1 3 10 7 12 1 1 1 100 1 10 12 1 1 10 7 12 1 1 10 12 1 9 12 1 1 10 7 12 1 1 1 10 12 1 1 10 7 12 1 1 1 9 7 12 1 1 1 10 12 1 1 10 12 1 10 12 1 1 10 12 1 1 7 1 10 12 1 1 10 12 1 1 9 12 1 1 10 12 10 12 1 100 1 10 10 1 1 1 1 1 1 1 1 1 1 1 1 1 1 1 1 1 1 1 1 1 1 1 1 1 1 1 1 1 1 1 1 1 1 1 1 1 1 1 1 1 1 1 1 1 1 1 1 1
ciInstanceKlass jdk/internal/misc/UnsafeConstants 1 1 34 10 100 12 1 1 1 9 7 12 1 1 1 9 12 1 9 12 1 1 9 12 1 9 12 1 1 1 1 1 1 1 1 1
staticfield jdk/internal/misc/UnsafeConstants ADDRESS_SIZE0 I 8
staticfield jdk/internal/misc/UnsafeConstants PAGE_SIZE I 4096
staticfield jdk/internal/misc/UnsafeConstants BIG_ENDIAN Z 0
staticfield jdk/internal/misc/UnsafeConstants UNALIGNED_ACCESS Z 1
staticfield jdk/internal/misc/UnsafeConstants DATA_CACHE_LINE_FLUSH_SIZE I 0
instanceKlass java/lang/invoke/DelegatingMethodHandle
instanceKlass java/lang/invoke/BoundMethodHandle
instanceKlass java/lang/invoke/DirectMethodHandle
ciInstanceKlass java/lang/invoke/MethodHandle 1 1 644 100 1 9 7 12 1 1 1 10 7 12 1 1 1 10 7 12 1 1 1 7 1 7 1 10 12 1 1 9 12 1 1 10 12 1 10 12 1 1 10 12 1 1 10 100 12 1 1 1 10 12 1 1 10 12 1 1 11 100 12 1 1 1 10 12 1 1 10 12 1 10 12 1 9 12 1 1 10 12 1 1 100 1 100 1 10 8 1 10 12 1 1 10 12 1 8 1 10 12 1 1 10 12 1 10 7 12 1 1 1 10 12 1 10 12 1 1 10 12 1 1 10 12 1 1 10 12 1 1 10 7 12 1 1 1 10 100 12 1 1 1 7 1 10 12 1 1 10 12 1 1 10 12 1 1 8 1 10 7 12 1 1 1 8 1 10 12 1 1 10 12 1 1 10 12 1 1 10 12 1 8 1 10 12 1 1 8 1 10 12 1 8 1 10 100 12 1 1 1 9 12 1 1 100 1 10 9 100 12 1 1 1 9 100 1 8 1 10 12 1 1 10 12 1 10 12 1 1 10 12 1 10 12 1 1 10 12 1 10 12 1 1 10 12 1 10 12 1 1 10 12 1 1 8 1 10 12 1 1 8 1 10 12 1 10 12 1 1 10 12 1 10 12 1 10 12 1 1 9 100 12 1 1 1 10 12 1 1 11 12 1 10 12 1 10 12 1 1 10 100 12 1 1 1 100 1 11 12 1 10 100 1 11 12 1 100 1 10 12 1 11 12 1 9 100 12 1 1 1 11 12 1 1 11 100 12 1 1 1 10 12 1 1 9 12 1 11 12 1 9 12 1 9 12 1 9 12 1 11 12 1 1 9 12 1 9 12 1 9 12 1 9 12 1 9 12 1 9 12 1 9 12 1 8 1 10 12 1 10 12 1 8 1 10 12 1 10 12 1 10 10 7 12 1 1 10 12 1 1 100 1 8 1 10 12 1 1 10 12 1 1 10 12 1 10 12 1 100 1 10 100 12 1 1 1 10 12 1 9 7 12 1 1 1 10 12 1 1 10 12 1 1 8 1 9 12 1 9 12 1 1 9 12 1 1 10 12 1 7 1 10 12 1 10 12 1 1 9 12 1 1 9 12 1 1 10 7 12 1 1 1 11 7 12 1 1 9 12 1 10 12 1 1 10 12 1 9 12 1 10 12 1 8 10 12 1 1 8 1 1 1 1 1 1 100 1 1 1 1 1 1 1 1 1 1 1 1 1 1 1 1 1 1 1 1 1 1 1 1 1 1 1 1 1 1 1 1 1 1 1 1 1 1 1 1 1 1 1 1 1 1 1 1 1 1 1 1 1 1 1 1 1 1 1 1 1 1 1 1 1 1 1 1 1 100 1 1 1 1 1 1 1 1 1 100 1 1 1 1 1 1 1 1 1 1 1 1 1 1 1 1 1 1 1 1 1 1 1 1 1 1 1 100 1 1 100 1 1 100 1 1 1 1
staticfield java/lang/invoke/MethodHandle FORM_OFFSET J 20
staticfield java/lang/invoke/MethodHandle UPDATE_OFFSET J 13
staticfield java/lang/invoke/MethodHandle $assertionsDisabled Z 1
ciInstanceKlass jdk/internal/reflect/CallerSensitive 0 0 17 100 1 100 1 100 1 1 1 1 1 1 1 1 1 1 1
ciInstanceKlass jdk/internal/reflect/NativeConstructorAccessorImpl 1 1 126 10 7 12 1 1 1 9 7 12 1 1 1 9 12 1 1 10 7 12 1 1 1 10 7 12 1 1 1 10 7 12 1 1 1 9 12 1 9 12 1 1 9 12 1 1 10 7 12 1 1 1 7 1 10 10 12 1 1 10 12 1 10 12 1 10 12 1 1 9 12 1 1 10 7 12 1 1 1 100 1 10 12 1 1 10 12 1 1 8 10 12 1 1 1 1 1 1 1 1 1 1 1 1 1 1 1 1 1 1 1 1 1 1 100 1 100 1 100 1 1 1 1 1 1 1
staticfield jdk/internal/reflect/NativeConstructorAccessorImpl U Ljdk/internal/misc/Unsafe; jdk/internal/misc/Unsafe
staticfield jdk/internal/reflect/NativeConstructorAccessorImpl GENERATED_OFFSET J 16
instanceKlass sun/net/www/http/KeepAliveCache
instanceKlass com/sun/xml/bind/v2/model/impl/ClassInfoImpl$PropertySorter
instanceKlass java/lang/ProcessEnvironment
instanceKlass java/util/LinkedHashMap
ciInstanceKlass java/util/HashMap 1 1 610 10 7 12 1 1 1 100 1 10 12 1 1 100 1 10 7 12 1 1 1 100 1 11 12 1 1 11 12 1 11 12 1 1 10 7 12 1 1 1 7 1 3 10 7 12 1 1 1 100 1 100 1 10 8 1 10 12 1 1 10 12 1 10 12 1 1 10 12 1 10 7 12 1 1 1 8 1 10 12 1 9 12 1 1 10 12 1 9 12 1 1 4 10 12 1 10 12 1 1 11 7 12 1 1 9 12 1 1 4 10 12 1 1 11 12 1 1 11 7 12 1 1 1 11 7 12 1 1 1 11 12 1 1 7 1 11 12 1 11 12 1 10 12 1 10 12 1 1 9 12 10 12 1 1 9 7 12 1 1 1 9 12 9 12 1 10 12 1 1 9 12 1 7 1 10 12 1 1 10 12 1 1 10 12 1 1 10 12 1 1 10 12 1 1 9 12 1 10 12 1 1 3 10 12 1 1 10 12 1 1 9 12 1 1 9 10 12 1 1 10 12 1 1 10 12 1 1 10 12 1 9 12 1 1 7 1 10 12 1 10 12 1 10 7 12 1 1 1 7 1 9 12 1 1 7 1 10 9 12 7 1 10 100 1 10 11 7 12 1 1 1 100 1 10 11 100 12 1 1 11 100 12 1 1 1 10 12 1 100 1 100 1 10 12 1 10 12 1 10 12 1 10 100 12 1 1 10 12 1 1 10 12 1 1 10 100 12 1 1 1 8 10 100 12 1 1 1 100 1 10 4 10 100 12 1 1 1 4 10 12 1 10 100 12 1 1 1 10 12 1 8 1 4 10 100 12 1 1 1 100 1 11 100 12 1 1 1 10 12 1 10 12 1 10 10 12 1 1 100 1 100 1 1 1 1 5 0 1 3 1 1 1 3 1 3 1 3 1 1 1 1 1 1 1 1 1 1 1 1 1 1 1 1 1 1 1 1 1 1 100 1 1 1 1 1 1 1 1 1 1 1 1 1 1 1 1 1 1 1 1 1 1 1 1 1 1 1 1 1 1 1 1 100 1 1 1 1 1 1 1 1 1 1 1 1 1 1 1 1 1 1 1 1 1 1 1 1 1 1 1 1 1 1 1 1 1 1 1 1 1 1 1 1 1 1 1 1 1 1 1 1 1 1 100 1 1 1 1 1 1 1 1 1 1 1 1 1 1 1 1 1 1 1 1 1 1 1 1 1 1 1 1 1 1 1 1 1 1 1 1 1 1 1 1 1 1 1 1 1 1 1 1 100 1 1 1 1 1 1 1 1 100 1 1 1 1 1 1 1 1 1 1 1 1 1 1 100 1 100 1 100 1 100 1 100 1 100 1 100 1 100 1 1 1 1 1 1 1 1 1 1 1 1 1 1 1 1 1 1
ciMethod java/util/HashMap containsKey (Ljava/lang/Object;)Z 514 0 8207 0 1216
instanceKlass java/lang/invoke/DirectMethodHandle$Special
instanceKlass java/lang/invoke/DirectMethodHandle$Interface
instanceKlass java/lang/invoke/DirectMethodHandle$Accessor
instanceKlass java/lang/invoke/DirectMethodHandle$Constructor
ciInstanceKlass java/lang/invoke/DirectMethodHandle 1 1 940 7 1 7 1 100 1 7 1 7 1 10 7 12 1 1 1 10 7 12 1 1 1 100 1 10 12 1 10 12 1 1 10 7 12 1 1 10 12 1 1 10 12 1 10 12 1 7 1 10 12 1 1 10 12 1 1 10 12 1 10 12 1 1 10 7 12 1 1 1 10 12 1 9 12 1 1 100 1 10 9 12 1 1 9 12 1 10 12 1 10 12 1 10 12 1 1 10 12 1 10 12 1 10 12 1 10 7 12 1 1 1 10 12 1 10 12 1 1 8 1 10 12 1 1 7 1 10 12 1 7 1 10 10 12 1 10 12 1 10 12 1 10 7 12 1 1 1 10 12 1 1 100 1 10 12 1 10 12 1 7 1 10 12 1 10 12 1 1 10 12 1 1 10 12 1 8 10 100 12 1 1 1 10 12 1 10 12 1 10 12 1 1 10 12 1 9 7 12 1 1 1 7 1 10 12 1 10 7 12 1 1 1 10 12 1 10 12 1 1 9 12 1 1 100 1 10 8 1 10 12 1 1 10 12 1 10 12 1 10 10 12 1 10 12 1 10 12 1 10 12 1 10 12 1 1 10 12 1 10 12 1 1 10 12 1 10 12 1 1 10 10 7 12 1 1 1 10 12 1 10 12 1 1 10 12 1 10 12 1 1 8 1 9 7 12 1 1 1 8 1 9 12 1 9 12 1 8 1 9 12 1 9 12 1 8 1 9 12 1 9 12 1 8 1 10 12 1 10 12 1 1 9 12 1 1 7 1 10 12 1 1 100 1 10 7 12 1 1 1 10 12 1 1 10 12 1 10 12 1 1 7 1 10 12 1 1 10 12 1 10 12 1 1 7 1 10 12 1 1 10 7 12 1 1 1 10 12 1 10 12 1 10 12 1 9 12 1 1 10 7 1 9 12 9 12 1 10 7 12 1 1 1 10 12 1 7 1 7 1 7 1 9 12 1 1 10 7 12 1 10 12 1 1 10 12 1 100 1 10 12 1 10 12 1 1 9 100 12 1 1 1 10 12 1 1 100 1 10 100 12 1 1 1 10 12 1 10 12 1 8 1 9 12 1 9 12 1 10 12 1 9 12 1 1 10 100 12 1 1 1 9 12 1 1 9 12 1 1 10 12 1 10 12 1 10 12 1 10 12 1 10 12 1 1 10 12 1 10 7 12 1 1 9 12 1 10 12 1 10 12 1 10 12 1 10 12 1 1 10 12 1 1 9 12 1 1 10 12 1 1 9 7 12 1 1 1 9 12 1 9 12 1 9 12 1 9 12 1 9 12 1 9 12 1 9 12 1 9 12 1 9 12 1 9 12 1 9 12 1 9 12 1 9 12 1 9 12 1 9 12 1 9 12 1 9 12 1 9 12 1 9 12 1 9 12 1 9 12 1 9 12 1 9 12 1 9 12 1 9 12 1 9 12 1 9 12 1 9 12 1 9 12 1 9 12 1 9 12 1 9 12 1 9 12 1 9 12 1 9 12 1 9 12 1 8 1 9 12 1 1 9 12 1 1 10 12 1 10 12 1 1 9 7 1 10 12 1 9 12 1 1 10 12 10 12 1 10 12 1 10 12 1 10 8 1 8 1 8 1 8 1 10 12 1 1 9 12 1 1 10 12 1 10 100 12 1 1 1 8 9 12 1 1 10 12 1 1 8 1 8 8 9 12 1 8 1 8 8 8 8 8 1 8 10 12 1 10 12 1 8 1 8 1 10 12 1 10 12 1 10 12 1 10 12 1 1 7 1 1 1 1 3 1 3 1 3 1 3 1 3 1 3 1 3 1 3 1 3 1 3 1 1 1 1 1 1 1 1 1 1 3 1 3 1 1 1 1 3 1 1 1 1 1 1 1 1 1 1 1 1 1 1 1 1 1 1 1 1 1 1 1 1 1 1 1 1 1 1 1 1 1 1 1 1 1 1 1 1 1 1 1 1 1 1 1 1 1 1 1 1 1 1 1 1 100 1 1 1 1 1 1 1 1 1 1 1 1 100 1 1 1 1 1 1 1 1 1 1 1 1 1 1 1 1 1 1 1 1 1 1 1 1 1 1 1 1 1 1 1 1 1 1 1 1 1 1 1 1 1 1 1 1 1 1 1 1 1 1 1
staticfield java/lang/invoke/DirectMethodHandle IMPL_NAMES Ljava/lang/invoke/MemberName$Factory; java/lang/invoke/MemberName$Factory
staticfield java/lang/invoke/DirectMethodHandle FT_UNCHECKED_REF I 8
staticfield java/lang/invoke/DirectMethodHandle ACCESSOR_FORMS [Ljava/lang/invoke/LambdaForm; 132 [Ljava/lang/invoke/LambdaForm;
staticfield java/lang/invoke/DirectMethodHandle ALL_WRAPPERS [Lsun/invoke/util/Wrapper; 10 [Lsun/invoke/util/Wrapper;
staticfield java/lang/invoke/DirectMethodHandle NFS [Ljava/lang/invoke/LambdaForm$NamedFunction; 12 [Ljava/lang/invoke/LambdaForm$NamedFunction;
staticfield java/lang/invoke/DirectMethodHandle OBJ_OBJ_TYPE Ljava/lang/invoke/MethodType; java/lang/invoke/MethodType
staticfield java/lang/invoke/DirectMethodHandle LONG_OBJ_TYPE Ljava/lang/invoke/MethodType; java/lang/invoke/MethodType
staticfield java/lang/invoke/DirectMethodHandle $assertionsDisabled Z 1
ciInstanceKlass java/lang/Void 1 1 31 10 100 12 1 1 1 8 1 10 7 12 1 1 1 9 7 12 1 1 1 1 1 1 1 1 1 1 1 1 1
staticfield java/lang/Void TYPE Ljava/lang/Class; java/lang/Class
ciInstanceKlass java/lang/invoke/LambdaForm 1 1 1052 100 1 9 7 12 1 1 1 10 7 12 1 1 1 10 7 12 1 1 9 12 1 1 9 12 1 1 10 12 1 1 100 1 10 9 12 1 10 12 1 1 9 12 1 10 7 12 1 1 1 9 12 1 9 12 1 9 12 1 1 9 12 1 10 12 1 1 7 1 10 12 1 10 100 12 1 1 1 10 100 12 1 1 1 10 12 1 10 12 1 1 9 100 12 1 1 1 10 12 1 1 9 12 1 10 12 1 1 10 12 1 10 12 1 1 10 12 1 1 10 100 12 1 1 1 7 1 10 10 12 1 1 8 1 10 12 1 10 12 1 10 12 1 1 7 1 10 7 12 1 1 1 10 12 1 1 10 12 1 10 12 1 1 9 12 1 1 9 12 1 9 12 1 1 10 12 1 9 12 1 10 100 12 1 1 1 10 12 1 1 10 12 1 9 12 1 1 10 100 12 1 1 1 10 12 1 10 12 1 10 12 1 10 12 1 10 12 1 10 12 1 1 10 12 1 10 12 1 1 8 1 10 12 1 10 12 1 8 1 8 1 9 12 1 9 12 1 9 12 1 1 10 12 1 1 10 12 1 9 12 1 10 12 1 1 10 7 12 1 1 1 10 12 1 1 10 12 1 10 12 1 10 12 1 1 9 12 1 10 12 1 8 1 8 1 8 1 8 1 8 1 8 1 8 1 8 1 10 12 1 9 12 1 7 1 10 12 1 1 9 12 1 10 12 1 10 12 1 1 10 12 10 12 1 10 12 1 1 10 12 1 1 10 10 12 1 1 10 12 1 1 7 1 8 1 10 12 1 1 10 12 1 10 12 1 1 10 8 1 10 12 1 1 8 1 8 1 8 1 10 12 1 9 12 1 1 10 12 1 1 10 12 1 1 100 1 10 12 1 1 10 12 1 10 7 12 1 1 1 10 12 1 1 9 12 1 1 8 1 10 100 12 1 1 1 10 7 12 1 1 10 12 10 10 12 1 1 9 12 1 8 10 12 1 1 100 1 10 12 1 1 10 12 1 9 7 12 1 1 9 12 1 1 8 1 10 100 12 1 1 10 12 1 1 100 1 100 1 10 10 12 1 1 10 12 1 1 8 1 8 1 100 1 8 1 10 12 10 12 1 10 12 1 10 12 1 1 8 1 8 1 9 100 12 1 1 1 10 12 1 10 12 1 1 8 1 8 1 8 1 100 1 8 1 100 1 8 1 100 1 8 1 10 12 1 8 1 9 10 7 12 1 1 1 10 12 1 9 12 1 1 10 12 1 10 10 12 1 10 12 1 10 12 1 10 12 1 1 10 12 1 10 12 1 1 10 12 1 1 10 12 1 1 8 1 100 10 12 1 10 12 1 9 12 1 1 10 7 12 1 1 8 1 8 1 100 1 8 1 8 1 8 1 8 1 8 1 8 1 8 1 8 1 10 12 1 1 10 12 1 1 10 12 1 10 12 1 8 1 8 1 8 1 10 12 1 8 1 10 12 1 8 1 8 1 8 1 8 1 8 1 10 12 1 10 12 1 10 12 1 1 10 7 12 1 1 1 10 12 1 10 12 1 10 12 1 10 12 1 10 12 1 10 12 1 10 12 1 9 12 1 1 8 1 10 12 1 1 9 12 1 1 10 12 1 1 9 12 1 9 12 1 1 9 12 1 9 12 1 1 7 1 10 7 12 1 1 1 9 12 1 10 12 1 10 12 1 8 1 10 12 1 9 12 1 1 7 1 10 7 12 1 1 1 8 1 100 1 10 12 1 9 12 1 9 12 1 10 12 1 10 12 1 10 7 12 1 1 1 10 12 1 9 7 12 1 1 10 12 1 1 10 12 1 10 12 1 9 12 10 12 1 10 10 12 1 9 9 12 1 7 9 12 1 1 10 12 1 1 9 12 1 10 12 1 10 7 1 9 1 1 1 1 3 1 3 1 3 1 1 1 1 1 1 1 1 1 1 1 1 1 1 1 1 1 1 1 1 1 1 1 1 1 1 1 1 1 1 1 1 1 1 1 1 1 1 1 1 1 1 1 1 1 1 1 1 1 1 1 1 1 1 1 1 100 1 1 1 1 1 1 1 1 1 1 1 1 1 1 1 1 1 1 1 1 1 1 1 1 1 1 1 1 1 1 1 1 1 1 1 1 1 1 1 1 1 1 1 1 1 1 1 1 1 1 1 1 1 1 1 1 1 1 1 100 1 1 1 1 1 1 1 1 1 1 1 1 1 1 1 1 1 1 1 1 1 1 1 1 1 1 1 1 1 1 1 1 1 1 100 1 1 1 1 1 1 1 1 1 1 1 1 1 1 1 1 1 1 1 1 1 1 100 1 1 1 100 1 1 100 1 1 1 1 1 1 1 1 1 1 1
staticfield java/lang/invoke/LambdaForm COMPILE_THRESHOLD I 0
staticfield java/lang/invoke/LambdaForm INTERNED_ARGUMENTS [[Ljava/lang/invoke/LambdaForm$Name; 5 [[Ljava/lang/invoke/LambdaForm$Name;
staticfield java/lang/invoke/LambdaForm IMPL_NAMES Ljava/lang/invoke/MemberName$Factory; java/lang/invoke/MemberName$Factory
staticfield java/lang/invoke/LambdaForm LF_identity [Ljava/lang/invoke/LambdaForm; 6 [Ljava/lang/invoke/LambdaForm;
staticfield java/lang/invoke/LambdaForm LF_zero [Ljava/lang/invoke/LambdaForm; 6 [Ljava/lang/invoke/LambdaForm;
staticfield java/lang/invoke/LambdaForm NF_identity [Ljava/lang/invoke/LambdaForm$NamedFunction; 6 [Ljava/lang/invoke/LambdaForm$NamedFunction;
staticfield java/lang/invoke/LambdaForm NF_zero [Ljava/lang/invoke/LambdaForm$NamedFunction; 6 [Ljava/lang/invoke/LambdaForm$NamedFunction;
staticfield java/lang/invoke/LambdaForm createFormsLock Ljava/lang/Object; java/lang/Object
staticfield java/lang/invoke/LambdaForm DEBUG_NAME_COUNTERS Ljava/util/HashMap; null
staticfield java/lang/invoke/LambdaForm DEBUG_NAMES Ljava/util/HashMap; null
staticfield java/lang/invoke/LambdaForm TRACE_INTERPRETER Z 0
staticfield java/lang/invoke/LambdaForm $assertionsDisabled Z 1
ciInstanceKlass java/lang/invoke/MethodHandleNatives 1 1 684 100 1 10 7 12 1 1 1 9 7 12 1 1 1 10 12 1 1 100 1 10 10 12 1 1 10 12 1 10 12 1 8 1 8 1 8 1 8 1 8 1 8 1 8 1 8 1 8 1 8 1 10 12 1 1 7 1 10 7 12 1 1 1 10 100 12 1 1 1 7 1 10 10 12 1 1 8 1 10 12 1 8 1 10 12 1 1 8 1 10 12 1 1 9 100 12 1 1 1 8 1 10 100 12 1 1 1 100 1 10 12 100 1 100 1 8 1 7 1 10 10 12 1 7 1 9 7 12 1 1 10 12 1 1 10 12 1 10 7 12 1 1 1 7 1 10 12 1 1 10 7 12 1 1 1 10 12 1 10 12 1 1 10 12 1 1 9 12 1 8 1 10 12 1 8 1 10 12 1 8 1 8 1 8 1 100 1 10 12 1 8 1 10 12 1 1 10 12 1 10 100 12 1 1 1 100 1 8 1 10 100 12 1 1 1 7 1 8 1 10 12 1 8 1 8 1 8 1 8 1 8 1 10 12 1 1 10 12 1 1 10 12 1 10 12 1 1 10 12 1 1 7 1 10 12 1 100 1 100 1 10 12 1 10 12 1 8 1 8 1 10 10 12 1 1 10 12 1 1 8 1 10 100 12 1 1 1 8 1 8 1 10 12 1 1 10 7 12 1 1 1 100 1 10 12 1 1 7 1 9 12 1 1 10 7 12 1 1 1 10 10 12 1 9 12 1 10 12 1 1 9 12 1 9 12 1 10 12 1 1 10 12 1 10 12 1 1 7 1 7 1 10 12 1 1 10 12 1 10 12 1 1 10 7 12 1 1 1 10 12 1 8 1 10 12 1 10 12 1 10 12 1 1 10 12 1 10 7 12 1 1 1 10 12 1 1 100 1 8 1 10 9 7 12 1 1 1 10 12 1 1 10 12 1 1 100 1 10 12 1 1 10 12 1 1 100 1 100 1 10 10 100 1 100 1 10 100 1 10 10 12 1 1 10 100 1 10 12 1 10 12 1 10 12 1 1 10 12 1 1 10 12 1 1 10 12 1 10 12 1 1 10 8 1 100 1 10 12 1 10 12 1 10 12 1 10 12 1 10 12 1 1 10 12 1 9 12 1 1 10 7 12 1 1 1 9 12 1 1 11 7 12 1 1 1 10 12 1 10 12 1 10 10 12 1 10 7 12 1 1 1 1 1 1 1 1 1 1 1 1 1 1 1 100 1 1 1 1 1 1 1 1 1 1 1 1 1 1 1 1 1 1 1 1 1 1 1 1 1 1 1 1 1 1 1 1 1 1 1 1 1 1 1 1 1 1 1 1 1 1 1 1 1 1 1 1 1 1 1 1 1 1 1 1 1 1 1 1 1 1 1 1 1 1 1 1 1 1 1 1 1 1 1 1 1 1 1 1 1 1 1 1 1 1 1 1 1 1 1 1 1 1 100 1 1 1 1 1 1 1 1 1 1 1 1 1 1 1 1 1 1 1 1 1 1 1 1 1 1 1 1 100 1 1 1 1 1 1 1 100 1 1 1
staticfield java/lang/invoke/MethodHandleNatives JLA Ljdk/internal/access/JavaLangAccess; java/lang/System$2
staticfield java/lang/invoke/MethodHandleNatives $assertionsDisabled Z 1
ciInstanceKlass jdk/internal/reflect/ConstantPool 1 1 142 10 100 12 1 1 1 9 7 12 1 1 1 10 12 1 1 10 12 1 1 10 12 1 10 12 1 1 10 12 1 1 10 12 1 10 12 1 1 10 12 1 10 12 1 1 10 12 1 10 12 1 10 12 1 10 12 1 1 10 12 1 1 10 12 1 1 10 12 1 1 10 12 1 10 12 1 1 10 100 12 1 1 1 8 11 7 12 1 1 1 10 7 12 1 1 1 1 1 1 1 1 1 1 1 1 1 1 1 1 1 1 1 1 1 1 1 1 1 1 1 1 1 1 1 1 1 1 1 1 1 1 1 1 1 1 1 1 1 1 1 1
ciInstanceKlass jdk/internal/reflect/UnsafeStaticFieldAccessorImpl 0 0 47 10 100 12 1 1 1 9 100 12 1 1 1 10 100 12 1 1 1 9 12 1 1 8 11 100 12 1 1 1 10 100 12 1 1 1 1 1 1 1 1 1 1 1 1 1 1
instanceKlass jdk/internal/reflect/UnsafeFieldAccessorImpl
ciInstanceKlass jdk/internal/reflect/FieldAccessorImpl 1 1 59 10 7 12 1 1 1 100 1 100 1 1 1 1 1 1 1 1 1 100 1 1 1 1 1 1 1 1 1 1 1 1 1 1 1 1 1 1 1 100 1 1 1 1 1 1 1 1 1 1 1 1 1 1 1 1 1 1 1
instanceKlass jdk/internal/reflect/UnsafeBooleanFieldAccessorImpl
instanceKlass jdk/internal/reflect/UnsafeIntegerFieldAccessorImpl
instanceKlass jdk/internal/reflect/UnsafeObjectFieldAccessorImpl
instanceKlass jdk/internal/reflect/UnsafeStaticFieldAccessorImpl
ciInstanceKlass jdk/internal/reflect/UnsafeFieldAccessorImpl 1 1 254 10 7 12 1 1 1 9 7 12 1 1 1 10 7 12 1 1 1 10 7 12 1 1 1 9 12 1 1 10 7 12 1 1 1 9 12 1 1 10 12 1 10 12 1 9 12 1 10 12 1 1 10 7 12 1 1 10 7 12 1 1 1 10 12 1 1 100 1 10 10 12 1 1 10 12 1 1 8 1 10 10 12 1 100 1 8 1 10 12 1 8 1 10 12 1 8 1 10 12 1 100 1 10 12 1 1 10 8 1 10 12 1 1 8 1 10 100 12 1 1 8 1 10 100 12 1 1 8 1 10 100 12 1 1 8 1 10 100 12 1 1 8 1 10 100 12 1 1 8 1 10 100 12 1 1 8 1 10 100 12 1 1 8 1 10 100 12 1 1 10 12 1 1 8 1 8 1 8 1 8 1 8 1 8 1 10 100 12 1 1 1 8 1 8 1 8 1 10 12 10 12 1 1 1 1 1 1 1 1 1 1 1 1 1 1 1 1 1 1 1 1 1 1 1 1 1 1 1 1 1 1 1 1 1 1 1 1 1 1 1 1 1 1 1 1 1 1 1 1 1 1 1 1
staticfield jdk/internal/reflect/UnsafeFieldAccessorImpl unsafe Ljdk/internal/misc/Unsafe; jdk/internal/misc/Unsafe
ciInstanceKlass java/lang/invoke/ConstantCallSite 1 1 65 10 7 12 1 1 1 9 7 12 1 1 1 9 12 1 1 10 7 12 1 1 1 10 12 1 100 1 10 12 9 12 1 1 100 1 10 10 12 1 1 10 12 1 1 1 1 1 1 1 1 1 1 1 1 1 100 1 1 1 1 1 1 1 1
staticfield java/lang/invoke/ConstantCallSite UNSAFE Ljdk/internal/misc/Unsafe; jdk/internal/misc/Unsafe
ciInstanceKlass java/lang/invoke/MutableCallSite 0 0 63 10 100 12 1 1 1 10 12 1 9 100 12 1 1 1 10 12 1 10 12 1 1 9 12 1 1 10 100 12 1 1 1 10 100 12 1 1 1 10 12 1 1 1 1 1 1 1 1 1 1 1 1 1 1 1 1 1 1 100 1 1 1
instanceKlass java/lang/invoke/VarHandleLongs$FieldInstanceReadOnly
instanceKlass java/lang/invoke/VarHandleReferences$FieldStaticReadOnly
instanceKlass java/lang/invoke/VarHandleByteArrayAsLongs$ByteArrayViewVarHandle
instanceKlass java/lang/invoke/VarHandleByteArrayAsInts$ByteArrayViewVarHandle
instanceKlass java/lang/invoke/VarHandleReferences$FieldInstanceReadOnly
instanceKlass java/lang/invoke/VarHandleInts$FieldInstanceReadOnly
ciInstanceKlass java/lang/invoke/VarHandle 1 1 390 10 7 12 1 1 1 10 7 12 1 1 9 12 1 1 9 12 1 1 100 1 10 8 1 10 12 1 1 10 7 12 1 1 1 10 12 1 1 10 100 12 1 1 1 9 100 12 1 1 1 10 12 1 1 10 100 12 1 1 1 10 12 1 1 9 12 1 10 12 1 9 12 1 1 10 7 12 1 1 10 12 1 9 7 12 1 1 1 9 12 1 1 10 12 1 1 100 1 100 1 10 8 1 10 12 1 1 10 12 1 8 1 10 12 1 10 12 1 10 12 1 1 9 7 12 1 1 1 10 12 1 10 12 1 1 10 12 1 10 10 100 12 1 1 1 10 12 1 1 10 12 1 1 10 100 12 1 1 1 10 100 12 1 1 1 10 100 12 1 1 1 9 12 1 1 10 9 12 1 1 10 12 1 10 12 1 10 12 1 1 10 12 1 10 100 12 1 1 1 9 12 1 1 10 12 1 1 9 12 1 10 12 1 10 12 1 10 100 12 1 1 100 1 10 9 7 12 1 1 1 9 12 1 1 10 7 12 1 1 1 10 12 1 10 12 1 10 12 1 10 12 1 10 12 1 10 12 1 1 7 1 10 10 7 12 1 1 1 9 12 1 1 8 10 12 1 1 7 1 10 12 1 1 100 1 1 1 1 1 1 1 1 1 1 1 1 1 1 1 1 1 1 1 1 1 1 1 1 1 1 1 1 1 1 1 1 1 1 1 1 1 1 1 1 1 1 1 1 1 1 1 1 1 1 1 1 1 1 1 1 1 1 1 1 1 1 1 1 1 1 1 1 1 1 1 1 1 1 1 1 1 1 1 1 1 1 1 1 1 1 1 1 1 100 1 100 1 100 1 1 1 1 1 1 1 100 1 1 1
staticfield java/lang/invoke/VarHandle AIOOBE_SUPPLIER Ljava/util/function/BiFunction; jdk/internal/util/Preconditions$1
staticfield java/lang/invoke/VarHandle VFORM_OFFSET J 16
staticfield java/lang/invoke/VarHandle $assertionsDisabled Z 1
ciInstanceKlass java/lang/invoke/MemberName 1 1 757 7 1 7 1 100 1 9 12 1 1 10 7 12 1 1 1 9 12 1 1 10 12 1 1 10 12 1 1 10 12 1 1 10 12 1 10 12 1 1 10 7 12 1 1 1 10 12 1 9 100 12 1 1 10 12 1 100 1 100 1 10 12 1 8 1 10 12 1 1 10 12 1 10 12 1 1 10 12 1 9 12 1 1 8 1 10 100 12 1 1 1 7 1 10 10 12 1 1 100 1 100 1 10 12 1 1 9 12 1 1 100 1 8 1 10 12 1 10 12 1 10 12 1 10 12 1 10 12 1 1 10 12 1 10 12 1 10 12 1 1 10 12 1 1 10 12 1 8 1 8 1 8 1 10 100 12 1 1 1 10 12 1 9 12 1 1 3 10 12 1 10 12 1 10 12 1 10 10 7 12 1 1 1 10 12 1 10 12 1 10 12 1 10 12 1 7 1 8 10 12 1 1 10 12 1 1 8 1 9 100 1 8 9 100 1 10 12 1 1 10 12 1 10 12 1 8 1 10 12 1 1 10 12 1 10 12 1 10 12 1 10 12 1 1 100 1 10 12 1 1 10 12 1 8 1 10 12 1 10 12 1 8 1 10 12 1 1 10 12 1 1 100 1 10 12 1 1 10 12 8 1 8 1 100 1 10 12 1 10 100 12 1 1 1 100 1 10 12 10 12 1 10 12 1 10 12 1 10 12 1 10 10 12 1 10 12 1 10 12 1 3 10 12 1 3 10 12 1 3 3 3 3 3 3 3 100 1 10 12 1 10 7 12 1 1 1 10 12 1 3 9 12 1 10 12 1 1 3 10 12 1 10 10 7 12 1 1 1 10 12 1 1 10 100 1 10 10 12 1 10 12 1 10 12 1 10 10 12 1 1 10 12 1 10 12 1 10 12 1 100 1 10 10 10 12 100 1 10 10 10 12 1 1 10 12 1 1 10 10 12 1 8 10 100 1 10 12 1 10 100 1 10 12 1 10 12 1 10 12 1 10 10 12 1 10 12 1 1 10 12 1 1 10 12 1 10 12 1 10 12 1 100 1 10 12 1 1 100 1 8 1 10 7 1 10 12 1 10 12 10 12 1 1 10 12 1 10 12 1 8 1 8 1 8 1 8 1 10 12 1 10 12 1 10 12 1 1 8 1 8 1 10 12 1 8 1 10 10 12 1 10 12 1 8 1 8 1 10 10 12 1 8 1 10 100 12 1 1 1 8 1 10 12 1 10 12 1 1 10 12 1 8 1 8 1 8 1 8 1 100 1 10 8 1 8 1 8 1 8 1 10 12 1 100 1 100 1 100 1 10 100 1 10 100 1 10 100 12 1 1 1 9 7 12 1 1 1 100 1 100 1 1 1 1 1 1 1 3 1 3 1 3 1 3 1 3 1 3 1 1 1 1 1 1 1 1 3 1 3 1 1 1 1 3 1 1 1 1 1 1 1 1 1 1 1 1 1 1 1 1 1 1 1 1 1 1 1 1 1 1 1 1 1 1 1 1 1 1 1 1 1 1 1 1 1 1 1 1 1 1 1 1 1 1 1 1 1 1 1 1 1 1 1 1 1 1 1 1 1 1 1 1 1 1 1 1 1 1 1 1 1 1 1 1 1 1 1 1 1 1 1 1 1 1 1 1 1 1 1 1 1 1 1 1 1 1 1 1 1 1 100 1 1 1 1 1 1 1 1 1 1 1 1 1 1 1
staticfield java/lang/invoke/MemberName $assertionsDisabled Z 1
ciInstanceKlass java/lang/invoke/ResolvedMethodName 1 1 16 10 100 12 1 1 1 100 1 1 1 1 1 1 1 1
ciInstanceKlass java/lang/StackWalker 0 0 235 9 100 12 1 1 1 10 100 12 1 1 1 100 1 10 100 12 1 1 1 10 12 1 1 11 100 12 1 1 1 10 12 1 1 10 12 1 1 10 12 1 1 100 1 8 1 10 12 1 10 12 1 10 12 1 10 100 12 1 1 9 12 1 1 9 12 1 1 9 12 1 1 9 12 1 1 10 12 1 1 9 12 1 1 10 100 12 1 1 1 11 12 1 1 100 1 8 1 10 10 100 12 1 1 9 12 1 1 10 12 1 1 10 100 12 1 1 1 10 100 12 1 1 1 18 12 1 1 100 1 8 1 10 10 12 1 1 10 100 12 1 1 1 9 100 12 1 1 11 100 12 1 1 1 10 12 1 1 1 1 1 1 1 1 1 1 1 1 1 1 1 1 1 1 1 1 1 1 1 1 1 1 1 1 1 1 1 1 1 1 1 1 1 1 1 1 1 1 1 1 1 1 1 1 1 1 1 100 1 1 15 10 100 12 1 1 1 16 15 10 12 16 1 1 1 1 1 1 1 100 1 100 1 1
ciInstanceKlass java/lang/StackStreamFactory$AbstractStackWalker 1 0 306 100 1 100 1 3 10 100 12 1 1 1 10 100 12 1 1 10 100 12 1 1 1 9 12 1 1 10 12 1 1 9 12 1 1 9 12 1 1 9 12 1 1 9 12 1 9 100 12 1 1 1 10 100 12 1 1 1 10 12 1 1 9 12 1 1 10 100 12 1 1 1 10 12 1 1 9 12 1 1 9 100 12 1 1 1 100 1 10 8 1 10 12 1 1 10 12 1 8 1 10 12 1 1 10 100 12 1 1 1 100 1 8 1 10 12 1 8 1 10 12 9 100 12 1 1 1 10 100 12 1 1 9 12 1 8 1 5 0 8 1 8 1 9 12 1 1 10 12 1 1 10 12 1 1 10 12 1 9 12 1 10 12 1 10 12 1 10 12 1 10 12 1 1 10 12 1 10 12 1 1 8 1 10 12 1 10 12 1 10 12 1 10 12 1 1 8 1 10 12 1 1 10 12 1 1 10 12 1 1 10 12 1 10 12 1 10 100 12 1 1 1 9 12 1 8 1 10 12 1 10 12 1 10 12 1 10 12 1 10 12 1 10 12 1 10 12 1 1 10 12 1 1 10 12 1 1 10 12 1 8 1 1 1 1 1 1 1 1 1 1 1 1 1 1 1 1 1 1 100 1 1 1 1 100 1 1 1 1 1 1 1 1 1 1 1 1 1 1 1 1 1 1 1 1 1
ciInstanceKlass jdk/internal/module/Modules 1 1 504 10 100 12 1 1 1 9 7 12 1 1 1 11 7 12 1 1 1 11 12 1 1 11 12 1 1 11 12 1 1 11 12 1 11 12 1 11 12 1 11 12 1 11 12 1 1 10 100 12 1 1 1 10 100 12 1 1 1 18 12 1 1 10 100 12 1 1 1 100 1 10 100 12 1 1 1 10 100 12 1 1 1 10 100 12 1 1 10 12 1 1 11 12 1 9 12 1 1 11 100 12 1 1 1 10 12 1 1 10 10 12 1 10 9 12 1 1 10 100 12 1 1 10 12 1 1 10 100 12 1 1 100 1 11 100 12 1 1 1 10 100 12 1 1 1 11 100 12 1 1 10 12 1 1 10 100 12 1 1 10 100 12 1 1 1 10 12 1 1 10 12 1 1 11 12 1 1 18 12 1 1 11 100 12 1 1 10 100 12 1 1 1 11 100 12 1 1 1 100 1 11 12 1 1 11 100 12 1 1 1 11 12 1 1 10 12 1 1 10 100 12 1 1 18 12 1 1 11 12 1 1 18 12 1 1 11 12 1 1 10 12 1 18 18 10 12 1 1 9 12 1 1 11 100 12 1 1 1 100 1 10 11 12 1 11 12 1 1 11 12 1 1 10 100 1 10 12 1 1 10 100 12 1 1 10 12 1 1 11 12 10 12 1 1 100 1 10 18 12 1 10 12 1 1 100 1 8 1 10 12 1 10 100 12 1 1 18 12 1 11 11 12 10 12 1 10 10 100 1 18 12 1 10 10 10 7 12 1 1 10 7 12 1 1 1 10 12 1 1 1 1 1 1 1 1 1 1 1 1 1 1 1 1 1 1 1 1 1 1 1 1 1 1 1 1 1 1 1 1 1 100 1 1 1 1 1 1 1 1 1 1 1 1 1 1 1 1 1 1 1 1 1 1 1 1 1 1 1 1 1 1 1 1 1 1 1 100 1 1 1 1 1 1 1 1 1 1 1 1 1 1 1 1 1 1 1 1 1 1 1 15 10 100 12 1 1 1 16 15 10 12 1 16 16 15 10 12 1 16 1 16 1 15 10 12 1 16 1 16 1 15 10 12 16 1 15 10 16 1 15 10 12 16 1 15 10 12 16 15 10 12 16 15 10 12 1 1 1 100 1 100 1 1
staticfield jdk/internal/module/Modules JLA Ljdk/internal/access/JavaLangAccess; java/lang/System$2
staticfield jdk/internal/module/Modules JLMA Ljdk/internal/access/JavaLangModuleAccess; java/lang/module/ModuleDescriptor$1
staticfield jdk/internal/module/Modules $assertionsDisabled Z 1
instanceKlass java/util/LinkedHashMap$Entry
ciInstanceKlass java/util/HashMap$Node 1 1 95 10 7 12 1 1 1 9 7 12 1 1 1 9 12 1 1 9 12 1 9 12 1 1 100 1 10 10 12 1 1 8 1 10 12 1 10 12 1 1 10 7 12 1 1 1 100 1 11 12 1 1 10 12 1 1 11 12 1 1 1 1 1 1 1 1 1 1 1 1 1 1 1 1 1 1 1 1 1 1 1 1 1 1 1 1 1 1 100 1 1 1 100 1 1
instanceKlass java/util/HashMap$TreeNode
ciInstanceKlass java/util/LinkedHashMap$Entry 1 1 41 10 7 12 1 1 1 100 1 1 1 1 1 1 1 1 1 1 1 1 1 1 1 1 1 1 1 1 1 1 1 1 1 1 100 1 1 100 1 1 1
ciInstanceKlass java/util/HashMap$TreeNode 0 0 250 100 1 10 100 12 1 1 1 9 100 12 1 1 1 9 12 1 1 9 12 1 9 12 1 1 9 12 1 1 10 12 1 1 100 1 10 12 1 9 12 1 9 12 1 9 12 1 1 10 100 12 1 1 1 10 12 1 1 10 12 1 1 10 12 1 1 10 12 1 1 10 12 1 1 10 100 12 1 1 1 10 100 12 1 1 1 10 100 12 1 1 1 9 12 1 10 12 1 1 10 12 1 1 10 12 1 1 10 12 1 1 9 100 1 10 12 1 1 10 12 1 1 10 12 1 10 12 1 1 10 12 1 10 12 1 10 12 1 1 1 1 1 1 1 1 1 1 1 1 1 1 1 1 1 1 1 1 1 1 1 1 1 1 100 1 1 1 1 1 1 1 1 1 1 1 1 1 1 1 1 1 1 1 1 1 1 1 1 1 1 1 1 1 1 1 1 1 1 1 1 1 1 1 1 1 1 1 1 1 1 1 1 1 1 1 1 1 1 1 1 1 1 1 1 1 1 1 1 1 1 1 1 1 1 1 1 1 1 1 1 1 1 1 1 100 1 1 1 1
ciMethod java/lang/ThreadLocal get ()Ljava/lang/Object; 512 0 12875 0 -1
ciMethod java/lang/ThreadLocal set (Ljava/lang/Object;)V 2 0 30144 0 -1
ciInstanceKlass java/util/zip/ZipFile$Source$Key 1 1 84 10 7 12 1 1 1 9 7 12 1 1 1 9 12 1 1 10 7 12 1 1 1 9 12 1 1 100 1 5 0 11 7 12 1 1 1 10 7 12 1 1 1 10 7 12 1 1 1 10 12 1 1 11 12 1 1 10 10 1 1 1 1 1 1 1 1 1 1 1 1 1 1 1 1 1 1 100 1 1 100 1 1 1
ciInstanceKlass java/util/logging/Logger$ConfigurationData 1 1 144 10 7 12 1 1 1 7 1 10 9 7 12 1 1 1 9 12 1 1 9 12 1 1 9 7 12 1 1 1 10 12 1 1 9 12 1 1 9 12 1 1 9 12 1 10 12 1 1 10 12 1 10 12 1 9 100 12 1 1 100 1 8 1 10 12 1 9 12 1 10 12 1 1 11 100 12 1 1 1 11 12 1 1 100 1 10 12 1 10 12 1 1 10 12 1 1 10 12 1 1 9 12 1 1 10 12 1 1 1 1 1 1 1 1 1 1 1 1 100 1 1 1 1 100 1 1 1 1 1 1 1 1 1 1 1 1 1 1 1 1 1 1 1
ciMethod java/util/HashMap$TreeNode getTreeNode (ILjava/lang/Object;)Ljava/util/HashMap$TreeNode; 0 0 1 0 -1
ciMethod java/util/HashMap getNode (Ljava/lang/Object;)Ljava/util/HashMap$Node; 1016 30 6036 0 736
ciMethod java/util/HashMap hash (Ljava/lang/Object;)I 1024 0 14943 0 192
ciMethod java/util/logging/Level intValue ()I 280 0 140 0 0
ciMethod java/lang/Math min (II)I 512 0 46221 0 -1
ciMethod java/util/Map containsKey (Ljava/lang/Object;)Z 0 0 1 0 -1
ciMethod java/util/Map size ()I 0 0 1 0 -1
ciMethod java/util/Map put (Ljava/lang/Object;Ljava/lang/Object;)Ljava/lang/Object; 0 0 1 0 -1
ciMethod java/util/Map get (Ljava/lang/Object;)Ljava/lang/Object; 0 0 1 0 -1
ciMethod java/lang/StringBuilder <init> ()V 238 0 28111 0 -1
ciMethod java/lang/StringBuilder toString ()Ljava/lang/String; 248 0 13319 0 -1
ciMethod java/lang/StringBuilder append (Ljava/lang/String;)Ljava/lang/StringBuilder; 516 0 19164 0 -1
ciMethod java/lang/StringBuilder append (I)Ljava/lang/StringBuilder; 12 0 4595 0 -1
ciMethod java/lang/StringBuilder setLength (I)V 4 0 20460 0 -1
ciMethod java/lang/String charAt (I)C 876 0 451005 0 160
ciMethod java/lang/String length ()I 564 0 261913 0 96
ciMethod java/lang/String <init> ([CIILjava/lang/Void;)V 516 0 6830 0 1568
ciMethod java/lang/String <init> ([CII)V 264 0 5999 0 0
ciMethod java/lang/String equals (Ljava/lang/Object;)Z 566 0 5445 0 448
ciMethod java/lang/String hashCode ()I 530 0 10701 0 480
ciMethod java/lang/String checkIndex (II)V 0 0 77288 0 128
ciMethod java/lang/String coder ()B 596 0 332945 0 64
ciMethod java/lang/String rangeCheck ([CII)Ljava/lang/Void; 514 0 6084 0 0
ciMethod java/lang/String checkBoundsOffCount (III)V 512 0 7428 0 160
ciMethod java/lang/String isLatin1 ()Z 752 0 561256 0 96
ciMethod java/lang/String checkBoundsBeginEnd (III)V 514 0 5386 0 -1
ciMethod java/lang/String lastIndexOf (II)I 512 0 25544 0 0
ciMethod java/lang/String lastIndexOf (I)I 512 0 11117 0 0
ciMethod java/lang/String substring (II)Ljava/lang/String; 512 0 5459 0 1312
ciMethod java/lang/String substring (I)Ljava/lang/String; 46 0 17618 0 1216
ciMethod java/lang/String intern ()Ljava/lang/String; 512 0 256 0 -1
ciMethod java/lang/Enum ordinal ()I 258 0 129 0 0
ciMethod java/lang/Object <init> ()V 1024 0 423296 0 128
ciInstanceKlass com/android/repository/api/ProgressIndicator 1 1 83 11 7 12 1 1 1 11 12 1 1 6 0 6 0 18 12 1 1 11 12 1 7 1 10 12 1 1 100 1 1 1 1 1 1 1 1 1 1 1 1 1 1 1 1 1 1 1 1 1 1 1 1 1 1 1 1 1 1 1 1 1 1 1 1 1 1 1 1 15 10 100 12 1 1 8 1 1 100 1 100 1 1
ciInstanceKlass com/android/repository/api/SchemaModule 1 1 167 10 7 12 1 1 1 10 7 12 1 1 1 9 7 12 1 1 1 8 1 10 7 12 1 1 1 9 12 1 1 100 1 8 1 10 12 1 9 7 12 1 1 1 10 7 12 1 1 1 10 12 1 1 10 7 12 1 1 1 7 1 7 1 10 12 1 10 12 1 1 11 7 12 1 1 1 9 12 1 1 11 12 1 1 8 1 9 12 1 1 10 12 1 1 10 12 1 1 100 1 100 1 10 12 1 1 11 12 1 1 11 12 1 1 10 12 1 10 12 1 1 1 1 1 1 1 1 1 1 1 1 1 1 1 1 1 1 1 1 1 1 1 1 1 1 1 1 1 1 1 100 1 1 1 1 1 1 1 1 1 1 1 1 1 1 1
staticfield com/android/repository/api/SchemaModule $assertionsDisabled Z 1
ciInstanceKlass com/android/repository/api/SchemaModule$SchemaModuleVersion 1 1 115 9 7 12 1 1 1 10 7 12 1 1 1 9 12 1 1 9 12 1 1 10 7 12 1 1 1 7 1 10 7 12 1 1 1 11 12 1 1 9 12 1 1 100 1 8 1 10 12 1 9 12 1 9 7 12 1 1 10 12 1 1 10 7 12 1 1 1 10 12 1 1 8 1 8 1 10 12 1 1 10 12 1 1 1 1 1 1 1 1 1 1 1 1 1 1 1 1 1 1 1 1 1 1 1 1 1 1 1 1 1 1 1 1 1
staticfield com/android/repository/api/SchemaModule$SchemaModuleVersion $assertionsDisabled Z 1
ciInstanceKlass java/lang/NumberFormatException 1 1 75 10 7 12 1 1 1 10 12 1 7 1 7 1 10 8 1 10 12 1 1 8 1 8 1 8 1 10 12 1 10 12 1 1 10 8 1 8 1 11 100 12 1 1 1 10 12 1 1 1 1 5 0 1 1 1 1 1 1 1 1 1 1 1 1 100 1 1 1 1 1 1 1 1 1
instanceKlass com/sun/org/apache/xerces/internal/impl/io/UTF8Reader
instanceKlass sun/nio/cs/StreamDecoder
instanceKlass java/io/BufferedReader
instanceKlass java/io/InputStreamReader
ciInstanceKlass java/io/Reader 1 1 160 100 1 10 12 1 1 10 7 1 9 7 12 1 1 1 9 12 1 1 100 1 10 10 100 12 1 1 1 100 1 10 10 12 1 10 12 1 1 10 12 1 1 10 12 1 10 100 12 1 1 1 10 12 1 10 12 1 1 10 12 1 10 12 1 10 12 1 1 100 1 8 1 10 12 1 5 0 10 12 1 1 100 1 8 1 10 8 1 8 1 10 100 12 1 1 1 10 100 12 1 1 1 100 1 100 1 1 1 1 3 1 1 1 1 1 1 1 1 1 1 1 1 1 1 1 1 1 1 1 1 1 100 1 1 1 1 1 1 1 1 100 1 1 1 1 1 1 1 1 1 1 1 1 1 1 1 1 1 1
ciInstanceKlass java/lang/AssertionError 0 0 79 10 100 12 1 1 1 10 12 1 10 100 12 1 1 1 10 100 1 100 1 10 12 1 1 10 12 1 10 12 1 10 12 1 10 12 1 10 12 1 10 12 1 10 12 1 1 1 1 5 0 1 1 1 1 1 1 1 1 1 1 100 1 1 1 1 1 1 1 1 1 1 1 1 1 1 1 1 1
ciInstanceKlass javax/xml/namespace/QName 1 1 127 100 1 8 1 10 7 12 1 1 1 10 7 12 1 1 9 12 1 1 100 1 8 1 10 12 1 9 12 1 8 1 9 12 1 10 7 12 1 1 1 10 12 1 1 18 12 1 1 8 1 10 12 1 10 12 1 1 8 1 10 12 1 1 10 12 1 1 18 12 1 10 12 1 1 18 10 12 1 100 1 1 1 1 5 0 1 1 1 1 1 1 1 1 1 1 1 1 1 1 1 1 1 1 1 1 1 1 1 15 10 100 12 1 1 8 1 8 1 8 1 1 100 1 100 1 1
instanceKlass com/sun/istack/SAXException2
instanceKlass org/xml/sax/SAXParseException
ciInstanceKlass org/xml/sax/SAXException 0 0 150 10 100 12 1 1 1 10 12 1 10 12 1 10 12 1 10 12 1 1 10 12 1 1 10 100 1 10 100 12 1 1 1 10 12 1 10 18 12 1 1 10 100 12 1 1 1 8 1 10 100 12 1 1 1 10 12 1 10 100 12 1 1 1 10 100 12 1 1 1 10 12 1 1 100 1 100 1 8 1 10 100 1 10 12 1 9 12 1 1 1 1 1 5 0 1 1 1 1 1 1 1 1 1 1 1 1 1 1 100 1 1 1 1 1 1 1 1 1 100 1 1 1 1 1 1 1 1 100 1 1 1 1 1 15 10 100 12 1 1 8 1 1 1 1 100 1 100 1 1
ciInstanceKlass org/xml/sax/ContentHandler 1 1 38 100 1 100 1 1 1 1 1 1 100 1 1 1 1 1 1 1 1 1 1 1 1 1 1 1 1 1 1 1 1 1 1 1 1 1 1 1
instanceKlass com/android/repository/impl/meta/SchemaModuleUtil$NamespaceFallbackFilter
ciInstanceKlass org/xml/sax/helpers/XMLFilterImpl 1 1 235 10 7 12 1 1 1 9 7 12 1 1 1 9 12 1 1 9 12 1 1 9 12 1 1 9 12 1 1 9 12 1 1 10 12 1 1 11 7 12 1 1 1 100 1 18 12 1 1 10 12 1 11 12 1 1 11 12 1 1 18 11 12 1 1 10 12 1 11 12 1 1 100 1 10 10 11 100 12 1 1 1 11 100 12 1 1 1 11 12 1 1 11 7 12 1 1 1 11 12 1 11 12 1 11 12 1 1 11 12 1 11 12 1 1 11 12 1 11 12 1 1 11 12 1 11 12 1 11 12 1 11 100 12 1 1 1 11 12 1 11 12 1 100 1 8 1 10 11 12 1 1 11 12 1 1 11 12 1 1 11 12 1 1 100 1 1 1 1 1 1 1 1 1 1 1 1 1 1 100 1 1 1 1 1 1 1 1 1 1 1 1 1 1 100 1 100 1 1 1 1 1 1 1 1 1 1 1 1 1 1 1 1 1 1 1 1 1 1 15 10 100 12 1 1 8 1 8 1 1 100 1 100 1 1
ciInstanceKlass org/xml/sax/Attributes 1 0 20 100 1 100 1 1 1 1 1 1 1 1 1 1 1 1 1 1 1 1
ciInstanceKlass com/sun/org/apache/xerces/internal/utils/XMLSecurityManager 1 1 351 10 7 12 1 1 1 10 7 12 1 1 9 12 1 1 8 1 9 12 1 1 10 7 12 1 1 1 9 12 1 7 1 9 12 1 1 9 12 1 1 9 12 1 1 10 12 1 1 9 12 1 9 12 1 1 10 12 1 9 12 1 10 12 1 10 12 10 12 1 1 10 12 1 1 10 12 1 1 9 100 12 1 1 1 10 10 12 1 10 12 1 1 9 12 1 10 12 1 1 10 12 1 7 1 100 1 10 12 1 10 12 1 100 1 8 1 10 12 1 1 10 12 1 1 10 12 1 10 12 1 10 12 1 1 10 7 12 1 1 1 10 12 1 9 12 1 1 9 12 1 9 12 1 9 12 1 9 12 1 9 12 1 10 12 1 1 10 12 1 10 12 1 1 10 12 1 1 10 12 1 1 10 7 12 1 1 10 12 1 1 18 12 1 1 9 12 1 1 10 7 12 1 1 9 100 12 1 1 1 10 100 12 1 1 18 10 100 12 1 1 1 10 7 12 1 9 12 1 10 12 1 9 12 1 100 1 18 12 10 12 100 1 9 12 1 10 12 1 10 12 1 10 12 1 10 12 1 10 1 1 3 3 1 1 1 1 1 1 1 1 1 100 1 1 1 1 1 1 1 1 1 1 1 1 1 1 1 1 1 1 1 1 1 1 1 1 1 1 1 1 1 1 1 1 1 100 1 1 1 1 1 1 1 1 1 1 1 1 1 1 1 1 1 1 1 1 15 10 100 12 1 1 8 1 8 1 8 1 1 1 100 1 1 1 1 100 1 100 1 1
staticfield com/sun/org/apache/xerces/internal/utils/XMLSecurityManager printedWarnings Ljava/util/concurrent/CopyOnWriteArrayList; java/util/concurrent/CopyOnWriteArrayList
ciInstanceKlass com/sun/org/apache/xerces/internal/utils/XMLSecurityManager$Limit 1 1 186 7 1 9 12 1 1 9 12 1 9 12 1 9 12 1 9 12 1 9 12 1 9 12 1 9 12 1 9 12 1 9 12 1 1 10 7 12 1 1 10 7 12 1 1 1 10 12 1 1 9 12 1 1 9 12 1 9 12 1 9 12 1 1 9 12 1 10 7 12 1 1 1 9 100 12 1 1 1 9 12 1 8 8 1 100 1 8 1 8 1 3 10 12 1 8 8 1 8 1 8 1 8 8 1 8 1 8 1 8 8 1 8 1 8 1 3 8 8 1 8 1 8 1 8 8 1 8 1 3 8 8 1 8 1 8 1 8 8 1 8 1 8 1 8 8 1 8 1 8 1 3 10 12 1 1 1 1 1 1 1 1 1 1 1 1 1 1 1 1 1 1 1 1 1 1 1 1 1 100 1 1 1 100 1 1
staticfield com/sun/org/apache/xerces/internal/utils/XMLSecurityManager$Limit ENTITY_EXPANSION_LIMIT Lcom/sun/org/apache/xerces/internal/utils/XMLSecurityManager$Limit; com/sun/org/apache/xerces/internal/utils/XMLSecurityManager$Limit
staticfield com/sun/org/apache/xerces/internal/utils/XMLSecurityManager$Limit MAX_OCCUR_NODE_LIMIT Lcom/sun/org/apache/xerces/internal/utils/XMLSecurityManager$Limit; com/sun/org/apache/xerces/internal/utils/XMLSecurityManager$Limit
staticfield com/sun/org/apache/xerces/internal/utils/XMLSecurityManager$Limit ELEMENT_ATTRIBUTE_LIMIT Lcom/sun/org/apache/xerces/internal/utils/XMLSecurityManager$Limit; com/sun/org/apache/xerces/internal/utils/XMLSecurityManager$Limit
staticfield com/sun/org/apache/xerces/internal/utils/XMLSecurityManager$Limit TOTAL_ENTITY_SIZE_LIMIT Lcom/sun/org/apache/xerces/internal/utils/XMLSecurityManager$Limit; com/sun/org/apache/xerces/internal/utils/XMLSecurityManager$Limit
staticfield com/sun/org/apache/xerces/internal/utils/XMLSecurityManager$Limit GENERAL_ENTITY_SIZE_LIMIT Lcom/sun/org/apache/xerces/internal/utils/XMLSecurityManager$Limit; com/sun/org/apache/xerces/internal/utils/XMLSecurityManager$Limit
staticfield com/sun/org/apache/xerces/internal/utils/XMLSecurityManager$Limit PARAMETER_ENTITY_SIZE_LIMIT Lcom/sun/org/apache/xerces/internal/utils/XMLSecurityManager$Limit; com/sun/org/apache/xerces/internal/utils/XMLSecurityManager$Limit
staticfield com/sun/org/apache/xerces/internal/utils/XMLSecurityManager$Limit MAX_ELEMENT_DEPTH_LIMIT Lcom/sun/org/apache/xerces/internal/utils/XMLSecurityManager$Limit; com/sun/org/apache/xerces/internal/utils/XMLSecurityManager$Limit
staticfield com/sun/org/apache/xerces/internal/utils/XMLSecurityManager$Limit MAX_NAME_LIMIT Lcom/sun/org/apache/xerces/internal/utils/XMLSecurityManager$Limit; com/sun/org/apache/xerces/internal/utils/XMLSecurityManager$Limit
staticfield com/sun/org/apache/xerces/internal/utils/XMLSecurityManager$Limit ENTITY_REPLACEMENT_LIMIT Lcom/sun/org/apache/xerces/internal/utils/XMLSecurityManager$Limit; com/sun/org/apache/xerces/internal/utils/XMLSecurityManager$Limit
staticfield com/sun/org/apache/xerces/internal/utils/XMLSecurityManager$Limit $VALUES [Lcom/sun/org/apache/xerces/internal/utils/XMLSecurityManager$Limit; 9 [Lcom/sun/org/apache/xerces/internal/utils/XMLSecurityManager$Limit;
ciInstanceKlass com/sun/org/apache/xerces/internal/xni/XMLDocumentHandler 1 0 40 100 1 100 1 1 1 1 100 1 1 1 1 1 1 1 1 1 1 1 1 1 1 1 1 1 1 1 1 1 1 1 1 1 1 1 1 1 1 1
instanceKlass com/sun/org/apache/xerces/internal/parsers/AbstractXMLDocumentParser
ciInstanceKlass com/sun/org/apache/xerces/internal/parsers/XMLParser 1 1 95 100 1 9 7 12 1 1 1 11 7 12 1 1 1 10 7 12 1 1 1 9 12 1 1 11 12 1 1 9 12 1 1 100 1 10 12 1 8 1 11 12 1 1 9 12 1 1 100 1 10 100 1 8 1 10 12 1 11 12 1 1 7 1 8 1 8 1 1 1 1 1 1 1 1 1 1 1 1 100 1 100 1 1 1 1 1 1 100 1 100 1 1 1 1
staticfield com/sun/org/apache/xerces/internal/parsers/XMLParser RECOGNIZED_PROPERTIES [Ljava/lang/String; 2 [Ljava/lang/String;
instanceKlass com/sun/org/apache/xerces/internal/parsers/AbstractSAXParser
ciInstanceKlass com/sun/org/apache/xerces/internal/parsers/AbstractXMLDocumentParser 1 1 173 10 7 12 1 1 1 11 7 12 1 1 1 11 12 1 1 11 12 1 1 10 7 12 1 1 1 10 12 1 1 9 12 1 1 9 12 1 1 9 12 1 1 9 12 1 1 10 12 1 1 100 1 100 1 100 1 1 1 1 1 1 1 1 1 1 1 1 1 1 1 1 1 1 1 100 1 1 1 1 1 1 1 1 1 1 1 1 1 1 1 1 1 1 1 1 1 1 1 1 1 1 1 1 1 1 1 1 1 1 1 1 1 1 1 1 1 1 1 1 1 1 1 1 1 1 1 1 1 1 1 1 1 1 1 1 1 1 1 1 1 1 1 1 1 1 1 1 1 1 1 1 1 1 1 1 1 1 1 1 1 1 1 1 1 1 1 1 1 1 1 1 1
instanceKlass com/sun/org/apache/xerces/internal/parsers/SAXParser
ciInstanceKlass com/sun/org/apache/xerces/internal/parsers/AbstractSAXParser 1 1 870 100 1 10 7 12 1 1 1 9 7 12 1 1 1 9 12 1 9 12 1 9 12 1 9 12 1 7 1 10 12 1 9 12 1 1 9 12 1 7 1 10 9 12 1 1 9 12 1 1 9 12 1 1 9 12 1 1 9 12 1 1 11 7 12 1 1 1 9 12 1 11 12 1 8 1 11 12 1 1 100 1 9 12 1 1 9 12 1 1 7 1 10 12 1 11 100 12 1 1 1 11 12 1 9 12 1 1 11 7 1 11 100 1 100 1 10 12 1 9 12 1 1 8 1 10 7 12 1 1 1 9 12 1 11 12 1 1 9 12 1 9 12 1 1 11 100 12 1 1 9 12 1 1 100 1 10 9 100 12 1 1 1 8 1 11 100 12 1 1 1 10 11 12 1 1 11 12 1 11 12 1 10 12 1 1 9 12 1 11 12 1 1 9 12 1 10 12 1 11 7 12 1 1 1 11 12 1 1 9 12 1 9 7 12 1 1 11 12 1 1 8 1 9 12 1 9 12 1 11 12 1 11 12 1 9 7 12 1 1 1 9 12 1 9 12 1 11 12 1 1 11 11 12 1 11 11 12 1 11 12 10 12 1 11 12 1 11 12 1 11 12 1 10 12 1 1 11 12 1 1 11 11 12 1 11 8 1 10 12 1 1 10 12 1 1 11 100 12 1 1 100 1 10 12 8 1 10 12 1 1 10 10 12 1 1 10 12 1 1 8 1 8 1 10 8 1 8 1 10 12 1 11 12 1 1 11 12 1 11 100 12 1 1 11 12 1 11 12 1 11 12 1 9 12 1 1 11 100 12 1 1 1 11 12 1 11 12 1 10 12 1 7 1 10 12 1 10 12 1 1 100 1 10 12 1 1 100 1 100 1 10 12 1 10 10 100 12 1 1 10 10 12 1 10 12 1 10 12 1 10 12 1 10 12 1 100 1 10 12 1 10 12 1 10 12 1 100 1 10 10 10 10 10 7 1 10 12 1 10 12 1 1 10 12 1 1 10 12 1 1 10 12 1 1 10 12 1 10 12 1 100 1 10 9 12 1 1 100 1 8 1 11 12 1 100 1 7 1 100 1 10 12 1 1 10 12 11 12 1 1 7 1 10 12 1 10 12 10 12 1 1 10 12 1 8 1 100 1 7 1 10 12 1 1 10 12 10 12 1 1 11 12 1 1 8 1 10 12 1 1 10 12 8 1 10 12 1 8 1 8 1 100 1 11 12 1 1 8 1 100 1 10 100 12 1 1 1 10 8 1 8 1 8 1 8 1 8 1 8 1 10 10 8 1 8 1 8 1 8 1 8 1 100 1 8 1 8 1 100 1 10 10 12 1 10 12 1 1 9 100 12 1 1 1 100 1 8 1 10 8 1 11 12 1 100 1 8 1 8 1 10 12 1 1 100 1 8 1 8 1 8 1 10 12 1 1 8 1 8 1 8 1 8 1 8 1 8 1 10 12 1 1 10 12 1 1 8 1 8 1 8 1 8 1 11 7 12 1 1 11 12 1 1 11 12 1 1 11 12 1 11 12 1 10 12 1 8 1 8 1 8 1 8 1 100 1 9 12 1 1 11 12 1 1 8 1 100 1 11 12 1 8 1 8 1 100 1 100 1 100 1 1 1 1 1 1 1 1 1 1 1 3 1 1 1 1 1 1 1 1 1 1 1 1 1 1 1 1 1 1 1 1 1 1 1 1 1 1 1 1 1 1 1 1 1 1 1 1 1 1 1 1 1 1 1 1 1 1 1 1 1 1 1 1 1 1 1 1 1 1 1 1 1 1 1 1 1 1 1 1 1 1 1 100 1 1 1 1 1 1 1 1 1 1 1 1 1 1 1 100 1 1 1 1 1 1 1 1 100 1 1 1 1 1 1 1 1 1 1 1 1 1 1 1 1 1 1 1 1 1 1 1 1 1 1 1 1 1 1 1 1 1 1 1 1 1 1 1 1
staticfield com/sun/org/apache/xerces/internal/parsers/AbstractSAXParser RECOGNIZED_FEATURES [Ljava/lang/String; 3 [Ljava/lang/String;
staticfield com/sun/org/apache/xerces/internal/parsers/AbstractSAXParser RECOGNIZED_PROPERTIES [Ljava/lang/String; 3 [Ljava/lang/String;
instanceKlass com/sun/org/apache/xerces/internal/jaxp/SAXParserImpl$JAXPSAXParser
ciInstanceKlass com/sun/org/apache/xerces/internal/parsers/SAXParser 1 1 150 100 1 10 7 12 1 1 1 10 7 12 1 1 7 1 10 12 1 9 12 1 1 9 12 1 1 11 7 12 1 1 1 8 1 11 12 1 1 9 12 1 11 12 1 8 1 11 12 1 1 8 1 8 1 10 7 12 1 1 1 9 12 1 1 10 7 12 1 1 1 10 100 1 8 1 7 1 10 9 12 1 1 10 12 1 10 12 1 1 9 100 12 1 1 1 10 12 1 1 9 100 12 1 1 10 12 1 1 8 1 1 1 1 1 1 1 1 1 1 1 1 1 1 1 1 1 1 1 100 1 100 1 1 1 1 1 1 1 100 1 100 1 1 1 1 1 1 100 1
staticfield com/sun/org/apache/xerces/internal/parsers/SAXParser RECOGNIZED_FEATURES [Ljava/lang/String; 2 [Ljava/lang/String;
staticfield com/sun/org/apache/xerces/internal/parsers/SAXParser RECOGNIZED_PROPERTIES [Ljava/lang/String; 2 [Ljava/lang/String;
ciInstanceKlass com/sun/org/apache/xerces/internal/jaxp/SAXParserImpl$JAXPSAXParser 1 1 352 100 1 7 1 10 7 12 1 1 1 10 7 12 1 1 7 1 10 9 12 1 1 9 12 1 9 12 1 1 9 12 1 1 9 12 1 1 100 1 10 12 1 8 1 10 12 1 1 100 1 100 1 9 12 1 1 11 100 12 1 1 1 8 1 100 1 10 100 12 1 1 1 10 12 1 100 1 10 8 1 100 1 10 100 1 8 1 10 7 12 1 1 1 10 12 1 10 100 1 100 1 11 7 12 1 1 10 12 1 1 9 7 12 1 1 1 9 12 1 11 12 1 1 9 12 1 1 10 12 1 1 10 12 1 10 12 1 1 8 1 9 12 1 1 8 1 10 12 1 8 1 10 12 1 9 12 1 1 8 1 10 10 12 1 1 8 1 8 1 10 8 1 10 12 1 9 100 12 1 1 1 10 12 1 1 9 100 12 1 1 10 12 1 1 10 12 1 1 10 12 1 11 12 1 11 12 1 1 11 100 12 1 1 1 11 100 12 1 1 11 12 1 1 100 1 11 12 1 11 12 10 12 1 11 12 1 9 12 1 1 10 100 12 1 1 9 12 1 1 10 100 1 10 12 1 10 12 1 1 10 12 11 100 1 100 1 10 12 1 1 10 12 1 1 9 100 12 1 1 1 8 1 10 8 1 11 8 1 9 12 1 1 11 12 1 10 12 1 1 1 1 1 1 1 1 1 1 1 1 1 1 1 1 1 1 1 1 1 1 1 1 1 1 1 1 1 1 1 1 1 1 100 1 1 1 1 1 1 1 1 1 1 1 1 1 1 1 100 1 1 1
ciInstanceKlass com/sun/org/apache/xerces/internal/util/SymbolTable 1 1 191 7 1 10 7 12 1 1 1 9 12 1 1 100 1 18 12 1 1 10 12 1 10 7 12 1 1 1 18 12 1 9 12 1 1 9 12 1 1 7 1 9 12 1 4 9 12 1 9 12 1 4 10 12 1 10 12 1 1 9 12 1 1 10 100 12 1 1 1 9 12 1 1 10 12 1 1 10 12 1 10 12 1 10 12 1 10 12 1 9 12 1 1 10 12 1 10 12 1 9 12 1 1 10 12 1 1 3 10 12 1 10 12 1 10 12 1 1 10 12 10 12 1 1 10 100 12 1 1 1 1 1 3 1 3 1 3 1 3 1 1 1 1 1 1 1 1 1 1 1 1 1 1 1 1 1 1 1 100 1 1 1 1 1 1 1 100 1 1 1 1 1 1 1 15 10 100 12 1 1 8 1 8 1 1 1 100 1 100 1 1
ciInstanceKlass com/sun/org/apache/xerces/internal/impl/XMLEntityManager 1 1 1521 100 1 7 1 7 1 10 7 12 1 1 1 9 12 1 1 9 12 1 9 12 1 9 12 1 9 12 1 8 1 9 12 1 1 9 12 1 1 9 12 1 1 9 12 1 1 9 12 1 9 12 1 7 1 10 9 12 1 1 7 1 10 9 12 1 1 9 12 1 1 9 12 1 8 1 9 12 1 1 7 1 10 9 12 1 1 7 1 10 9 12 1 1 9 12 1 9 12 1 7 1 10 12 1 7 1 10 12 1 9 12 1 1 10 12 1 1 9 12 1 1 7 1 10 12 1 9 12 1 1 10 12 1 1 11 7 12 1 1 1 100 1 10 12 1 11 12 1 1 9 12 1 9 12 1 1 100 1 8 1 8 1 7 1 10 12 1 1 10 12 1 1 9 7 12 1 1 1 11 100 12 1 1 1 10 12 1 1 100 1 100 1 10 12 1 1 10 12 1 10 12 1 9 12 1 10 9 12 1 1 10 12 1 10 12 1 1 9 12 1 100 1 10 10 7 12 1 1 10 12 1 10 12 1 10 12 1 10 12 1 1 9 12 1 10 12 1 1 100 1 10 12 1 10 12 1 1 100 1 10 100 12 1 1 100 1 10 12 1 1 11 100 12 1 1 1 11 12 1 1 100 1 11 12 1 7 1 11 12 1 10 12 1 1 10 12 1 10 12 1 10 12 1 1 10 12 1 10 12 1 7 1 10 12 1 10 12 1 10 12 1 1 9 7 12 1 1 9 12 1 9 12 1 1 10 7 12 1 9 12 1 5 0 10 12 1 1 8 1 5 0 10 12 1 1 9 7 12 1 1 1 10 12 1 1 9 7 12 1 1 9 12 1 8 1 8 1 10 12 1 1 10 12 1 10 12 1 10 12 1 10 12 1 10 7 12 1 1 11 12 100 1 10 12 1 10 12 1 9 12 1 10 12 1 9 12 1 1 11 11 12 1 11 10 12 1 9 12 1 1 10 100 12 1 1 1 9 12 1 1 11 7 12 1 1 100 1 10 12 1 9 12 1 1 9 12 1 9 12 1 9 12 1 9 12 1 10 7 12 1 1 1 9 100 12 1 1 1 10 100 12 1 1 9 12 1 1 100 1 10 100 12 1 1 1 11 100 12 1 1 10 100 12 1 1 10 12 1 100 1 8 1 10 100 12 1 1 1 10 12 1 10 12 1 10 12 1 11 12 1 11 12 1 11 12 1 11 12 1 1 100 1 10 12 1 11 100 1 11 10 12 1 1 11 7 12 1 1 8 1 11 12 1 1 11 7 12 1 1 11 12 1 1 9 8 1 10 12 1 1 9 12 1 9 12 1 9 12 1 18 12 1 1 9 10 12 1 1 8 1 10 12 1 10 12 1 10 12 1 1 10 12 1 1 8 1 100 1 9 12 1 10 10 12 1 10 12 1 9 12 1 9 12 1 10 12 1 1 9 12 1 10 12 1 1 10 12 1 1 10 12 1 1 8 1 10 12 1 1 10 12 1 10 10 12 1 100 1 10 12 1 100 1 9 7 12 1 1 1 10 12 1 8 1 10 8 1 100 1 10 8 1 10 100 12 1 1 1 7 1 8 1 8 1 100 1 100 1 8 1 10 12 1 8 1 8 1 8 1 100 1 8 1 9 12 1 9 12 1 9 12 1 9 12 1 8 1 7 1 9 7 12 1 1 1 10 12 1 8 1 10 10 10 11 10 12 1 9 12 1 8 1 11 7 12 1 1 1 10 10 12 1 10 8 1 8 1 8 1 8 1 8 1 8 1 8 1 11 8 1 11 12 8 1 7 1 9 12 1 1 8 1 10 12 1 1 10 9 12 1 1 10 7 12 1 8 1 10 12 1 8 1 10 12 1 8 1 8 1 8 1 8 1 8 1 8 1 7 1 10 12 1 10 12 1 1 8 1 9 12 1 9 12 1 1 9 12 1 10 12 8 1 8 1 10 12 1 100 1 100 1 8 1 10 9 12 1 1 9 12 1 9 100 12 1 1 1 10 12 1 1 100 1 10 12 10 12 1 1 10 100 12 1 1 10 12 1 1 9 12 1 1 9 12 1 1 9 12 1 10 12 1 10 12 1 1 100 1 9 12 1 8 1 10 10 12 1 10 12 1 8 1 10 12 1 10 12 1 10 10 12 1 10 12 1 1 10 12 1 100 1 10 12 1 10 12 1 10 12 1 10 12 1 8 1 10 12 1 10 12 1 1 10 12 1 1 100 1 10 12 10 12 1 10 12 1 10 12 1 10 12 1 10 12 1 1 10 12 1 1 10 12 1 1 10 100 1 10 12 1 10 18 10 12 1 100 1 10 12 1 10 12 1 100 1 10 12 1 10 12 1 10 12 1 10 12 1 10 10 10 12 1 10 8 1 10 10 12 1 10 9 12 1 1 9 12 1 9 12 1 9 12 1 9 12 1 9 12 1 9 12 1 9 12 1 9 12 1 9 12 1 10 12 1 1 10 12 1 1 10 12 1 8 1 8 1 7 1 10 12 1 100 1 10 12 1 100 1 10 12 1 8 1 10 100 12 1 1 10 12 1 8 1 8 1 10 100 12 1 1 8 1 100 1 100 1 10 12 1 10 12 1 10 9 12 1 9 12 1 18 12 18 8 1 8 1 8 1 8 1 10 12 1 8 1 8 1 10 12 1 8 1 8 1 8 8 1 8 1 8 1 8 1 8 1 8 1 8 1 8 1 8 1 8 1 8 1 8 1 8 1 8 1 8 1 8 1 8 1 8 1 8 1 8 1 8 1 8 1 8 1 9 12 1 10 12 1 8 1 8 1 10 12 1 9 12 1 10 12 1 8 1 100 1 1 1 3 1 3 1 3 1 1 1 1 1 1 1 1 1 1 1 1 1 1 1 1 1 1 3 1 1 1 1 1 1 1 1 1 1 1 1 1 1 1 1 1 1 1 1 1 1 1 1 1 1 1 1 1 1 1 1 1 1 1 1 1 1 1 1 1 1 1 1 1 1 1 1 1 1 1 1 1 1 1 1 1 1 1 1 1 1 1 1 1 1 1 1 1 100 100 1 1 1 1 1 1 1 1 1 1 1 1 1 1 1 1 1 1 1 1 1 1 1 1 1 1 1 1 1 1 1 1 1 1 1 1 1 1 1 1 1 1 1 1 1 1 1 1 1 1 1 1 1 1 1 1 1 1 1 1 1 1 1 1 1 1 1 1 1 1 1 1 1 1 1 1 1 1 1 1 1 1 1 1 1 1 1 1 1 1 1 1 1 1 1 1 100 1 1 1 1 1 1 1 1 1 1 1 1 1 1 1 1 1 1 1 1 1 1 1 1 100 1 1 1 1 1 1 1 1 1 1 1 1 100 1 1 1 1 15 10 100 12 1 1 8 1 8 1 8 1 8 1 1 1 1 1 1 1 1 1 1 1 1 100 1 100 1 1
staticfield com/sun/org/apache/xerces/internal/impl/XMLEntityManager RECOGNIZED_FEATURES [Ljava/lang/String; 7 [Ljava/lang/String;
staticfield com/sun/org/apache/xerces/internal/impl/XMLEntityManager FEATURE_DEFAULTS [Ljava/lang/Boolean; 7 [Ljava/lang/Boolean;
staticfield com/sun/org/apache/xerces/internal/impl/XMLEntityManager RECOGNIZED_PROPERTIES [Ljava/lang/String; 12 [Ljava/lang/String;
staticfield com/sun/org/apache/xerces/internal/impl/XMLEntityManager PROPERTY_DEFAULTS [Ljava/lang/Object; 12 [Ljava/lang/Object;
staticfield com/sun/org/apache/xerces/internal/impl/XMLEntityManager XMLEntity Ljava/lang/String; "[xml]"staticfield com/sun/org/apache/xerces/internal/impl/XMLEntityManager DTDEntity Ljava/lang/String; "[dtd]"ciInstanceKlass com/sun/org/apache/xerces/internal/xni/Augmentations 1 0 18 100 1 100 1 1 1 1 1 1 1 1 1 1 1 1 1 1
ciInstanceKlass com/sun/org/apache/xerces/internal/impl/XMLEntityScanner 1 1 671 100 1 7 1 10 7 12 1 1 1 9 12 1 1 7 1 9 12 1 1 9 12 1 1 9 12 1 1 7 1 10 9 12 1 1 9 12 1 1 9 12 1 1 9 12 1 1 9 12 1 9 12 1 1 9 12 1 1 9 12 1 9 12 1 9 12 1 9 12 1 9 12 1 9 12 1 9 12 1 1 10 12 1 1 8 1 10 100 12 1 1 1 7 1 8 1 7 1 10 12 1 8 1 11 7 12 1 1 1 9 12 1 11 9 9 10 12 1 9 7 12 1 1 1 10 12 1 9 12 1 1 11 100 12 1 1 1 9 12 1 9 12 1 9 12 1 9 12 1 11 12 1 11 12 1 9 12 1 9 12 1 9 12 1 1 10 7 12 1 1 1 8 1 10 12 1 1 9 7 12 1 1 1 10 12 1 1 8 1 8 1 100 1 10 12 1 9 12 1 1 8 1 10 12 1 1 10 12 1 1 9 12 1 1 9 12 1 10 12 1 1 10 12 1 1 10 12 1 1 9 12 1 1 10 7 12 1 1 1 9 10 7 12 1 1 1 10 12 1 1 10 12 1 10 12 1 1 9 7 12 1 1 1 10 12 1 1 10 7 12 1 1 1 10 12 1 100 1 8 1 8 1 10 12 1 1 9 12 1 9 7 12 1 1 1 9 12 1 9 12 1 9 12 1 10 12 1 1 9 12 1 9 12 1 10 7 12 1 1 1 10 7 12 1 1 1 10 12 1 1 10 12 1 1 10 100 12 1 1 1 10 12 1 10 12 1 1 10 12 1 9 12 1 8 1 10 12 1 10 12 1 1 10 12 1 10 7 12 1 1 9 12 1 10 12 1 10 12 1 1 10 12 1 1 9 12 1 9 12 1 10 7 12 1 1 9 12 1 10 12 1 9 12 10 12 1 9 12 1 9 12 1 10 7 12 1 1 1 10 12 1 9 12 1 1 8 1 7 1 10 12 1 1 10 12 1 1 10 12 1 8 1 100 1 10 10 100 12 1 1 8 1 10 12 1 10 12 1 8 1 8 1 10 100 12 1 1 1 8 1 8 1 100 1 10 12 1 10 12 1 8 1 8 1 10 12 1 10 12 1 10 12 1 10 12 1 1 7 1 11 12 1 10 7 1 10 100 1 1 1 3 1 1 1 1 1 1 1 1 1 1 1 1 1 1 1 1 1 1 1 1 100 1 1 1 1 1 1 1 1 1 1 1 1 1 1 1 1 1 1 1 1 1 1 1 1 1 1 1 1 1 1 1 100 1 1 1 1 1 1 1 1 1 1 1 1 1 1 1 1 1 1 1 1 1 1 1 1 1 1 1 1 1 1 1 1 1 100 1 1 1 1 1 1 1 1 1 1 1 1 1 1 1 1 1 1 1 1 1 1 1 1 1 1 1 1 1 1 1 1 1 1 1 1 1 1 1 1 1 1 1 1 1 1 1 1 1 1 1 1 1 1 1 1 1 1 1 1 1 1 1 1 1 100 1 1 100 1 1 1
staticfield com/sun/org/apache/xerces/internal/impl/XMLEntityScanner VALID_NAMES [Z 127
staticfield com/sun/org/apache/xerces/internal/impl/XMLEntityScanner END_OF_DOCUMENT_ENTITY Ljava/io/EOFException; com/sun/org/apache/xerces/internal/impl/XMLEntityScanner$1
instanceKlass com/sun/org/apache/xerces/internal/impl/XMLEntityScanner$1
ciInstanceKlass java/io/EOFException 1 1 26 10 7 12 1 1 1 10 12 1 100 1 1 1 1 5 0 1 1 1 1 1 1 1 1 1
ciInstanceKlass com/sun/org/apache/xerces/internal/impl/XMLErrorReporter 1 1 268 100 1 10 7 12 1 1 1 9 7 12 1 1 1 7 1 10 9 12 1 1 9 12 1 1 9 12 1 1 11 7 12 1 1 1 11 12 1 1 7 1 11 12 1 10 12 1 1 10 12 1 10 12 1 1 11 12 1 1 100 1 10 10 12 1 1 10 12 1 10 12 1 10 12 1 1 100 1 10 12 1 10 12 1 9 12 1 1 9 12 1 100 1 10 11 7 12 1 1 1 11 12 1 11 12 1 9 12 1 1 8 1 11 7 12 1 1 1 8 1 11 12 1 1 9 12 1 1 10 7 12 1 1 8 1 10 7 12 1 1 1 10 12 1 1 8 1 10 12 1 9 12 1 8 1 8 1 10 12 1 1 9 12 1 1 9 12 1 1 100 1 10 12 1 7 1 100 1 1 1 1 3 1 3 1 3 1 1 1 1 1 1 1 1 1 1 1 1 1 1 1 1 1 1 1 1 1 1 1 1 1 1 1 1 1 100 1 1 1 1 1 1 1 1 1 1 1 1 1 1 1 100 1 100 100 1 1 1 1 1 1 1 1 1 1 1 1 100 1 1 1 1 1 1 1 1 1 1 1 1 1 1 1 1 1 1 1
staticfield com/sun/org/apache/xerces/internal/impl/XMLErrorReporter RECOGNIZED_FEATURES [Ljava/lang/String; 1 [Ljava/lang/String;
staticfield com/sun/org/apache/xerces/internal/impl/XMLErrorReporter FEATURE_DEFAULTS [Ljava/lang/Boolean; 1 [Ljava/lang/Boolean;
staticfield com/sun/org/apache/xerces/internal/impl/XMLErrorReporter RECOGNIZED_PROPERTIES [Ljava/lang/String; 1 [Ljava/lang/String;
staticfield com/sun/org/apache/xerces/internal/impl/XMLErrorReporter PROPERTY_DEFAULTS [Ljava/lang/Object; 1 [Ljava/lang/Object;
instanceKlass com/sun/org/apache/xerces/internal/impl/XMLDTDScannerImpl
instanceKlass com/sun/org/apache/xerces/internal/impl/XMLDocumentFragmentScannerImpl
ciInstanceKlass com/sun/org/apache/xerces/internal/impl/XMLScanner 1 1 861 100 1 7 1 10 7 12 1 1 1 9 12 1 1 7 1 10 9 12 1 1 9 12 1 9 12 1 1 9 12 1 9 12 1 9 12 1 9 12 1 9 12 1 9 12 1 1 9 12 1 1 9 12 1 1 9 12 1 1 9 12 1 1 9 12 1 1 9 12 1 1 7 1 10 9 12 1 1 7 1 10 9 12 1 1 9 12 1 9 12 1 7 1 10 9 12 1 1 9 12 1 8 1 11 7 12 1 1 1 10 12 1 8 1 11 12 1 1 7 1 9 12 1 1 8 1 7 1 9 12 1 1 8 1 7 1 8 1 7 1 10 12 1 1 8 1 8 1 9 12 1 8 1 8 1 10 7 12 1 1 1 10 12 1 1 10 12 1 1 8 1 10 12 1 1 8 1 8 1 100 1 9 100 12 1 1 1 10 12 1 10 100 1 10 12 1 1 10 7 12 1 1 1 10 12 1 1 9 7 12 1 1 10 12 1 10 12 1 1 9 12 1 8 1 8 1 10 12 1 1 10 12 1 1 10 12 1 8 1 8 1 10 12 1 9 12 1 8 1 8 1 10 12 1 1 9 12 1 8 1 8 1 8 1 8 1 9 12 1 8 1 8 1 8 1 8 1 8 1 8 1 8 1 10 12 1 1 8 1 10 12 1 8 1 8 1 8 1 8 1 8 1 9 7 12 1 1 1 10 12 1 1 10 12 1 1 10 12 1 10 12 1 1 10 12 1 10 7 12 1 1 1 10 12 1 1 10 12 1 8 1 8 1 10 100 12 1 1 10 12 1 8 1 8 1 10 12 1 9 12 1 9 12 1 10 12 1 1 8 1 10 12 1 1 10 12 1 1 10 100 12 1 1 1 8 1 8 1 8 1 10 12 1 1 8 1 10 12 1 8 1 8 1 9 12 1 8 1 8 1 9 12 1 9 12 1 10 12 1 9 12 1 10 12 1 1 9 12 1 10 12 1 1 9 12 1 8 1 10 12 1 8 1 10 12 1 1 9 12 1 1 9 12 1 10 12 1 1 10 100 12 1 1 8 1 10 12 1 100 1 8 1 8 1 10 12 1 1 10 12 1 1 8 1 8 1 8 1 9 12 1 9 12 1 9 12 1 9 12 1 9 12 1 8 1 8 1 10 12 1 1 8 1 8 1 8 1 8 1 10 12 1 8 1 8 1 8 1 9 12 10 12 1 8 1 8 1 9 12 1 1 9 12 1 9 9 12 1 1 8 1 8 1 8 1 10 10 12 1 1 10 12 1 100 1 10 12 1 10 12 1 9 9 10 12 1 8 1 10 100 1 10 12 1 10 12 1 10 12 1 8 1 8 1 18 12 1 1 9 12 1 10 10 12 1 10 12 1 10 12 1 10 12 1 8 1 10 12 1 1 10 10 12 1 10 12 1 10 12 1 1 9 9 100 12 1 1 1 18 12 1 10 100 12 1 1 1 10 12 1 1 10 12 1 1 8 1 10 12 1 1 10 12 1 1 10 12 1 10 12 1 1 9 12 1 9 12 1 8 1 10 12 1 8 10 12 1 8 1 8 1 8 1 8 1 8 1 8 1 8 1 100 1 1 1 1 1 1 1 1 1 1 1 3 1 1 1 1 1 1 1 1 1 1 1 1 1 1 1 1 1 1 1 1 1 1 1 1 1 1 1 1 1 1 1 1 1 1 1 1 1 1 1 1 1 1 1 100 100 1 100 1 1 1 1 1 1 1 1 1 1 1 1 1 1 1 1 1 1 1 1 1 1 1 1 1 1 1 1 1 1 1 1 1 1 1 1 1 1 1 1 1 1 100 1 1 1 1 1 1 1 1 1 1 1 1 1 1 1 1 1 1 1 1 1 1 1 1 1 1 1 1 1 1 1 1 1 1 1 15 10 100 12 1 1 8 1 8 1 1 100 1 1 1 1 100 1 100 1 1
staticfield com/sun/org/apache/xerces/internal/impl/XMLScanner fVersionSymbol Ljava/lang/String; "version"staticfield com/sun/org/apache/xerces/internal/impl/XMLScanner fEncodingSymbol Ljava/lang/String; "encoding"staticfield com/sun/org/apache/xerces/internal/impl/XMLScanner fStandaloneSymbol Ljava/lang/String; "standalone"staticfield com/sun/org/apache/xerces/internal/impl/XMLScanner fAmpSymbol Ljava/lang/String; "amp"staticfield com/sun/org/apache/xerces/internal/impl/XMLScanner fLtSymbol Ljava/lang/String; "lt"staticfield com/sun/org/apache/xerces/internal/impl/XMLScanner fGtSymbol Ljava/lang/String; "gt"staticfield com/sun/org/apache/xerces/internal/impl/XMLScanner fQuotSymbol Ljava/lang/String; "quot"staticfield com/sun/org/apache/xerces/internal/impl/XMLScanner fAposSymbol Ljava/lang/String; "apos"instanceKlass com/sun/org/apache/xerces/internal/impl/XMLDocumentScannerImpl
ciInstanceKlass com/sun/org/apache/xerces/internal/impl/XMLDocumentFragmentScannerImpl 1 1 1301 100 1 7 1 7 1 10 7 12 1 1 1 9 12 1 1 9 12 1 1 9 12 1 9 12 1 9 12 1 9 12 1 9 12 1 9 12 1 9 12 1 7 1 10 12 1 9 12 1 1 7 1 10 9 12 1 1 7 1 10 9 12 1 1 9 12 1 9 12 1 9 12 1 9 12 1 9 12 1 9 12 1 9 12 1 1 9 12 1 9 12 1 8 1 9 12 1 10 12 1 1 9 12 1 1 7 1 10 9 12 1 1 9 12 1 7 1 10 9 12 1 1 9 12 1 9 12 1 7 1 9 12 1 1 7 1 10 9 12 1 1 9 12 1 9 12 1 9 12 1 1 9 12 1 9 12 1 9 12 1 1 9 12 1 9 12 1 9 12 1 9 12 1 9 12 1 1 9 12 1 7 1 9 12 1 9 12 1 9 12 1 9 12 1 9 12 1 1 9 12 1 1 10 7 12 1 1 1 8 1 10 12 1 1 10 12 1 1 9 12 1 1 9 7 12 1 1 1 10 12 1 1 9 12 1 1 10 12 1 1 11 7 12 1 1 1 10 12 1 1 10 12 1 1 11 12 1 1 11 12 1 11 12 1 1 11 12 1 100 1 11 12 1 9 12 1 1 100 1 10 12 1 1 10 12 1 1 9 12 1 11 100 1 10 12 1 1 8 1 11 7 12 1 1 1 8 1 11 12 1 1 7 1 9 12 1 1 8 1 8 1 8 1 7 1 9 12 1 1 10 12 1 1 10 12 1 1 8 1 7 1 9 7 12 1 1 1 10 12 1 1 8 1 9 12 1 8 1 11 12 1 9 12 1 10 7 12 1 1 9 12 1 10 12 1 10 12 1 100 1 8 1 10 100 1 7 1 10 12 1 1 9 12 1 8 1 8 1 8 1 8 1 9 12 1 9 12 1 10 12 1 9 12 1 9 12 1 9 12 1 10 12 1 1 9 12 1 1 9 7 12 1 1 1 10 12 1 1 9 12 1 9 12 1 9 12 1 10 12 1 9 12 1 1 9 9 12 1 10 7 12 1 1 10 12 1 1 8 1 10 12 1 1 10 12 1 10 12 1 1 8 1 10 12 1 1 9 12 1 10 12 1 1 8 1 8 1 10 12 1 8 1 9 12 1 1 9 12 1 1 9 12 1 10 100 12 1 1 1 10 12 1 10 100 12 1 1 8 1 7 1 10 12 1 1 9 12 1 8 1 11 12 1 10 12 1 1 8 1 11 12 1 100 1 10 10 12 1 1 8 1 10 12 1 1 11 12 1 1 11 12 1 1 10 12 1 1 10 12 1 10 12 1 1 10 7 12 1 1 10 12 1 9 12 1 9 12 1 10 12 1 1 10 10 12 1 1 10 12 1 9 12 1 10 12 1 1 10 12 1 1 10 12 1 1 10 12 1 1 10 12 1 10 12 1 9 12 1 10 12 1 1 10 100 12 1 1 1 10 12 1 10 12 1 1 10 12 1 9 12 1 10 12 1 10 12 1 10 12 1 9 7 12 1 1 1 10 12 1 1 10 12 1 1 10 12 1 10 12 1 1 9 12 1 10 12 1 10 12 1 10 12 1 9 12 1 9 12 1 10 12 1 1 10 12 1 10 12 1 9 12 1 1 100 1 8 1 8 1 10 7 12 1 1 1 100 1 10 12 1 1 8 1 11 12 1 1 10 12 1 10 100 12 1 1 1 11 12 10 12 1 10 12 1 1 9 12 1 10 12 1 1 8 1 10 12 1 10 12 1 10 12 1 9 12 1 9 12 1 8 1 10 12 1 10 12 1 1 11 100 1 9 100 12 1 1 11 12 1 1 8 1 11 12 1 1 11 12 1 1 9 12 10 12 1 1 10 12 1 1 10 12 1 8 1 9 8 1 10 12 1 1 10 12 1 10 12 1 10 12 1 1 8 1 10 12 1 8 1 8 1 11 12 1 1 10 12 10 12 1 1 9 12 1 9 12 1 9 12 1 11 100 12 1 1 100 1 10 8 1 9 12 1 1 11 12 1 9 12 1 8 1 8 1 10 12 1 8 1 9 12 1 10 12 1 1 9 12 1 9 12 1 9 12 1 9 12 1 9 12 1 10 12 1 10 12 1 8 1 10 12 1 10 12 1 9 12 1 10 7 12 1 1 1 10 12 1 1 10 12 1 1 8 1 10 12 1 8 1 9 12 1 10 12 1 1 10 12 1 8 1 8 1 8 1 8 1 8 1 8 1 8 1 8 1 8 1 8 1 8 1 8 1 8 1 8 1 8 1 8 1 18 12 1 8 1 10 12 1 10 12 1 1 10 100 12 1 1 1 9 12 1 1 10 100 12 1 1 9 12 1 9 12 1 1 10 7 12 1 1 10 12 1 1 10 12 1 10 12 1 10 12 10 12 1 8 1 8 1 8 1 100 1 8 1 9 12 1 9 12 1 10 12 1 8 1 8 1 8 1 9 12 1 9 12 1 9 12 1 9 12 1 9 12 1 9 12 1 100 1 100 1 100 1 100 1 1 3 3 3 3 1 3 3 3 3 3 3 3 3 3 3 3 3 3 1 3 1 3 1 1 1 1 1 1 1 3 1 1 1 1 1 3 1 3 1 3 1 1 1 1 1 1 1 1 1 1 1 100 1 1 1 1 1 1 100 1 1 1 1 1 1 1 1 100 1 1 1 1 1 1 1 1 1 1 1 1 1 1 1 1 1 1 1 1 1 1 1 1 1 1 1 1 1 1 1 1 1 1 1 1 1 1 1 1 1 1 1 1 1 1 1 1 1 1 1 1 1 1 1 1 1 1 1 1 1 1 1 1 1 1 1 1 1 1 1 1 1 1 1 1 1 1 1 1 1 1 1 1 1 1 1 100 1 1 15 10 100 12 1 1 8 1 1 1 1 1 100 1 1 1 1 1 1 1 100 1 100 1 1
staticfield com/sun/org/apache/xerces/internal/impl/XMLDocumentFragmentScannerImpl RECOGNIZED_FEATURES [Ljava/lang/String; 6 [Ljava/lang/String;
staticfield com/sun/org/apache/xerces/internal/impl/XMLDocumentFragmentScannerImpl FEATURE_DEFAULTS [Ljava/lang/Boolean; 6 [Ljava/lang/Boolean;
staticfield com/sun/org/apache/xerces/internal/impl/XMLDocumentFragmentScannerImpl RECOGNIZED_PROPERTIES [Ljava/lang/String; 9 [Ljava/lang/String;
staticfield com/sun/org/apache/xerces/internal/impl/XMLDocumentFragmentScannerImpl PROPERTY_DEFAULTS [Ljava/lang/Object; 9 [Ljava/lang/Object;
staticfield com/sun/org/apache/xerces/internal/impl/XMLDocumentFragmentScannerImpl CDATA [C 7
staticfield com/sun/org/apache/xerces/internal/impl/XMLDocumentFragmentScannerImpl XMLDECL [C 5
instanceKlass com/sun/org/apache/xerces/internal/impl/XMLNSDocumentScannerImpl
ciInstanceKlass com/sun/org/apache/xerces/internal/impl/XMLDocumentScannerImpl 1 1 552 100 1 10 7 12 1 1 1 9 7 12 1 1 1 9 12 1 1 9 12 1 1 9 12 1 7 1 10 9 12 1 1 9 12 1 7 1 10 12 1 9 12 1 1 7 1 10 9 12 1 9 12 1 7 1 10 9 12 1 9 12 1 1 9 12 1 9 12 1 7 1 9 12 1 1 9 12 1 1 7 1 10 12 1 9 12 1 1 9 12 1 1 10 100 12 1 1 1 10 12 1 1 100 1 10 12 1 1 9 12 1 10 12 1 1 9 12 1 1 9 12 1 9 12 1 9 12 1 11 7 12 1 100 1 8 1 10 100 12 1 1 1 7 1 10 12 1 1 9 12 1 8 1 10 12 1 1 100 1 10 10 100 12 1 1 10 12 1 8 1 11 7 12 1 1 1 8 1 9 12 1 100 1 8 1 9 12 1 8 1 11 7 1 8 1 11 12 1 7 1 9 12 1 1 8 1 100 1 10 12 1 1 9 12 1 10 7 12 1 1 1 10 12 1 1 8 1 10 12 1 1 10 12 1 1 8 1 10 12 1 8 1 10 12 1 9 12 1 10 12 1 1 8 1 8 1 8 1 10 12 1 1 9 12 1 1 10 12 1 1 9 12 1 1 10 12 1 10 12 1 1 9 12 1 1 10 7 12 1 1 1 8 1 10 12 1 8 1 11 100 12 1 1 9 12 1 1 11 7 12 1 1 1 10 12 1 1 9 12 1 9 12 1 100 1 10 10 12 1 1 100 1 9 12 1 1 10 12 1 1 8 1 10 12 1 9 12 1 11 7 12 1 1 100 1 10 10 12 1 8 1 10 12 1 1 9 100 12 1 1 1 10 12 1 1 8 1 10 12 1 1 9 12 1 9 12 1 1 10 12 1 1 11 100 12 1 1 1 10 12 1 1 10 12 1 11 100 12 1 1 1 11 12 1 1 10 100 12 1 1 10 12 1 10 12 1 1 8 1 7 1 8 1 8 1 8 1 8 1 8 1 8 1 10 12 1 1 10 12 1 9 12 1 9 12 1 1 9 12 1 9 12 9 12 1 1 3 3 3 3 3 3 1 3 1 8 1 1 1 1 1 1 1 1 1 1 1 1 1 1 1 100 1 1 1 1 1 1 1 1 1 100 1 1 1 1 1 1 1 1 1 1 1 1 1 1 1 100 1 1 1 1 1 100 1 1 1 1 1 1 1 1 1 1 1 1 1 1 1 1 100 1 1 1 1 1 1 1 1 1 1
staticfield com/sun/org/apache/xerces/internal/impl/XMLDocumentScannerImpl RECOGNIZED_FEATURES [Ljava/lang/String; 2 [Ljava/lang/String;
staticfield com/sun/org/apache/xerces/internal/impl/XMLDocumentScannerImpl FEATURE_DEFAULTS [Ljava/lang/Boolean; 2 [Ljava/lang/Boolean;
staticfield com/sun/org/apache/xerces/internal/impl/XMLDocumentScannerImpl RECOGNIZED_PROPERTIES [Ljava/lang/String; 2 [Ljava/lang/String;
staticfield com/sun/org/apache/xerces/internal/impl/XMLDocumentScannerImpl PROPERTY_DEFAULTS [Ljava/lang/Object; 2 [Ljava/lang/Object;
staticfield com/sun/org/apache/xerces/internal/impl/XMLDocumentScannerImpl DOCTYPE [C 7
staticfield com/sun/org/apache/xerces/internal/impl/XMLDocumentScannerImpl COMMENTSTRING [C 2
ciInstanceKlass com/sun/org/apache/xerces/internal/impl/XMLNSDocumentScannerImpl 1 1 506 100 1 10 7 12 1 1 1 9 7 12 1 1 1 9 12 1 10 12 1 1 10 12 1 9 12 1 100 1 8 1 10 100 12 1 1 1 100 1 10 12 1 1 10 12 1 9 12 1 9 12 1 1 100 1 9 12 1 1 11 7 12 1 1 10 12 1 1 9 12 1 1 9 12 1 9 12 1 9 12 1 1 10 7 12 1 1 1 9 12 1 1 9 7 12 1 1 1 10 7 12 1 1 1 10 12 1 9 12 1 1 10 12 1 10 12 1 9 12 1 9 7 12 1 1 1 10 12 1 1 10 12 1 1 10 12 1 1 10 12 1 1 9 12 1 10 12 1 1 11 12 1 9 12 1 9 12 1 1 100 1 8 1 8 1 100 1 100 1 10 12 1 1 9 12 1 10 7 12 1 1 1 8 1 9 12 1 9 12 1 1 10 7 12 1 1 10 12 1 9 12 1 9 12 1 9 12 1 9 12 1 10 12 1 1 9 12 1 1 9 12 1 10 7 12 1 1 1 10 12 1 8 1 10 100 12 1 1 1 9 12 1 9 7 12 1 1 8 1 8 1 9 12 1 11 12 1 1 9 12 1 8 1 9 12 1 10 12 1 1 8 1 10 12 1 1 10 12 1 8 1 9 12 1 8 1 9 12 1 9 12 1 1 9 12 1 8 1 10 12 1 1 9 12 1 1 11 7 12 1 1 1 9 12 1 10 12 1 9 12 1 1 10 100 12 1 1 1 11 12 9 12 1 10 12 1 9 12 1 10 12 1 1 8 1 9 12 1 9 12 1 10 12 1 1 9 12 1 1 10 12 1 1 9 7 12 1 1 9 12 1 8 1 9 12 1 1 9 12 1 10 12 1 9 100 12 1 1 1 10 12 1 1 9 12 1 1 10 7 12 1 1 1 8 1 9 12 1 9 12 1 9 12 1 8 1 8 1 7 1 10 12 1 10 12 11 12 1 1 10 7 1 9 12 1 10 12 1 1 10 12 1 1 10 12 1 1 10 12 1 1 10 7 1 10 12 1 1 1 1 1 1 1 1 1 1 1 1 100 1 100 1 100 1 1 1 1 1 1 1 1 1 1 1 1 1 1 1 1 1 1 1 1 1 1 1 1 100 1 1 1 1 100 1 1
instanceKlass com/sun/org/apache/xerces/internal/util/XMLStringBuffer
ciInstanceKlass com/sun/org/apache/xerces/internal/xni/XMLString 1 1 81 10 7 12 1 1 1 10 7 12 1 1 1 10 12 1 9 12 1 1 9 12 1 1 9 12 1 10 7 12 1 1 10 12 1 1 10 12 8 1 10 7 12 1 1 1 10 12 1 1 10 12 1 1 1 3 1 1 1 1 1 1 1 1 1 1 1 1 1 1 1 1 1 1 1 1 1 1 1 1 1
ciInstanceKlass com/sun/org/apache/xerces/internal/impl/XMLDocumentFragmentScannerImpl$ElementStack 1 1 95 7 1 9 7 12 1 1 1 10 7 12 1 1 1 9 12 1 1 7 1 9 12 1 1 10 9 12 1 1 10 100 12 1 1 1 10 12 1 1 9 12 1 9 12 1 9 12 1 9 12 1 9 12 1 1 9 12 1 1 9 12 1 10 12 1 1 1 1 1 1 1 1 1 1 1 1 1 1 100 1 1 1 1 1 1 1 1 1 1 1 1 1 1 1
ciInstanceKlass com/sun/org/apache/xerces/internal/xni/QName 1 1 105 10 7 12 1 1 1 10 7 12 1 1 10 12 1 1 10 12 1 9 12 1 1 9 12 1 9 12 1 9 12 1 10 12 10 100 12 1 1 1 10 12 1 1 100 1 10 18 12 1 1 10 12 1 1 10 12 1 18 18 18 10 12 1 1 100 1 1 1 1 1 1 1 1 1 1 1 1 1 1 1 1 1 1 1 15 10 100 12 1 1 8 1 8 1 8 1 8 1 1 100 1 100 1 1
ciInstanceKlass com/sun/org/apache/xerces/internal/xni/XMLAttributes 1 0 48 100 1 100 1 1 1 1 1 1 1 1 1 1 1 1 1 1 1 1 1 1 1 1 1 1 1 1 1 1 1 1 1 1 1 1 1 1 1 1 1 1 1 1 1 1 1 1
instanceKlass com/sun/org/apache/xerces/internal/util/XMLAttributesIteratorImpl
ciInstanceKlass com/sun/org/apache/xerces/internal/util/XMLAttributesImpl 1 1 308 7 1 10 12 1 1 10 7 12 1 1 9 12 1 1 9 12 1 1 7 1 9 12 1 1 9 12 1 10 10 12 1 1 9 12 1 9 7 12 1 1 1 10 7 12 1 1 1 9 12 1 10 12 1 1 9 12 1 10 12 1 10 7 12 1 1 1 9 12 1 10 12 1 10 12 1 9 12 1 1 9 12 1 1 9 12 1 9 12 1 1 10 12 1 1 10 12 1 9 12 1 9 12 1 9 12 1 1 9 12 1 9 12 1 9 12 1 1 11 7 12 1 1 10 12 1 1 10 12 1 1 10 12 1 10 7 12 1 1 1 10 12 1 1 8 1 10 12 10 12 1 1 10 12 1 1 10 12 1 10 12 10 12 1 10 12 1 1 8 1 10 12 1 3 10 12 9 12 1 10 12 1 10 12 1 100 1 10 12 1 10 12 1 10 12 9 12 1 10 12 1 10 100 12 1 1 1 10 12 1 100 1 100 1 1 1 3 1 3 1 3 1 3 1 3 1 1 1 1 1 1 1 1 1 1 1 1 1 1 1 1 1 1 1 100 1 1 1 1 1 1 1 1 1 1 1 1 1 1 1 1 1 1 1 1 1 1 1 1 1 1 1 1 1 1 1 1 1 1 1 1 1 1 1 100 1 1 1 1 1 1 1 1 1 1 1 1 1 1 1 1 1 1 1 1 1 1
ciInstanceKlass com/sun/org/apache/xerces/internal/util/XMLAttributesIteratorImpl 1 1 64 10 7 12 1 1 1 9 7 12 1 1 1 10 12 1 1 10 12 1 1 9 12 1 1 9 12 1 1 100 1 10 10 12 1 1 100 1 10 10 12 1 10 12 1 1 100 1 1 1 1 1 1 1 1 1 1 1 1 1 1 100 1 1
ciInstanceKlass com/sun/org/apache/xerces/internal/util/XMLAttributesImpl$Attribute 1 1 44 10 7 12 1 1 1 7 1 10 9 7 12 1 1 1 7 1 10 9 12 1 1 1 1 1 1 1 1 1 1 1 1 1 1 1 1 1 1 1 100 1 1 1
ciInstanceKlass com/sun/org/apache/xerces/internal/xni/NamespaceContext 1 1 44 8 1 10 7 12 1 1 1 9 7 12 1 1 1 8 1 9 12 1 100 1 1 1 1 1 1 1 1 1 1 1 1 1 1 1 1 1 1 1 1 1 1 1
staticfield com/sun/org/apache/xerces/internal/xni/NamespaceContext XML_URI Ljava/lang/String; "http://www.w3.org/XML/1998/namespace"staticfield com/sun/org/apache/xerces/internal/xni/NamespaceContext XMLNS_URI Ljava/lang/String; "http://www.w3.org/2000/xmlns/"ciInstanceKlass com/sun/org/apache/xerces/internal/util/NamespaceSupport 1 1 147 10 7 12 1 1 1 7 1 9 7 12 1 1 1 9 12 1 1 9 12 1 10 12 1 11 7 12 1 1 1 11 100 12 1 1 1 11 12 1 1 11 12 1 1 10 12 1 1 9 12 1 1 9 12 1 9 7 12 1 1 1 9 12 1 9 12 1 9 12 1 10 7 12 1 1 1 10 100 1 10 12 1 100 1 10 100 1 10 11 100 12 1 1 1 11 12 1 1 1 1 1 1 1 1 1 1 1 1 1 1 1 1 1 1 1 1 1 1 1 1 1 1 1 1 1 1 1 1 1 1 1 1 1 1 1 1 1 1 1 1 1 1 1 1 1 1
ciInstanceKlass com/sun/xml/bind/unmarshaller/InfosetScanner 0 0 24 100 100 1 1 1 100 1 1 1 1 1 1 1 1 1 1 1 1 1 1 1 1 1
ciInstanceKlass com/sun/xml/bind/WhiteSpaceProcessor 1 1 95 10 10 11 11 11 10 100 10 10 10 100 10 10 11 10 10 10 10 10 7 100 1 1 1 1 1 1 1 1 1 1 1 1 1 1 1 1 1 1 1 1 1 1 1 1 1 1 1 1 1 1 1 1 1 1 1 1 12 12 7 12 12 12 12 1 12 12 1 12 12 12 12 12 12 12 1 1 1 1 1 1 1 1 1 1 1 1 1 1 1 1 1 1 1
instanceKlass com/sun/xml/bind/v2/runtime/unmarshaller/UnmarshallingContext$ExpectedTypeRootLoader
instanceKlass com/sun/xml/bind/v2/runtime/unmarshaller/UnmarshallingContext$DefaultRootLoader
instanceKlass com/sun/xml/bind/v2/runtime/ElementBeanInfoImpl$IntercepterLoader
instanceKlass com/sun/xml/bind/v2/runtime/unmarshaller/DomLoader
instanceKlass com/sun/xml/bind/v2/runtime/unmarshaller/ValuePropertyLoader
instanceKlass com/sun/xml/bind/v2/runtime/property/ArrayReferenceNodeProperty$MixedTextLoader
instanceKlass com/sun/xml/bind/v2/runtime/property/SingleMapNodeProperty$2
instanceKlass com/sun/xml/bind/v2/runtime/property/SingleMapNodeProperty$1
instanceKlass com/sun/xml/bind/v2/runtime/property/ArrayERProperty$ItemsLoader
instanceKlass com/sun/xml/bind/v2/runtime/unmarshaller/LeafPropertyXsiLoader
instanceKlass com/sun/xml/bind/v2/runtime/unmarshaller/ProxyLoader
instanceKlass com/sun/xml/bind/v2/runtime/unmarshaller/DefaultValueLoaderDecorator
instanceKlass com/sun/xml/bind/v2/runtime/unmarshaller/LeafPropertyLoader
instanceKlass com/sun/xml/bind/v2/runtime/unmarshaller/StructureLoader
instanceKlass com/sun/xml/bind/v2/runtime/unmarshaller/XsiTypeLoader
instanceKlass com/sun/xml/bind/v2/runtime/unmarshaller/TextLoader
ciInstanceKlass com/sun/xml/bind/v2/runtime/unmarshaller/Loader 1 1 290 10 9 10 9 10 10 10 9 10 10 9 10 9 9 7 10 10 9 10 10 11 10 10 9 100 10 10 11 11 11 100 10 10 8 10 10 10 8 10 10 10 10 10 10 10 10 10 10 10 10 10 10 10 10 100 100 10 11 10 10 10 7 1 1 1 1 1 1 1 1 1 1 1 7 1 1 1 1 1 1 1 1 100 1 1 1 1 1 1 1 7 1 1 1 1 1 1 1 1 1 1 1 1 1 1 1 1 100 1 1 1 100 1 1 1 1 1 1 1 1 1 1 1 1 1 1 1 1 1 1 1 1 1 100 100 1 1 1 1 12 12 12 100 12 12 12 12 12 7 12 12 100 12 12 12 100 12 1 12 12 12 12 100 12 100 12 12 12 12 1 12 100 12 12 12 1 12 12 1 12 12 12 1 7 12 12 12 12 12 12 12 12 12 12 12 12 12 12 100 1 1 12 100 12 12 12 12 1 1 1 1 1 100 1 1 1 1 1 1 1 1 1 1 1 1 1 1 1 1 1 1 1 1 1 1 1 1 1 1 1 1 1 1 1 1 1 1 1 1 1 1 1 1 1 1 1 1 1 1 1 1 1 1 1 1 1 1 1 1 1 1 1 1 1 1 1 1 1 1 1 1 1 1 1 1 1 1 1 1
ciInstanceKlass com/sun/xml/bind/v2/runtime/unmarshaller/XsiTypeLoader 1 1 195 10 9 10 10 10 10 10 9 100 8 8 11 11 10 9 100 10 10 10 11 10 10 9 10 10 10 9 9 100 10 10 11 9 11 10 7 10 7 7 1 1 1 1 1 1 1 1 1 1 1 1 7 1 1 1 1 1 1 1 1 1 1 1 7 1 100 1 1 1 1 1 1 1 1 1 1 1 1 7 7 7 100 1 1 1 1 1 1 1 1 1 1 1 1 1 1 12 12 12 12 12 12 12 12 1 1 12 12 7 12 100 12 1 12 12 12 7 12 12 7 12 12 100 12 12 12 12 12 1 12 12 12 12 12 100 12 1 12 1 1 1 1 1 1 1 1 1 1 1 1 1 1 1 1 1 1 1 1 1 1 1 1 1 1 1 1 1 1 1 1 1 1 1 1 1 1 1 1 1 1 1 1 1 1 1 1 1 1 1 1 1 1 1 1
staticfield com/sun/xml/bind/v2/runtime/unmarshaller/XsiTypeLoader XsiTypeQNAME Ljavax/xml/namespace/QName; javax/xml/namespace/QName
ciInstanceKlass com/sun/xml/bind/v2/runtime/unmarshaller/StructureLoader 1 1 453 10 7 10 9 9 7 10 9 9 11 10 9 7 9 10 9 10 11 9 10 9 9 10 7 9 9 9 9 9 10 9 10 100 10 10 9 10 10 10 10 10 10 10 9 11 11 11 8 10 11 11 10 7 10 100 8 10 10 100 9 100 10 10 9 100 10 10 10 10 10 100 10 11 100 10 9 9 10 9 10 100 8 10 10 10 10 11 11 11 10 10 9 10 9 10 10 10 10 10 10 7 10 7 7 1 1 1 1 1 1 1 1 1 1 1 1 1 1 1 1 1 1 1 1 1 1 1 1 1 1 1 1 1 1 1 1 1 1 1 1 1 1 1 1 1 1 1 1 7 7 1 1 7 1 1 1 1 1 1 1 1 1 1 1 1 1 1 1 1 1 1 1 1 1 1 1 1 1 1 7 7 7 7 1 100 1 1 1 1 1 1 1 1 1 1 100 1 1 1 1 1 1 1 1 1 1 1 1 1 1 12 1 12 12 12 1 12 12 12 12 7 12 12 1 12 7 12 12 12 12 12 12 12 7 12 12 1 12 12 12 12 12 12 12 100 12 1 12 12 12 12 12 12 12 12 12 12 12 12 12 1 12 12 12 12 1 12 1 1 12 100 12 1 12 1 7 12 100 12 1 12 12 12 12 12 1 12 12 1 12 12 12 12 100 12 12 1 1 100 12 12 12 12 100 12 100 12 12 12 12 12 12 12 12 12 12 12 12 12 1 12 1 1 1 1 1 1 1 1 1 1 1 1 1 1 1 1 1 1 1 1 1 1 1 1 1 1 1 1 1 1 1 1 1 1 1 1 1 1 1 1 1 1 1 1 1 1 1 1 1 1 1 1 1 1 1 1 1 1 1 1 1 1 1 1 1 1 1 1 1 1 1 1 1 1 1 1 1 1 1 1 1 1 1 1 1 1 1 1 1 1 1 1 1 1 1 1 1 1 1 1 1 1 1 1 1 1 1 1 1 1 1 1 1 1 1 1 1 1 1 1 1 1 1 1 1 1 1 1 1 1 1
staticfield com/sun/xml/bind/v2/runtime/unmarshaller/StructureLoader EMPTY Lcom/sun/xml/bind/v2/util/QNameMap; com/sun/xml/bind/v2/util/QNameMap
staticfield com/sun/xml/bind/v2/runtime/unmarshaller/StructureLoader $assertionsDisabled Z 1
ciInstanceKlass com/sun/xml/bind/v2/runtime/unmarshaller/XmlVisitor$TextPredictor 1 0 13 100 100 1 1 1 1 100 1 1 1 1 1
instanceKlass com/sun/xml/bind/v2/runtime/unmarshaller/UnmarshallingContext
ciInstanceKlass com/sun/xml/bind/v2/runtime/Coordinator 1 1 158 10 7 10 9 10 7 10 10 10 10 10 10 9 10 7 9 10 10 100 10 100 10 10 10 10 10 10 7 10 7 100 100 1 1 1 1 1 1 1 1 1 1 1 1 1 1 1 1 1 1 1 1 1 1 1 1 1 1 1 1 1 1 1 1 1 1 1 1 1 1 1 1 1 1 1 1 1 1 1 100 1 1 1 1 1 1 1 1 1 1 1 1 1 100 1 1 1 12 1 12 12 1 12 12 7 12 7 12 12 12 12 12 1 12 12 12 1 12 1 100 12 12 12 12 12 12 1 1 1 1 1 1 1 1 1 1 1 1 1 1 1 1 1 1 1 1 1 1 1 1 1 1 1 1 1 1 1
staticfield com/sun/xml/bind/v2/runtime/Coordinator activeTable Ljava/lang/ThreadLocal; java/lang/ThreadLocal
ciInstanceKlass com/sun/xml/bind/v2/runtime/unmarshaller/UnmarshallingContext 1 1 834 9 9 9 9 9 10 9 9 9 9 7 10 9 9 9 7 9 7 9 9 10 9 9 7 10 9 9 9 9 9 10 10 9 9 9 10 10 10 10 100 100 10 10 10 10 10 10 10 10 10 10 10 11 100 10 10 10 10 8 10 10 10 100 10 11 9 9 9 10 10 10 10 11 9 10 10 10 9 100 10 10 10 11 10 10 10 10 10 10 11 11 10 10 9 100 10 100 10 11 11 10 10 9 10 100 100 10 8 10 10 10 10 100 100 10 11 100 11 11 10 10 10 100 100 10 11 10 10 10 10 9 100 10 100 10 11 10 10 8 10 100 8 10 11 8 10 10 10 10 11 100 10 100 10 11 8 8 10 11 10 10 10 100 10 10 10 10 10 10 7 10 10 10 100 9 10 9 9 10 10 10 7 10 10 10 10 10 7 10 7 10 7 10 7 100 100 100 100 100 100 1 1 1 1 1 1 1 1 1 1 1 1 1 1 1 1 1 1 1 1 1 1 1 1 1 1 1 1 1 1 1 1 1 1 1 1 1 1 1 1 1 1 1 1 1 1 1 1 1 1 1 1 1 1 1 1 1 1 1 1 1 1 1 1 1 1 1 1 7 100 1 1 1 1 1 1 1 1 1 1 1 1 1 1 1 1 1 1 1 1 1 1 1 7 1 100 1 1 1 1 1 1 1 1 1 1 1 100 100 1 1 1 1 1 1 100 1 1 1 1 1 1 1 1 1 1 1 1 1 100 7 7 1 1 1 1 1 1 1 1 1 1 1 1 1 1 1 1 1 1 1 1 1 1 1 1 1 1 1 1 1 1 1 1 1 1 1 1 1 1 1 1 1 1 1 1 1 1 1 1 1 1 1 1 1 1 1 1 1 1 1 1 1 1 1 1 1 1 1 1 1 1 1 1 1 1 1 1 100 1 1 1 1 1 1 1 1 100 1 1 1 1 1 1 1 100 1 1 1 1 1 1 1 1 1 1 1 1 1 1 1 1 1 100 1 1 1 1 1 1 1 1 1 1 1 1 1 1 1 1 1 1 1 1 1 1 1 12 12 12 12 12 12 12 12 12 12 1 12 12 12 1 12 1 12 12 12 12 12 1 12 12 12 12 12 12 12 7 12 12 12 12 100 12 12 12 7 12 1 1 12 12 12 12 12 12 12 12 12 12 12 7 12 1 12 12 7 12 12 1 12 12 12 1 12 12 12 12 12 7 12 12 12 12 100 12 12 12 12 12 12 1 12 12 7 12 12 12 12 12 12 12 12 12 12 12 12 1 1 12 12 12 12 100 12 12 12 1 1 1 12 12 12 1 1 12 12 1 12 12 12 12 12 1 1 100 12 12 12 12 100 12 1 12 1 7 12 12 12 12 1 12 1 1 12 12 1 12 12 12 100 12 12 1 1 12 1 1 12 12 100 12 12 1 12 12 12 12 12 12 1 12 12 12 1 100 12 7 12 12 12 12 12 12 1 12 12 12 12 1 12 1 12 1 1 1 1 1 1 1 1 1 1 1 1 1 1 1 1 1 1 1 1 1 1 1 1 1 1 1 1 1 1 1 1 1 1 1 1 1 1 1 1 1 1 1 1 1 1 1 1 1 1 1 1 1 1 1 1 1 1 1 1 1 1 1 1 1 1 1 1 1 1 1 1 1 1 1 1 1 1 1 1 1 1 1 1 1 1 1 1 1 1 1 1 1 1 1 1 1 1 1 1 1 1 1 1 1 1 1 1 1 1 1 1 1 1 1 1 1 1 1 1 1 1 1 1 1 1 1 1 1 1 1 1 1 1 1 1 1 1 1 1 1 1 1 1 1 1 1 1 1 1 1 1 1 1 1 1 1 1 1 1 1 1 1 1 1 1 1 1 1 1
staticfield com/sun/xml/bind/v2/runtime/unmarshaller/UnmarshallingContext logger Ljava/util/logging/Logger; java/util/logging/Logger
staticfield com/sun/xml/bind/v2/runtime/unmarshaller/UnmarshallingContext DUMMY_INSTANCE Lcom/sun/xml/bind/v2/runtime/unmarshaller/LocatorEx; com/sun/xml/bind/v2/runtime/unmarshaller/LocatorExWrapper
staticfield com/sun/xml/bind/v2/runtime/unmarshaller/UnmarshallingContext DEFAULT_ROOT_LOADER Lcom/sun/xml/bind/v2/runtime/unmarshaller/Loader; com/sun/xml/bind/v2/runtime/unmarshaller/UnmarshallingContext$DefaultRootLoader
staticfield com/sun/xml/bind/v2/runtime/unmarshaller/UnmarshallingContext EXPECTED_TYPE_ROOT_LOADER Lcom/sun/xml/bind/v2/runtime/unmarshaller/Loader; com/sun/xml/bind/v2/runtime/unmarshaller/UnmarshallingContext$ExpectedTypeRootLoader
staticfield com/sun/xml/bind/v2/runtime/unmarshaller/UnmarshallingContext $assertionsDisabled Z 1
ciInstanceKlass com/sun/xml/bind/v2/runtime/unmarshaller/UnmarshallingContext$DefaultRootLoader 1 1 139 10 10 10 10 10 10 10 10 10 10 100 10 100 10 10 10 10 10 10 10 10 10 10 7 7 100 1 1 1 1 1 1 1 1 1 1 7 1 1 1 1 1 1 1 1 1 1 1 100 1 100 1 1 1 1 1 1 1 1 100 1 1 1 1 1 12 12 7 12 12 12 100 12 12 12 12 1 100 12 1 12 12 12 12 100 12 12 12 12 12 12 1 1 1 1 1 1 1 1 1 1 1 1 1 1 1 1 1 1 1 1 1 1 1 1 1 1 1 1 1 1 1 1 1 1 1 1 1 1 1 1 1 1 1 1 1 1 1
ciInstanceKlass com/sun/xml/bind/v2/runtime/unmarshaller/XmlVisitor 1 0 31 100 100 100 1 1 1 1 1 100 1 1 1 1 1 1 1 1 1 1 1 1 1 1 1 1 1 1 1 1 1
ciInstanceKlass com/sun/xml/bind/v2/runtime/unmarshaller/UnmarshallingContext$State 1 1 207 9 9 10 10 9 9 9 9 9 9 9 9 10 9 10 9 10 9 10 8 10 9 10 100 10 7 10 10 8 7 10 10 7 10 7 1 1 1 1 1 1 1 1 1 1 1 1 1 1 1 1 1 1 1 1 1 1 1 1 1 1 1 1 1 1 1 1 1 1 1 1 1 1 1 1 1 1 1 100 1 1 1 1 1 1 1 1 1 1 1 1 1 1 1 1 1 1 1 100 1 1 1 1 1 1 1 1 1 1 1 1 1 1 1 1 1 1 1 1 1 1 1 1 1 1 1 1 1 1 1 1 1 1 1 1 1 1 1 1 1 1 1 1 1 12 12 12 12 12 12 12 12 12 12 12 12 12 12 12 12 12 7 12 7 12 1 12 12 12 1 1 12 12 1 1 12 7 12 1 7 12 1 1 1 1 1 1 1 1 1 1 1 1 1 1 1 1 1 1 1 1 1 1 1 1 1
staticfield com/sun/xml/bind/v2/runtime/unmarshaller/UnmarshallingContext$State $assertionsDisabled Z 1
ciInstanceKlass com/android/repository/impl/meta/SchemaModuleUtil$NamespaceFallbackFilter 1 1 186 10 7 12 1 1 1 10 7 12 1 1 1 9 7 12 1 1 1 9 12 1 11 7 12 1 1 1 11 7 12 1 1 1 11 12 1 1 7 1 10 12 1 1 11 7 12 1 1 1 9 12 1 1 9 12 1 1 10 7 12 1 1 1 10 12 1 1 10 12 1 10 7 12 1 1 1 11 12 1 1 10 12 1 1 11 12 1 1 10 12 1 10 12 1 9 12 1 18 12 1 11 100 12 1 1 1 7 1 10 12 1 1 7 1 10 12 1 11 12 1 1 10 12 1 1 1 1 1 1 1 1 1 1 1 1 1 1 1 1 1 1 1 1 1 1 1 1 1 1 1 1 1 1 1 1 100 1 1 1 1 1 1 1 1 1 1 1 100 1 1 15 10 100 12 1 1 8 1 1 1 100 1 100 1 1
ciInstanceKlass com/sun/xml/bind/v2/runtime/unmarshaller/SAXConnector 1 1 247 10 7 10 9 7 10 9 9 11 9 11 9 9 10 7 10 9 9 10 8 10 11 8 11 8 7 10 11 8 11 8 10 8 10 10 10 9 9 9 9 11 8 11 9 8 10 11 10 8 10 10 11 10 10 7 100 100 1 1 1 1 1 1 1 1 1 1 1 1 1 7 1 1 1 1 1 1 1 1 1 1 1 1 1 1 1 100 100 1 1 1 1 1 1 1 1 1 100 1 1 1 1 1 1 1 1 1 1 1 1 1 1 7 100 1 1 1 1 1 1 1 1 1 1 1 1 1 1 1 1 1 1 1 1 1 1 1 1 12 1 12 1 12 12 12 7 12 12 12 12 12 7 12 1 12 12 7 12 7 12 1 12 12 1 12 1 1 12 12 1 12 1 12 1 12 7 12 12 12 12 12 12 12 1 12 12 1 12 12 12 1 12 7 12 12 12 7 12 1 1 1 1 1 1 1 1 1 1 1 1 1 1 1 1 1 1 1 1 1 1 1 1 1 1 1 1 1 1 1 1 1 1 1 1 1 1 1 1 1 1 1 1 1 1 1 1
staticfield com/sun/xml/bind/v2/runtime/unmarshaller/SAXConnector logger Ljava/util/logging/Logger; java/util/logging/Logger
instanceKlass com/sun/xml/bind/v2/runtime/unmarshaller/SAXConnector$TagNameImpl
ciInstanceKlass com/sun/xml/bind/v2/runtime/unmarshaller/TagName 1 1 81 10 9 9 9 9 100 10 10 10 10 10 10 8 10 100 10 10 100 7 1 1 1 1 1 1 1 1 1 1 1 1 1 1 1 1 1 1 1 1 1 1 1 1 1 1 100 1 1 1 1 12 12 12 100 12 12 1 12 12 12 12 12 1 12 1 12 12 1 1 1 1 1 1 1 1 1 1 1 1 1
ciInstanceKlass com/sun/xml/bind/v2/runtime/unmarshaller/SAXConnector$TagNameImpl 1 1 32 10 10 9 7 7 1 1 1 1 1 1 1 1 1 1 1 1 1 100 1 1 1 1 1 12 12 100 1 1 1 1
ciInstanceKlass org/xml/sax/AttributeList 1 0 19 100 1 100 1 1 1 1 1 1 1 1 1 1 1 1 1 1 1
ciInstanceKlass com/sun/org/apache/xerces/internal/parsers/AbstractSAXParser$AttributesProxy 1 1 130 10 7 12 1 1 1 9 7 12 1 1 1 11 7 12 1 1 1 11 12 1 1 11 12 1 8 1 11 12 1 11 12 1 11 12 1 10 100 12 1 1 1 11 12 1 11 12 1 11 12 11 12 11 12 1 1 11 12 1 100 1 10 12 1 9 100 12 1 1 1 11 12 1 1 100 1 8 1 11 100 12 1 1 1 10 10 100 1 10 12 1 10 11 12 1 1 100 1 100 1 1 1 1 1 1 1 1 1 1 1 1 1 1 1 1 1 1 1 1 1 1 1 1 1 1 100 1 1 1
ciInstanceKlass com/sun/org/apache/xerces/internal/utils/XMLLimitAnalyzer 1 1 199 10 7 12 1 1 1 10 7 12 1 1 1 9 7 12 1 1 9 12 1 7 1 9 12 1 1 7 1 9 12 1 1 10 12 1 1 10 12 1 1 9 12 1 1 9 12 1 9 12 1 9 12 1 9 12 1 9 12 1 9 12 1 100 1 10 12 1 11 12 1 1 11 12 1 1 100 1 10 12 1 10 12 1 1 11 12 1 1 9 12 1 9 12 1 10 12 1 1 9 12 1 1 10 12 1 8 1 11 12 1 100 1 10 9 100 12 1 1 1 8 1 8 1 8 1 8 1 8 1 8 1 10 12 1 1 10 100 12 1 1 1 8 1 10 12 1 1 10 100 12 1 1 1 1 1 1 1 1 1 1 1 1 1 1 1 1 1 1 1 1 1 1 1 1 1 1 1 1 1 1 1 1 1 1 1 1 1 1 1 100 1 1 1 1 100 1 1 1
ciInstanceKlass com/sun/org/apache/xerces/internal/impl/io/UTF8Reader 1 1 192 7 1 100 1 10 12 1 1 10 100 12 1 1 1 10 12 1 10 7 1 9 12 1 1 9 12 1 1 9 12 1 1 9 12 1 1 10 7 12 1 1 1 10 7 12 1 1 1 9 12 1 1 9 12 1 10 7 12 1 1 1 10 12 1 1 10 12 1 1 3 10 12 1 1 3 3 10 12 1 10 12 1 100 1 8 1 100 1 8 1 8 1 11 100 12 1 1 1 10 12 1 10 12 1 1 10 12 1 100 1 8 1 8 1 10 100 12 1 1 1 10 12 1 8 1 8 1 10 12 1 1 1 3 1 1 3 1 1 1 1 1 1 1 1 1 1 1 1 1 1 1 1 1 1 1 1 1 1 1 1 1 1 1 1 1 1 1 1 1 1 1 1 1 1 1 100 1 1 1 1 1 1 1 1 1 1 1 1 1 1 1
instanceKlass com/sun/xml/internal/stream/Entity$ScannedEntity
ciInstanceKlass com/sun/xml/internal/stream/Entity 1 1 46 10 7 12 1 1 1 10 7 12 1 1 9 12 1 1 9 12 1 1 1 1 1 1 1 1 1 1 1 1 1 1 1 1 1 1 100 1 100 1 100 1 1 1 1 1
ciInstanceKlass com/sun/xml/internal/stream/Entity$ScannedEntity 1 1 194 9 7 12 1 1 1 9 12 1 9 12 1 1 9 12 1 1 10 7 12 1 1 1 9 12 1 1 9 12 1 1 9 12 1 9 12 1 9 12 1 1 9 12 1 8 1 9 12 1 9 12 1 9 12 1 9 12 1 9 12 1 1 9 12 1 9 12 1 9 12 1 10 7 12 1 1 1 10 7 12 1 1 1 10 12 1 1 10 7 12 1 1 100 1 10 18 12 1 1 10 12 1 1 100 1 10 12 18 9 12 1 18 12 1 9 12 1 18 10 12 1 1 1 1 3 1 3 1 3 1 1 1 1 1 1 1 1 1 1 1 1 1 1 1 1 1 1 1 1 1 1 100 1 100 1 1 100 1 1 1 1 1 1 1 1 1 1 1 1 1 1 1 15 10 100 12 1 1 8 1 8 1 8 1 8 1 1 1 100 1 100 1 1
ciInstanceKlass com/sun/org/apache/xerces/internal/util/XMLChar 1 1 127 10 100 12 1 1 1 3 3 3 3 3 3 9 7 12 1 1 1 10 12 1 1 10 100 12 1 1 1 10 12 1 1 10 12 1 10 12 1 10 12 1 10 12 1 10 12 1 8 1 10 12 1 1 10 7 12 1 1 1 3 3 3 3 3 1 1 1 3 1 3 1 3 1 3 1 3 1 3 1 3 1 3 1 1 1 1 1 1 1 1 1 1 1 1 1 1 1 1 1 1 1 1 1 1 1 1 1 1 1 1 1 1 1 1 1 1 1 1 1 1 1 1 1 1 1 1
staticfield com/sun/org/apache/xerces/internal/util/XMLChar CHARS [B 65536
ciInstanceKlass com/sun/org/apache/xerces/internal/util/XMLSymbols 1 1 109 10 100 12 1 1 1 8 1 10 7 12 1 1 1 9 7 12 1 1 1 8 1 9 12 1 8 1 9 12 1 8 1 9 12 1 8 1 9 12 1 8 1 9 12 1 8 1 9 12 1 8 1 9 12 1 8 1 9 12 1 8 1 9 12 1 8 1 9 12 1 8 1 9 12 1 8 1 9 12 1 8 1 9 12 1 8 1 9 12 1 8 1 9 12 1 8 1 9 12 1 1 1 1 1 1 1 1 1
staticfield com/sun/org/apache/xerces/internal/util/XMLSymbols EMPTY_STRING Ljava/lang/String; ""staticfield com/sun/org/apache/xerces/internal/util/XMLSymbols PREFIX_XML Ljava/lang/String; "xml"staticfield com/sun/org/apache/xerces/internal/util/XMLSymbols PREFIX_XMLNS Ljava/lang/String; "xmlns"staticfield com/sun/org/apache/xerces/internal/util/XMLSymbols fANYSymbol Ljava/lang/String; "ANY"staticfield com/sun/org/apache/xerces/internal/util/XMLSymbols fCDATASymbol Ljava/lang/String; "CDATA"staticfield com/sun/org/apache/xerces/internal/util/XMLSymbols fIDSymbol Ljava/lang/String; "ID"staticfield com/sun/org/apache/xerces/internal/util/XMLSymbols fIDREFSymbol Ljava/lang/String; "IDREF"staticfield com/sun/org/apache/xerces/internal/util/XMLSymbols fIDREFSSymbol Ljava/lang/String; "IDREFS"staticfield com/sun/org/apache/xerces/internal/util/XMLSymbols fENTITYSymbol Ljava/lang/String; "ENTITY"staticfield com/sun/org/apache/xerces/internal/util/XMLSymbols fENTITIESSymbol Ljava/lang/String; "ENTITIES"staticfield com/sun/org/apache/xerces/internal/util/XMLSymbols fNMTOKENSymbol Ljava/lang/String; "NMTOKEN"staticfield com/sun/org/apache/xerces/internal/util/XMLSymbols fNMTOKENSSymbol Ljava/lang/String; "NMTOKENS"staticfield com/sun/org/apache/xerces/internal/util/XMLSymbols fNOTATIONSymbol Ljava/lang/String; "NOTATION"staticfield com/sun/org/apache/xerces/internal/util/XMLSymbols fENUMERATIONSymbol Ljava/lang/String; "ENUMERATION"staticfield com/sun/org/apache/xerces/internal/util/XMLSymbols fIMPLIEDSymbol Ljava/lang/String; "#IMPLIED"staticfield com/sun/org/apache/xerces/internal/util/XMLSymbols fREQUIREDSymbol Ljava/lang/String; "#REQUIRED"staticfield com/sun/org/apache/xerces/internal/util/XMLSymbols fFIXEDSymbol Ljava/lang/String; "#FIXED"ciInstanceKlass com/sun/org/apache/xerces/internal/impl/XMLScanner$NameType 1 1 114 7 1 9 12 1 1 9 12 1 9 12 1 9 12 1 9 12 1 9 12 1 9 12 1 9 12 1 9 12 1 9 12 1 9 12 1 1 10 100 12 1 1 10 7 12 1 1 1 10 12 1 1 9 12 1 1 8 8 1 10 12 1 8 8 1 8 8 1 8 8 1 8 8 1 8 8 1 8 8 1 8 8 1 8 8 1 8 8 1 10 12 1 1 1 1 1 1 1 1 1 1 1 1 1 1 1 1 1 1 100 1 1 1
staticfield com/sun/org/apache/xerces/internal/impl/XMLScanner$NameType ATTRIBUTE Lcom/sun/org/apache/xerces/internal/impl/XMLScanner$NameType; com/sun/org/apache/xerces/internal/impl/XMLScanner$NameType
staticfield com/sun/org/apache/xerces/internal/impl/XMLScanner$NameType ATTRIBUTENAME Lcom/sun/org/apache/xerces/internal/impl/XMLScanner$NameType; com/sun/org/apache/xerces/internal/impl/XMLScanner$NameType
staticfield com/sun/org/apache/xerces/internal/impl/XMLScanner$NameType COMMENT Lcom/sun/org/apache/xerces/internal/impl/XMLScanner$NameType; com/sun/org/apache/xerces/internal/impl/XMLScanner$NameType
staticfield com/sun/org/apache/xerces/internal/impl/XMLScanner$NameType DOCTYPE Lcom/sun/org/apache/xerces/internal/impl/XMLScanner$NameType; com/sun/org/apache/xerces/internal/impl/XMLScanner$NameType
staticfield com/sun/org/apache/xerces/internal/impl/XMLScanner$NameType ELEMENTSTART Lcom/sun/org/apache/xerces/internal/impl/XMLScanner$NameType; com/sun/org/apache/xerces/internal/impl/XMLScanner$NameType
staticfield com/sun/org/apache/xerces/internal/impl/XMLScanner$NameType ELEMENTEND Lcom/sun/org/apache/xerces/internal/impl/XMLScanner$NameType; com/sun/org/apache/xerces/internal/impl/XMLScanner$NameType
staticfield com/sun/org/apache/xerces/internal/impl/XMLScanner$NameType ENTITY Lcom/sun/org/apache/xerces/internal/impl/XMLScanner$NameType; com/sun/org/apache/xerces/internal/impl/XMLScanner$NameType
staticfield com/sun/org/apache/xerces/internal/impl/XMLScanner$NameType NOTATION Lcom/sun/org/apache/xerces/internal/impl/XMLScanner$NameType; com/sun/org/apache/xerces/internal/impl/XMLScanner$NameType
staticfield com/sun/org/apache/xerces/internal/impl/XMLScanner$NameType PI Lcom/sun/org/apache/xerces/internal/impl/XMLScanner$NameType; com/sun/org/apache/xerces/internal/impl/XMLScanner$NameType
staticfield com/sun/org/apache/xerces/internal/impl/XMLScanner$NameType REFERENCE Lcom/sun/org/apache/xerces/internal/impl/XMLScanner$NameType; com/sun/org/apache/xerces/internal/impl/XMLScanner$NameType
staticfield com/sun/org/apache/xerces/internal/impl/XMLScanner$NameType $VALUES [Lcom/sun/org/apache/xerces/internal/impl/XMLScanner$NameType; 10 [Lcom/sun/org/apache/xerces/internal/impl/XMLScanner$NameType;
ciInstanceKlass org/xml/sax/helpers/AttributesImpl 1 1 128 10 7 12 1 1 1 9 7 12 1 1 1 9 12 1 1 10 12 1 1 10 7 12 1 1 1 10 12 1 11 7 12 1 1 1 11 12 1 1 11 12 1 11 12 1 11 12 1 11 12 1 10 12 1 1 10 12 1 10 100 12 1 1 1 18 12 1 100 1 10 12 1 1 1 1 1 1 1 1 1 1 1 1 1 1 1 1 1 1 1 1 1 1 1 1 1 1 1 1 1 1 1 1 1 1 1 1 100 1 1 1 1 1 15 10 100 12 1 1 8 1 1 100 1 100 1 1
ciMethodData java/lang/Object <init> ()V 2 423296 orig 80 1 0 0 0 0 0 0 0 0 0 0 0 106 0 0 0 0 0 0 0 0 0 0 0 0 0 0 0 0 0 0 0 0 0 0 0 0 0 0 0 0 0 0 0 0 0 0 0 0 0 0 0 0 0 0 0 0 0 0 0 0 0 0 0 0 0 0 0 0 0 0 0 0 0 0 0 0 0 0 0 data 4 0x0 0x9 0x1 0x0 oops 0 methods 0
ciMethodData java/lang/String hashCode ()I 2 10701 orig 80 1 0 0 0 0 0 0 0 0 0 0 0 0 0 0 0 0 0 0 0 0 0 0 0 0 0 0 0 0 0 0 0 0 0 0 0 0 0 0 1 0 0 0 0 0 0 0 0 0 0 0 0 0 0 0 0 0 0 0 0 0 0 0 0 0 0 0 0 0 0 0 0 0 0 0 0 0 0 0 0 data 42 0x60007 0x20f8 0x108 0x7cc 0xd0007 0x3c 0xe8 0x790 0x110005 0x790 0x0 0x0 0x0 0x0 0x0 0x8000000600140007 0x1 0x48 0x790 0x1b0002 0x790 0x1e0003 0x790 0x28 0x250002 0x1 0x2a0007 0x790 0x38 0x1 0x320003 0x1 0x18 0x0 0x0 0x0 0x0 0x0 0x0 0x9 0x1 0xe oops 0 methods 0
ciMethodData java/lang/String isLatin1 ()Z 2 561394 orig 80 0 0 0 0 0 0 0 0 0 0 0 0 8 0 0 0 0 0 0 0 0 0 0 0 0 0 0 0 0 0 0 0 0 0 0 0 0 0 0 0 0 0 0 0 0 0 0 0 0 0 0 0 0 0 0 0 0 0 0 0 0 0 0 0 0 0 0 0 0 0 0 0 0 0 0 0 0 0 0 0 data 18 0x30007 0x0 0x58 0x88f7e 0xa0007 0x1684 0x38 0x878fc 0xe0003 0x878fc 0x18 0x0 0x0 0x0 0x0 0x9 0x1 0x0 oops 0 methods 0
ciMethodData java/lang/StringLatin1 hashCode ([B)I 2 26377 orig 80 0 0 0 0 0 0 0 0 0 0 0 0 172 1 0 0 0 0 0 0 0 0 0 0 0 0 0 0 0 0 0 0 0 0 0 0 0 0 0 0 0 0 0 0 0 0 0 0 0 0 0 0 0 0 0 0 0 0 0 0 0 0 0 0 0 0 0 0 0 0 0 0 0 0 0 0 0 0 0 0 data 14 0xd0007 0x3a4 0x38 0x5d1e 0x250003 0x5d1e 0xffffffffffffffe0 0x0 0x0 0x0 0x0 0x9 0x1 0x0 oops 0 methods 0
ciMethodData java/lang/StringUTF16 hashCode ([B)I 2 43008 orig 80 0 0 0 0 0 0 0 0 0 0 0 0 172 1 0 0 0 0 0 0 0 0 0 0 0 0 0 0 0 0 0 0 0 0 0 0 0 0 0 0 0 0 0 0 0 0 0 0 0 0 0 0 0 0 0 0 0 0 0 0 0 0 0 0 0 0 0 0 0 0 0 0 0 0 0 0 0 0 0 0 data 18 0xb0007 0x2 0x48 0xa800 0x140002 0xa800 0x1c0003 0xa800 0xffffffffffffffd0 0x0 0x0 0x0 0x0 0x0 0x0 0x9 0x1 0x0 oops 0 methods 0
ciMethodData java/lang/String equals (Ljava/lang/Object;)Z 2 5445 orig 80 0 0 0 0 0 0 0 0 0 0 0 0 248 127 0 0 0 0 0 0 0 0 0 0 0 0 0 0 0 0 0 0 0 0 0 0 0 0 0 0 0 0 0 0 0 0 0 0 0 0 0 0 0 0 0 0 0 0 0 0 0 0 0 0 0 0 0 0 0 0 0 0 0 0 0 0 0 0 0 0 data 49 0x20007 0xe88 0x20 0x5a2 0x80104 0x0 0x0 0x1ace05d77f0 0xe83 0x0 0x0 0xb0007 0x5 0xe0 0xe83 0xf0004 0x0 0x0 0x1ace05d77f0 0xe83 0x0 0x0 0x160007 0x0 0x40 0xe83 0x210007 0x0 0x68 0xe83 0x2c0002 0xe83 0x2f0007 0x685 0x38 0x7fe 0x330003 0x7fe 0x18 0x0 0x0 0x0 0x0 0x0 0x0 0x9 0x2 0x0 0x0 oops 2 7 java/lang/String 18 java/lang/String methods 0
ciMethodData java/lang/String coder ()B 2 332984 orig 80 0 0 0 0 0 0 0 0 0 0 0 0 248 127 0 0 0 0 0 0 0 0 0 0 0 0 0 0 0 0 0 0 0 0 0 0 0 0 0 0 0 0 0 0 0 0 0 0 0 0 0 0 0 0 0 0 0 0 0 0 0 0 0 0 0 0 0 0 0 0 0 0 0 0 0 0 0 0 0 0 data 14 0x30007 0x0 0x38 0x51391 0xa0003 0x51399 0x18 0x0 0x0 0x0 0x0 0x9 0x1 0x0 oops 0 methods 0
ciMethodData java/lang/String length ()I 2 262921 orig 80 0 0 0 0 0 0 0 0 0 0 0 0 248 127 0 0 0 0 0 0 0 0 0 0 0 0 0 0 0 0 0 0 0 0 0 0 0 0 0 0 0 0 0 0 0 0 0 0 0 0 0 0 0 0 0 0 0 0 0 0 0 0 0 0 0 0 0 0 0 0 0 0 0 0 0 0 0 0 0 0 data 16 0x60005 0x401f2 0x0 0x0 0x0 0x0 0x0 0x0 0x0 0x0 0x0 0x0 0x0 0x9 0x1 0x0 oops 0 methods 0
ciMethodData java/lang/StringLatin1 charAt ([BI)C 2 445013 orig 80 0 0 0 0 0 0 0 0 0 0 0 0 248 127 0 0 0 0 0 0 0 0 0 0 0 0 0 0 0 0 0 0 0 0 0 0 0 0 0 0 0 0 0 0 0 0 0 0 0 0 0 0 0 0 0 0 0 0 0 0 0 0 0 0 0 0 0 0 0 0 0 0 0 0 0 0 0 0 0 0 data 18 0x10007 0x0 0x40 0x6c8a2 0x70007 0x6c8a2 0x30 0x0 0xf0002 0x0 0x0 0x0 0x0 0x0 0x9 0x2 0x0 0x0 oops 0 methods 0
ciMethodData java/lang/String charAt (I)C 2 451007 orig 80 0 0 0 0 0 0 0 0 0 0 0 0 248 127 0 0 0 0 0 0 0 0 0 0 0 0 0 0 0 0 0 0 0 0 0 0 0 0 0 0 0 0 0 0 0 0 0 0 0 0 0 0 0 0 0 0 0 0 0 0 0 0 0 0 0 0 0 0 0 0 0 0 0 0 0 0 0 0 0 0 data 25 0x10005 0x6e00b 0x0 0x0 0x0 0x0 0x0 0x40007 0x1d8 0x30 0x6de33 0xc0002 0x6de33 0x150002 0x1d8 0x0 0x0 0x0 0x0 0x0 0x0 0x9 0x2 0x0 0x0 oops 0 methods 0
ciMethodData java/lang/StringUTF16 charAt ([BI)C 2 94342 orig 80 0 0 0 0 0 0 0 0 0 0 0 0 172 1 0 0 0 0 0 0 0 0 0 0 0 0 0 0 0 0 0 0 0 0 0 0 0 0 0 0 0 0 0 0 0 0 0 0 0 0 0 0 0 0 0 0 0 0 0 0 0 0 0 0 0 0 0 0 0 0 0 0 0 0 0 0 0 0 0 0 data 14 0x20002 0x17086 0x70002 0x13b9 0x0 0x0 0x0 0x0 0x0 0x0 0x9 0x2 0x0 0x0 oops 0 methods 0
ciMethodData java/lang/StringUTF16 checkIndex (I[B)V 2 94342 orig 80 0 0 0 0 0 0 0 0 0 0 0 0 172 1 0 0 0 0 0 0 0 0 0 0 0 0 0 0 0 0 0 0 0 0 0 0 0 0 0 0 0 0 0 0 0 0 0 0 0 0 0 0 0 0 0 0 0 0 0 0 0 0 0 0 0 0 0 0 0 0 0 0 0 0 0 0 0 0 0 0 data 14 0x20002 0x17085 0x50002 0x17085 0x0 0x0 0x0 0x0 0x0 0x0 0x9 0x2 0x0 0x0 oops 0 methods 0
ciMethodData java/lang/StringUTF16 length ([B)I 2 113528 orig 80 0 0 0 0 0 0 0 0 0 0 0 0 172 1 0 0 0 0 0 0 0 0 0 0 0 0 0 0 0 0 0 0 0 0 0 0 0 0 0 0 0 0 0 0 0 0 0 0 0 0 0 0 0 0 0 0 0 0 0 0 0 0 0 0 0 0 0 0 0 0 0 0 0 0 0 0 0 0 0 0 data 6 0x0 0x0 0x0 0x9 0x1 0x0 oops 0 methods 0
ciMethodData java/lang/String checkIndex (II)V 2 77288 orig 80 0 0 0 0 0 0 0 0 0 0 0 0 172 1 0 0 0 0 0 0 0 0 0 0 0 0 0 0 0 0 0 0 0 0 0 0 0 0 0 0 0 0 0 0 0 0 0 0 0 0 0 0 0 0 0 0 0 0 0 0 0 0 0 0 0 0 0 0 0 0 0 0 0 0 0 0 0 0 0 0 data 57 0x10007 0x0 0x40 0x12de8 0x60007 0x12de8 0x158 0x0 0x110002 0x0 0x170005 0x0 0x0 0x0 0x0 0x0 0x0 0x1b0005 0x0 0x0 0x0 0x0 0x0 0x0 0x210005 0x0 0x0 0x0 0x0 0x0 0x0 0x250005 0x0 0x0 0x0 0x0 0x0 0x0 0x280005 0x0 0x0 0x0 0x0 0x0 0x0 0x2b0002 0x0 0x0 0x0 0x0 0x0 0x0 0x0 0x9 0x2 0x0 0x0 oops 0 methods 0
ciMethodData java/util/HashMap hash (Ljava/lang/Object;)I 2 14943 orig 80 0 0 0 0 0 0 0 0 0 0 0 0 0 0 0 0 0 0 0 0 0 0 0 0 0 0 0 0 0 0 0 0 0 0 0 0 0 0 0 0 0 0 0 0 0 0 0 0 0 0 0 0 0 0 0 0 0 0 0 0 0 0 0 0 0 0 0 0 0 0 0 0 0 0 0 0 0 0 0 0 data 23 0x10007 0x385e 0x38 0x2 0x50003 0x2 0x50 0x90005 0x1442 0x0 0x1ace05d77f0 0x228d 0x1ace05d8e20 0x190 0x0 0x0 0x0 0x0 0x0 0x0 0x9 0x1 0xffffffffffffffff oops 2 10 java/lang/String 12 java/lang/Module methods 0
ciMethodData java/util/HashMap getNode (Ljava/lang/Object;)Ljava/util/HashMap$Node; 2 6036 orig 80 1 0 0 0 0 0 0 0 0 0 0 0 172 1 0 0 0 0 0 0 5 0 0 0 0 0 0 0 0 0 0 0 0 0 0 0 0 0 0 0 0 0 0 0 0 0 0 0 0 0 0 0 0 0 0 0 0 0 0 0 0 0 0 0 0 0 0 0 0 0 0 0 0 0 0 0 0 0 0 0 data 103 0x60007 0x383 0x2e8 0x1215 0xe0007 0x0 0x2c8 0x1215 0x170002 0x1215 0x210007 0x47f 0x298 0xd96 0x2a0007 0x563 0xb8 0x833 0x350007 0x6e1 0x98 0x152 0x390007 0x0 0x78 0x152 0x3f0005 0x2f 0x0 0x1ace05d77f0 0x122 0x1ace3323280 0x1 0x420007 0x0 0x20 0x152 0x4e0007 0x3ab 0x1c0 0x1b8 0x520004 0xfffffffffffffe48 0x0 0x1ace1295810 0x8 0x1ace3323330 0x17 0x550007 0x1b8 0x90 0x0 0x590004 0x0 0x0 0x0 0x0 0x0 0x0 0x5f0005 0x0 0x0 0x0 0x0 0x0 0x0 0x6a0007 0xbf 0xb8 0x165 0x760007 0x10d 0x98 0x58 0x7a0007 0x0 0x78 0x58 0x8000000400800005 0x18 0x0 0x1ace05d77f0 0x41 0x1ace33233e0 0x4 0x830007 0x0 0x20 0x5d 0x910007 0x6c 0xffffffffffffff48 0x53 0x0 0x0 0x0 0x0 0x0 0x0 0x9 0x2 0x0 0xffffffffffffffff oops 6 29 java/lang/String 31 java/util/zip/ZipFile$Source$Key 44 java/util/HashMap$Node 46 java/util/LinkedHashMap$Entry 81 java/lang/String 83 javax/xml/namespace/QName methods 0
ciMethodData java/lang/StringLatin1 canEncode (I)Z 2 155606 orig 80 1 0 0 0 0 0 0 0 0 0 0 0 248 127 0 0 0 0 0 0 0 0 0 0 0 0 0 0 0 0 0 0 0 0 0 0 0 0 0 2 0 0 0 0 0 0 0 0 0 0 0 0 0 0 0 0 0 0 0 0 0 0 0 0 0 0 0 0 0 0 0 0 0 0 0 0 0 0 0 0 data 11 0x8000000600040007 0x3 0x38 0x2571d 0x80003 0x2571d 0x18 0x0 0x9 0x1 0x0 oops 0 methods 0
ciMethodData java/lang/StringBuilder append (Ljava/lang/String;)Ljava/lang/StringBuilder; 2 19164 orig 80 0 0 0 0 0 0 0 0 0 0 0 0 248 127 0 0 0 0 0 0 0 0 0 0 0 0 0 0 0 0 0 0 0 0 0 0 0 0 0 0 0 0 0 0 0 0 0 0 0 0 0 0 0 0 0 0 0 0 0 0 0 0 0 0 0 0 0 0 0 0 0 0 0 0 0 0 0 0 0 0 data 9 0x20002 0x49d9 0x0 0x0 0x0 0x9 0x2 0xe 0x0 oops 0 methods 0
ciMethodData java/lang/StringLatin1 lastIndexOf ([BII)I 2 30180 orig 80 0 0 0 0 0 0 0 0 0 0 0 0 248 127 0 0 0 0 0 0 0 0 0 0 0 0 0 0 0 0 0 0 0 0 0 0 0 0 0 0 0 0 0 0 0 0 0 0 0 0 0 0 0 0 0 0 0 0 0 0 0 0 0 0 0 0 0 0 0 0 0 0 0 0 0 0 0 0 0 0 data 30 0x10002 0x28b 0x40007 0x28b 0x20 0x0 0xe0002 0x28b 0x130007 0x5b 0x58 0x63ff 0x1b0007 0x61cf 0x20 0x230 0x230003 0x61cf 0xffffffffffffffc0 0x0 0x0 0x0 0x0 0x0 0x0 0x9 0x3 0x0 0x0 0x0 oops 0 methods 0
ciMethodData java/lang/String substring (II)Ljava/lang/String; 2 5459 orig 80 0 0 0 0 0 0 0 0 0 0 0 0 248 127 0 0 0 0 0 0 0 0 0 0 0 0 0 0 0 0 0 0 0 0 0 0 0 0 0 0 0 0 0 0 0 0 0 0 0 0 0 0 0 0 0 0 0 0 0 0 0 0 0 0 0 0 0 0 0 0 0 0 0 0 0 0 0 0 0 0 data 46 0x10005 0x1453 0x0 0x0 0x0 0x0 0x0 0x80002 0x1453 0xc0007 0x3cc 0x40 0x1087 0x110007 0xde4 0x20 0x2a3 0x1c0005 0x11b0 0x0 0x0 0x0 0x0 0x0 0x1f0007 0x0 0x48 0x11b0 0x290002 0x11b0 0x2c0003 0x11b0 0x28 0x360002 0x0 0x0 0x0 0x0 0x0 0x0 0x0 0x9 0x3 0x0 0x0 0x0 oops 0 methods 0
ciMethod java/lang/NumberFormatException <init> (Ljava/lang/String;)V 20 0 79 0 -1
ciMethod java/lang/NumberFormatException forInputString (Ljava/lang/String;I)Ljava/lang/NumberFormatException; 54 0 79 0 0
ciMethod java/io/Reader read ([CII)I 0 0 1 0 -1
ciMethodData java/lang/CharacterData of (I)Ljava/lang/CharacterData; 2 26117 orig 80 1 0 0 0 0 0 0 0 0 0 0 0 248 127 0 0 0 0 0 0 0 0 0 0 0 0 0 0 0 0 0 0 0 0 0 0 0 0 0 1 0 0 0 0 0 0 0 0 0 0 0 0 0 0 0 0 0 0 0 0 0 0 0 0 0 0 0 0 0 0 0 0 0 0 0 0 0 0 0 0 data 67 0x8000000600040007 0x1 0x20 0x6505 0xf0008 0x24 0x0 0x1c0 0x1 0x130 0x0 0x148 0x0 0x160 0x0 0x178 0x0 0x1c0 0x0 0x1c0 0x0 0x1c0 0x0 0x1c0 0x0 0x1c0 0x0 0x1c0 0x0 0x1c0 0x0 0x1c0 0x0 0x1c0 0x0 0x1c0 0x0 0x190 0x0 0x1a8 0x0 0x1a8 0x630003 0x1 0x90 0x690003 0x0 0x78 0x6f0003 0x0 0x60 0x750003 0x0 0x48 0x7b0003 0x0 0x30 0x810003 0x0 0x18 0x0 0x0 0x0 0x0 0x9 0x1 0x0 oops 0 methods 0
ciMethodData java/lang/String lastIndexOf (II)I 2 25544 orig 80 0 0 0 0 0 0 0 0 0 0 0 0 248 127 0 0 0 0 0 0 0 0 0 0 0 0 0 0 0 0 0 0 0 0 0 0 0 0 0 0 0 0 0 0 0 0 0 0 0 0 0 0 0 0 0 0 0 0 0 0 0 0 0 0 0 0 0 0 0 0 0 0 0 0 0 0 0 0 0 0 data 29 0x10005 0x62c8 0x0 0x0 0x0 0x0 0x0 0x40007 0x0 0x48 0x62c8 0xd0002 0x62c8 0x100003 0x62c8 0x28 0x190002 0x0 0x0 0x0 0x0 0x0 0x0 0x0 0x9 0x3 0x0 0x0 0x0 oops 0 methods 0
ciMethodData java/lang/String lastIndexOf (I)I 2 11117 orig 80 0 0 0 0 0 0 0 0 0 0 0 0 248 127 0 0 0 0 0 0 0 0 0 0 0 0 0 0 0 0 0 0 0 0 0 0 0 0 0 0 0 0 0 0 0 0 0 0 0 0 0 0 0 0 0 0 0 0 0 0 0 0 0 0 0 0 0 0 0 0 0 0 0 0 0 0 0 0 0 0 data 24 0x30005 0x2a6d 0x0 0x0 0x0 0x0 0x0 0x80005 0x2a6d 0x0 0x0 0x0 0x0 0x0 0x0 0x0 0x0 0x0 0x0 0x0 0x9 0x2 0x0 0x0 oops 0 methods 0
ciMethod java/lang/AssertionError <init> ()V 0 0 1 0 -1
ciMethodData java/lang/String checkBoundsOffCount (III)V 2 7428 orig 80 0 0 0 0 0 0 0 0 0 0 0 0 248 127 0 0 0 0 0 0 0 0 0 0 0 0 0 0 0 0 0 0 0 0 0 0 0 0 0 0 0 0 0 0 0 0 0 0 0 0 0 0 0 0 0 0 0 0 0 0 0 0 0 0 0 0 0 0 0 0 0 0 0 0 0 0 0 0 0 0 data 76 0x10007 0x0 0x60 0x1c04 0x50007 0x0 0x40 0x1c04 0xc0007 0x1c04 0x1c8 0x0 0x170002 0x0 0x1d0005 0x0 0x0 0x0 0x0 0x0 0x0 0x210005 0x0 0x0 0x0 0x0 0x0 0x0 0x270005 0x0 0x0 0x0 0x0 0x0 0x0 0x2b0005 0x0 0x0 0x0 0x0 0x0 0x0 0x310005 0x0 0x0 0x0 0x0 0x0 0x0 0x350005 0x0 0x0 0x0 0x0 0x0 0x0 0x380005 0x0 0x0 0x0 0x0 0x0 0x0 0x3b0002 0x0 0x0 0x0 0x0 0x0 0x0 0x0 0x9 0x3 0x0 0x0 0x0 oops 0 methods 0
ciMethodData java/lang/StringUTF16 compress ([CII)[B 2 6485 orig 80 1 0 0 0 0 0 0 0 0 0 0 0 172 1 0 0 0 0 0 0 0 0 0 0 0 0 0 0 0 0 0 0 0 0 0 0 0 0 0 1 0 0 0 0 0 0 0 0 0 0 0 0 0 0 0 0 0 0 0 0 0 0 0 0 0 0 0 0 0 0 0 0 0 0 0 0 0 0 0 0 data 17 0x90002 0x1948 0x80000006000d0007 0x1 0x20 0x1948 0x0 0x0 0x0 0x0 0x0 0x0 0x9 0x3 0x0 0x0 0x0 oops 0 methods 0
ciMethodData java/lang/String substring (I)Ljava/lang/String; 2 17648 orig 80 0 0 0 0 0 0 0 0 0 0 0 0 172 1 0 0 0 0 0 0 0 0 0 0 0 0 0 0 0 0 0 0 0 0 0 0 0 0 0 0 0 0 0 0 0 0 0 0 0 0 0 0 0 0 0 0 0 0 0 0 0 0 0 0 0 0 0 0 0 0 0 0 0 0 0 0 0 0 0 0 data 24 0x30005 0x44d9 0x0 0x0 0x0 0x0 0x0 0x60005 0x44da 0x0 0x0 0x0 0x0 0x0 0x0 0x0 0x0 0x0 0x0 0x0 0x9 0x2 0x0 0x0 oops 0 methods 0
ciMethodData java/lang/String <init> ([CII)V 2 6084 orig 80 0 0 0 0 0 0 0 0 0 0 0 0 0 0 0 0 0 0 0 0 0 0 0 0 0 0 0 0 0 0 0 0 0 0 0 0 0 0 0 0 0 0 0 0 0 0 0 0 0 0 0 0 0 0 0 0 0 0 0 0 0 0 0 0 0 0 0 0 0 0 0 0 0 0 0 0 0 0 0 0 data 16 0x70002 0x1740 0xa0002 0x1740 0x0 0x0 0x0 0x0 0x0 0x0 0x9 0x4 0x0 0x0 0x0 0x0 oops 0 methods 0
ciMethodData java/util/HashMap containsKey (Ljava/lang/Object;)Z 2 8207 orig 80 0 0 0 0 0 0 0 0 0 0 0 0 248 127 0 0 0 0 0 0 0 0 0 0 0 0 0 0 0 0 0 0 0 0 0 0 0 0 0 0 0 0 0 0 0 0 0 0 0 0 0 0 0 0 0 0 0 0 0 0 0 0 0 0 0 0 0 0 0 0 0 0 0 0 0 0 0 0 0 0 data 24 0x20005 0x1f0e 0x0 0x0 0x0 0x0 0x0 0x50007 0x12ba 0x38 0xc54 0x90003 0xc54 0x18 0x0 0x0 0x0 0x0 0x0 0x0 0x9 0x2 0x0 0x0 oops 0 methods 0
ciMethod org/xml/sax/ContentHandler startPrefixMapping (Ljava/lang/String;Ljava/lang/String;)V 0 0 1 0 -1
ciMethod org/xml/sax/ContentHandler endPrefixMapping (Ljava/lang/String;)V 0 0 1 0 -1
ciMethod org/xml/sax/ContentHandler startElement (Ljava/lang/String;Ljava/lang/String;Ljava/lang/String;Lorg/xml/sax/Attributes;)V 0 0 1 0 -1
ciMethod org/xml/sax/ContentHandler endElement (Ljava/lang/String;Ljava/lang/String;Ljava/lang/String;)V 0 0 1 0 -1
ciMethod org/xml/sax/helpers/XMLFilterImpl startPrefixMapping (Ljava/lang/String;Ljava/lang/String;)V 772 0 1092 0 0
ciMethod org/xml/sax/helpers/XMLFilterImpl startElement (Ljava/lang/String;Ljava/lang/String;Ljava/lang/String;Lorg/xml/sax/Attributes;)V 512 0 11977 0 0
ciMethod org/xml/sax/Attributes getLength ()I 0 0 1 0 -1
ciMethod org/xml/sax/Attributes getURI (I)Ljava/lang/String; 0 0 1 0 -1
ciMethod org/xml/sax/Attributes getLocalName (I)Ljava/lang/String; 0 0 1 0 -1
ciMethod org/xml/sax/Attributes getQName (I)Ljava/lang/String; 0 0 1 0 -1
ciMethod org/xml/sax/Attributes getType (I)Ljava/lang/String; 0 0 1 0 -1
ciMethod org/xml/sax/Attributes getValue (I)Ljava/lang/String; 0 0 1 0 -1
ciMethod com/sun/org/apache/xerces/internal/utils/XMLSecurityManager getLimit (Lcom/sun/org/apache/xerces/internal/utils/XMLSecurityManager$Limit;)I 12 0 158 0 -1
ciMethod com/sun/org/apache/xerces/internal/utils/XMLSecurityManager getStateLiteral (Lcom/sun/org/apache/xerces/internal/utils/XMLSecurityManager$Limit;)Ljava/lang/String; 0 0 1 0 -1
ciMethod com/sun/org/apache/xerces/internal/utils/XMLSecurityManager isNoLimit (I)Z 968 0 4170 0 0
ciMethod com/sun/org/apache/xerces/internal/utils/XMLSecurityManager isOverLimit (Lcom/sun/org/apache/xerces/internal/utils/XMLSecurityManager$Limit;Lcom/sun/org/apache/xerces/internal/utils/XMLLimitAnalyzer;)Z 546 0 42048 0 0
ciMethod com/sun/org/apache/xerces/internal/utils/XMLSecurityManager isOverLimit (ILcom/sun/org/apache/xerces/internal/utils/XMLLimitAnalyzer;)Z 556 0 5423 0 448
ciMethod com/sun/org/apache/xerces/internal/utils/XMLSecurityManager debugPrint (Lcom/sun/org/apache/xerces/internal/utils/XMLLimitAnalyzer;)V 4 0 78 0 -1
ciMethod com/sun/org/apache/xerces/internal/parsers/AbstractSAXParser startElement (Lcom/sun/org/apache/xerces/internal/xni/QName;Lcom/sun/org/apache/xerces/internal/xni/XMLAttributes;Lcom/sun/org/apache/xerces/internal/xni/Augmentations;)V 512 972 11709 0 0
ciMethod com/sun/org/apache/xerces/internal/parsers/AbstractSAXParser endElement (Lcom/sun/org/apache/xerces/internal/xni/QName;Lcom/sun/org/apache/xerces/internal/xni/Augmentations;)V 512 0 11329 0 0
ciMethod com/sun/org/apache/xerces/internal/parsers/AbstractSAXParser startNamespaceMapping ()V 512 682 11709 0 0
ciMethod com/sun/org/apache/xerces/internal/parsers/AbstractSAXParser endNamespaceMapping ()V 512 654 11329 0 -1
ciMethod com/sun/org/apache/xerces/internal/xni/XMLDocumentHandler startElement (Lcom/sun/org/apache/xerces/internal/xni/QName;Lcom/sun/org/apache/xerces/internal/xni/XMLAttributes;Lcom/sun/org/apache/xerces/internal/xni/Augmentations;)V 0 0 1 0 -1
ciMethod com/sun/org/apache/xerces/internal/xni/XMLDocumentHandler emptyElement (Lcom/sun/org/apache/xerces/internal/xni/QName;Lcom/sun/org/apache/xerces/internal/xni/XMLAttributes;Lcom/sun/org/apache/xerces/internal/xni/Augmentations;)V 0 0 1 0 -1
ciMethod com/sun/org/apache/xerces/internal/parsers/AbstractXMLDocumentParser startElement (Lcom/sun/org/apache/xerces/internal/xni/QName;Lcom/sun/org/apache/xerces/internal/xni/XMLAttributes;Lcom/sun/org/apache/xerces/internal/xni/Augmentations;)V 0 0 1 0 -1
ciMethod com/sun/org/apache/xerces/internal/parsers/AbstractXMLDocumentParser emptyElement (Lcom/sun/org/apache/xerces/internal/xni/QName;Lcom/sun/org/apache/xerces/internal/xni/XMLAttributes;Lcom/sun/org/apache/xerces/internal/xni/Augmentations;)V 512 0 1118 0 0
ciMethod com/sun/org/apache/xerces/internal/parsers/AbstractXMLDocumentParser endElement (Lcom/sun/org/apache/xerces/internal/xni/QName;Lcom/sun/org/apache/xerces/internal/xni/Augmentations;)V 0 0 1 0 -1
ciMethod com/sun/org/apache/xerces/internal/util/SymbolTable addSymbol ([CII)Ljava/lang/String; 588 740 5429 0 -1
ciMethod com/sun/org/apache/xerces/internal/impl/XMLEntityManager endEntity ()V 20 0 78 0 -1
ciMethod com/sun/org/apache/xerces/internal/impl/XMLEntityScanner peekChar ()I 512 0 5402 0 288
ciMethod com/sun/org/apache/xerces/internal/impl/XMLEntityScanner scanChar (Lcom/sun/org/apache/xerces/internal/impl/XMLScanner$NameType;)I 664 0 5452 0 352
ciMethod com/sun/org/apache/xerces/internal/impl/XMLEntityScanner scanName (Lcom/sun/org/apache/xerces/internal/impl/XMLScanner$NameType;)Ljava/lang/String; 0 0 1 0 -1
ciMethod com/sun/org/apache/xerces/internal/impl/XMLEntityScanner scanQName (Lcom/sun/org/apache/xerces/internal/xni/QName;Lcom/sun/org/apache/xerces/internal/impl/XMLScanner$NameType;)Z 528 3946 11933 0 -1
ciMethod com/sun/org/apache/xerces/internal/impl/XMLEntityScanner checkBeforeLoad (Lcom/sun/xml/internal/stream/Entity$ScannedEntity;II)I 518 0 26497 0 -1
ciMethod com/sun/org/apache/xerces/internal/impl/XMLEntityScanner checkEntityLimit (Lcom/sun/org/apache/xerces/internal/impl/XMLScanner$NameType;Lcom/sun/xml/internal/stream/Entity$ScannedEntity;II)V 520 0 5427 0 160
ciMethod com/sun/org/apache/xerces/internal/impl/XMLEntityScanner checkNodeCount (Lcom/sun/xml/internal/stream/Entity$ScannedEntity;)V 76 0 20387 0 -1
ciMethod com/sun/org/apache/xerces/internal/impl/XMLEntityScanner checkLimit (Lcom/sun/org/apache/xerces/internal/utils/XMLSecurityManager$Limit;Lcom/sun/xml/internal/stream/Entity$ScannedEntity;II)V 148 0 15265 0 -1
ciMethod com/sun/org/apache/xerces/internal/impl/XMLEntityScanner skipChar (ILcom/sun/org/apache/xerces/internal/impl/XMLScanner$NameType;)Z 512 0 5426 0 352
ciMethod com/sun/org/apache/xerces/internal/impl/XMLEntityScanner skipSpaces ()Z 512 0 25303 3 -1
ciMethod com/sun/org/apache/xerces/internal/impl/XMLEntityScanner skipString (Ljava/lang/String;)Z 116 812 7888 0 -1
ciMethod com/sun/org/apache/xerces/internal/impl/XMLEntityScanner load (IZZ)Z 112 0 1797 11 0
ciMethod com/sun/org/apache/xerces/internal/impl/XMLEntityScanner invokeListeners (I)V 110 102 2156 0 -1
ciMethod com/sun/org/apache/xerces/internal/impl/XMLErrorReporter reportError (Ljava/lang/String;Ljava/lang/String;[Ljava/lang/Object;S)Ljava/lang/String; 0 0 1 0 -1
ciMethod com/sun/org/apache/xerces/internal/impl/XMLNSDocumentScannerImpl scanStartElement ()Z 512 1692 11474 0 -1
ciMethod com/sun/org/apache/xerces/internal/impl/XMLNSDocumentScannerImpl scanAttribute (Lcom/sun/org/apache/xerces/internal/util/XMLAttributesImpl;)V 808 0 4170 0 -1
ciMethod com/sun/org/apache/xerces/internal/impl/XMLDocumentFragmentScannerImpl seekCloseOfStartTag ()Z 1024 0 15644 0 0
ciMethod com/sun/org/apache/xerces/internal/impl/XMLDocumentFragmentScannerImpl checkDepth (Ljava/lang/String;)V 510 0 11474 0 0
ciMethod com/sun/org/apache/xerces/internal/impl/XMLDocumentFragmentScannerImpl getString ()Lcom/sun/org/apache/xerces/internal/xni/XMLString; 808 0 4191 0 -1
ciMethod com/sun/org/apache/xerces/internal/impl/XMLScanner scanAttributeValue (Lcom/sun/org/apache/xerces/internal/xni/XMLString;Lcom/sun/org/apache/xerces/internal/xni/XMLString;Ljava/lang/String;Lcom/sun/org/apache/xerces/internal/xni/XMLAttributes;IZLjava/lang/String;Z)V 808 0 4191 0 -1
ciMethod com/sun/org/apache/xerces/internal/impl/XMLScanner isValidNameStartChar (I)Z 770 0 5552 0 0
ciMethod com/sun/org/apache/xerces/internal/impl/XMLScanner isValidNameStartHighSurrogate (I)Z 126 0 447 0 -1
ciMethod com/sun/org/apache/xerces/internal/impl/XMLScanner reportFatalError (Ljava/lang/String;[Ljava/lang/Object;)V 0 0 1 0 -1
ciMethod com/sun/org/apache/xerces/internal/xni/XMLString toString ()Ljava/lang/String; 512 0 3415 0 0
ciMethod com/sun/org/apache/xerces/internal/impl/XMLDocumentFragmentScannerImpl$ElementStack getNext ()Lcom/sun/org/apache/xerces/internal/xni/QName; 0 0 1 0 -1
ciMethod com/sun/org/apache/xerces/internal/impl/XMLDocumentFragmentScannerImpl$ElementStack push ()V 0 0 1 0 -1
ciMethod com/sun/org/apache/xerces/internal/impl/XMLDocumentFragmentScannerImpl$ElementStack matchElement (Lcom/sun/org/apache/xerces/internal/xni/QName;)Z 0 0 1 0 -1
ciMethod com/sun/org/apache/xerces/internal/impl/XMLDocumentFragmentScannerImpl$ElementStack nextElement ()Lcom/sun/org/apache/xerces/internal/xni/QName; 510 0 11474 0 0
ciMethod com/sun/org/apache/xerces/internal/impl/XMLDocumentFragmentScannerImpl$ElementStack popElement ()Lcom/sun/org/apache/xerces/internal/xni/QName; 508 0 11088 0 0
ciMethod com/sun/org/apache/xerces/internal/impl/XMLDocumentFragmentScannerImpl$ElementStack reposition ()V 0 0 1 0 -1
ciMethod com/sun/org/apache/xerces/internal/xni/QName <init> ()V 592 0 5547 0 -1
ciMethod com/sun/org/apache/xerces/internal/xni/QName setValues (Lcom/sun/org/apache/xerces/internal/xni/QName;)V 768 0 5856 0 992
ciMethod com/sun/org/apache/xerces/internal/xni/QName setValues (Ljava/lang/String;Ljava/lang/String;Ljava/lang/String;Ljava/lang/String;)V 534 0 11934 0 -1
ciMethod com/sun/org/apache/xerces/internal/util/XMLAttributesIteratorImpl removeAllAttributes ()V 510 0 11474 0 0
ciMethod com/sun/org/apache/xerces/internal/xni/XMLAttributes removeAttributeAt (I)V 0 0 1 0 -1
ciMethod com/sun/org/apache/xerces/internal/xni/XMLAttributes getLength ()I 0 0 1 0 -1
ciMethod com/sun/org/apache/xerces/internal/xni/XMLAttributes setName (ILcom/sun/org/apache/xerces/internal/xni/QName;)V 0 0 1 0 -1
ciMethod com/sun/org/apache/xerces/internal/xni/XMLAttributes getName (ILcom/sun/org/apache/xerces/internal/xni/QName;)V 0 0 1 0 -1
ciMethod com/sun/org/apache/xerces/internal/xni/XMLAttributes getURI (I)Ljava/lang/String; 0 0 1 0 -1
ciMethod com/sun/org/apache/xerces/internal/xni/XMLAttributes getLocalName (I)Ljava/lang/String; 0 0 1 0 -1
ciMethod com/sun/org/apache/xerces/internal/xni/XMLAttributes getQName (I)Ljava/lang/String; 0 0 1 0 -1
ciMethod com/sun/org/apache/xerces/internal/xni/XMLAttributes getType (I)Ljava/lang/String; 0 0 1 0 -1
ciMethod com/sun/org/apache/xerces/internal/xni/XMLAttributes getValue (I)Ljava/lang/String; 0 0 1 0 -1
ciMethod com/sun/org/apache/xerces/internal/util/XMLAttributesImpl addAttribute (Lcom/sun/org/apache/xerces/internal/xni/QName;Ljava/lang/String;Ljava/lang/String;)I 0 0 1 0 -1
ciMethod com/sun/org/apache/xerces/internal/util/XMLAttributesImpl removeAllAttributes ()V 510 0 11541 0 0
ciMethod com/sun/org/apache/xerces/internal/util/XMLAttributesImpl removeAttributeAt (I)V 682 0 1092 0 0
ciMethod com/sun/org/apache/xerces/internal/util/XMLAttributesImpl getName (ILcom/sun/org/apache/xerces/internal/xni/QName;)V 512 0 8340 0 0
ciMethod com/sun/org/apache/xerces/internal/util/XMLAttributesImpl setValue (ILjava/lang/String;Lcom/sun/org/apache/xerces/internal/xni/XMLString;)V 808 0 4191 0 -1
ciMethod com/sun/org/apache/xerces/internal/util/XMLAttributesImpl setSpecified (IZ)V 808 0 4191 0 -1
ciMethod com/sun/org/apache/xerces/internal/util/XMLAttributesImpl getLength ()I 264 0 132 0 0
ciMethod com/sun/org/apache/xerces/internal/util/XMLAttributesImpl getType (I)Ljava/lang/String; 768 0 3185 0 0
ciMethod com/sun/org/apache/xerces/internal/util/XMLAttributesImpl getValue (I)Ljava/lang/String; 108 0 3185 0 0
ciMethod com/sun/org/apache/xerces/internal/util/XMLAttributesImpl getLocalName (I)Ljava/lang/String; 768 0 3183 0 0
ciMethod com/sun/org/apache/xerces/internal/util/XMLAttributesImpl getQName (I)Ljava/lang/String; 768 0 3185 0 0
ciMethod com/sun/org/apache/xerces/internal/util/XMLAttributesImpl addAttributeNS (Lcom/sun/org/apache/xerces/internal/xni/QName;Ljava/lang/String;Ljava/lang/String;)V 804 456 4191 0 -1
ciMethod com/sun/org/apache/xerces/internal/util/XMLAttributesImpl checkDuplicatesNS ()Lcom/sun/org/apache/xerces/internal/xni/QName; 178 4964 368 0 0
ciMethod com/sun/org/apache/xerces/internal/util/XMLAttributesImpl checkManyDuplicatesNS ()Lcom/sun/org/apache/xerces/internal/xni/QName; 0 0 1 0 -1
ciMethod com/sun/org/apache/xerces/internal/util/XMLAttributesImpl getReportableType (Ljava/lang/String;)Ljava/lang/String; 516 0 3185 0 0
ciMethod com/sun/org/apache/xerces/internal/util/XMLAttributesImpl getURI (I)Ljava/lang/String; 512 0 3182 0 0
ciMethod com/sun/org/apache/xerces/internal/util/XMLAttributesImpl setURI (ILjava/lang/String;)V 512 0 1557 0 -1
ciMethod com/sun/org/apache/xerces/internal/xni/NamespaceContext pushContext ()V 0 0 1 0 -1
ciMethod com/sun/org/apache/xerces/internal/xni/NamespaceContext declarePrefix (Ljava/lang/String;Ljava/lang/String;)Z 0 0 1 0 -1
ciMethod com/sun/org/apache/xerces/internal/xni/NamespaceContext getURI (Ljava/lang/String;)Ljava/lang/String; 0 0 1 0 -1
ciMethod com/sun/org/apache/xerces/internal/xni/NamespaceContext getDeclaredPrefixCount ()I 0 0 1 0 -1
ciMethod com/sun/org/apache/xerces/internal/xni/NamespaceContext getDeclaredPrefixAt (I)Ljava/lang/String; 0 0 1 0 -1
ciMethod com/sun/org/apache/xerces/internal/util/NamespaceSupport pushContext ()V 510 0 11537 0 0
ciMethod com/sun/org/apache/xerces/internal/util/NamespaceSupport getURI (Ljava/lang/String;)Ljava/lang/String; 568 5806 1787 0 448
ciMethod com/sun/org/apache/xerces/internal/util/NamespaceSupport getDeclaredPrefixCount ()I 768 0 23147 0 0
ciMethod com/sun/org/apache/xerces/internal/util/NamespaceSupport getDeclaredPrefixAt (I)Ljava/lang/String; 772 0 2178 0 0
ciMethod com/sun/org/apache/xerces/internal/util/NamespaceSupport containsPrefixInCurrentContext (Ljava/lang/String;)Z 532 3198 1092 0 -1
ciMethod com/sun/org/apache/xerces/internal/parsers/AbstractSAXParser$AttributesProxy setAttributes (Lcom/sun/org/apache/xerces/internal/xni/XMLAttributes;)V 256 0 128 0 0
ciMethod com/sun/org/apache/xerces/internal/parsers/AbstractSAXParser$AttributesProxy getLength ()I 770 0 11997 0 0
ciMethod com/sun/org/apache/xerces/internal/parsers/AbstractSAXParser$AttributesProxy getQName (I)Ljava/lang/String; 768 0 3185 0 0
ciMethod com/sun/org/apache/xerces/internal/parsers/AbstractSAXParser$AttributesProxy getURI (I)Ljava/lang/String; 512 0 3182 0 0
ciMethod com/sun/org/apache/xerces/internal/parsers/AbstractSAXParser$AttributesProxy getLocalName (I)Ljava/lang/String; 768 0 3183 0 0
ciMethod com/sun/org/apache/xerces/internal/parsers/AbstractSAXParser$AttributesProxy getType (I)Ljava/lang/String; 768 0 3185 0 0
ciMethod com/sun/org/apache/xerces/internal/parsers/AbstractSAXParser$AttributesProxy getValue (I)Ljava/lang/String; 1024 0 3185 0 0
ciMethod com/sun/org/apache/xerces/internal/utils/XMLLimitAnalyzer addValue (Lcom/sun/org/apache/xerces/internal/utils/XMLSecurityManager$Limit;Ljava/lang/String;I)V 444 0 26783 0 0
ciMethod com/sun/org/apache/xerces/internal/utils/XMLLimitAnalyzer addValue (ILjava/lang/String;I)V 444 0 5369 0 448
ciMethod com/sun/org/apache/xerces/internal/utils/XMLLimitAnalyzer getValue (I)I 0 0 1 0 -1
ciMethod com/sun/org/apache/xerces/internal/utils/XMLLimitAnalyzer getTotalValue (Lcom/sun/org/apache/xerces/internal/utils/XMLSecurityManager$Limit;)I 0 0 1 0 -1
ciMethod com/sun/org/apache/xerces/internal/utils/XMLLimitAnalyzer getTotalValue (I)I 768 0 5064 0 0
ciMethod com/sun/org/apache/xerces/internal/util/XMLChar isSpace (I)Z 512 0 28895 0 -1
ciMethod com/sun/org/apache/xerces/internal/util/XMLChar isNameStart (I)Z 512 0 27640 0 0
ciMethod com/sun/org/apache/xerces/internal/util/XMLChar isName (I)Z 0 0 1 0 -1
ciMethod com/sun/org/apache/xerces/internal/util/XMLChar isNCNameStart (I)Z 298 0 1429 0 -1
ciMethod org/xml/sax/helpers/AttributesImpl <init> (Lorg/xml/sax/Attributes;)V 512 0 11976 0 0
ciMethod org/xml/sax/helpers/AttributesImpl clear ()V 768 0 11997 0 0
ciMethod org/xml/sax/helpers/AttributesImpl setAttributes (Lorg/xml/sax/Attributes;)V 512 290 11997 0 0
ciMethodData com/sun/org/apache/xerces/internal/impl/XMLEntityScanner checkEntityLimit (Lcom/sun/org/apache/xerces/internal/impl/XMLScanner$NameType;Lcom/sun/xml/internal/stream/Entity$ScannedEntity;II)V 2 5427 orig 80 0 0 0 0 0 0 0 0 0 0 0 0 248 127 0 0 0 0 0 0 0 0 0 0 0 0 0 0 0 0 0 0 0 0 0 0 0 0 0 0 0 0 0 0 0 0 0 0 0 0 0 0 0 0 0 0 0 0 0 0 0 0 0 0 0 0 0 0 0 0 0 0 0 0 0 0 0 0 0 0 data 47 0x10007 0x0 0x40 0x142f 0x80007 0x0 0x20 0x142f 0x100007 0x0 0x58 0x0 0x1b0005 0x0 0x0 0x0 0x0 0x0 0x0 0x220007 0x0 0x40 0x0 0x290007 0x0 0x58 0x0 0x2e0005 0x0 0x0 0x0 0x0 0x0 0x0 0x0 0x0 0x0 0x0 0x0 0x0 0x9 0x5 0xffffffffffffffff 0x0 0xffffffffffffffff 0x0 0x0 oops 0 methods 0
ciMethodData java/lang/String <init> ([CIILjava/lang/Void;)V 2 6830 orig 80 0 0 0 0 0 0 0 0 0 0 0 0 248 127 0 0 0 0 0 0 0 0 0 0 0 0 0 0 0 0 0 0 0 0 0 0 0 0 0 0 0 0 0 0 0 0 0 0 0 0 0 0 0 0 0 0 0 0 0 0 0 0 0 0 0 0 0 0 0 0 0 0 0 0 0 0 0 0 0 0 data 31 0x10002 0x19ac 0x50007 0x1986 0x20 0x26 0x1e0007 0x0 0x50 0x1986 0x240002 0x1986 0x2b0007 0x1 0x20 0x1985 0x430002 0x1 0x0 0x0 0x0 0x0 0x0 0x0 0x9 0x5 0xc 0x0 0x0 0x0 0x0 oops 0 methods 0
ciMethodData com/sun/org/apache/xerces/internal/utils/XMLSecurityManager isOverLimit (Lcom/sun/org/apache/xerces/internal/utils/XMLSecurityManager$Limit;Lcom/sun/org/apache/xerces/internal/utils/XMLLimitAnalyzer;)Z 2 42064 orig 80 0 0 0 0 0 0 0 0 0 0 0 0 248 127 0 0 0 0 0 0 0 0 0 0 0 0 0 0 0 0 0 0 0 0 0 0 0 0 0 0 0 0 0 0 0 0 0 0 0 0 0 0 0 0 0 0 0 0 0 0 0 0 0 0 0 0 0 0 0 0 0 0 0 0 0 0 0 0 0 0 data 25 0x20005 0xa33f 0x0 0x0 0x0 0x0 0x0 0x60005 0xa33f 0x0 0x0 0x0 0x0 0x0 0x0 0x0 0x0 0x0 0x0 0x0 0x9 0x3 0x0 0x0 0x0 oops 0 methods 0
ciMethodData com/sun/org/apache/xerces/internal/utils/XMLSecurityManager isOverLimit (ILcom/sun/org/apache/xerces/internal/utils/XMLLimitAnalyzer;)Z 2 5423 orig 80 0 0 0 0 0 0 0 0 0 0 0 0 172 1 0 0 0 0 0 0 0 0 0 0 0 0 0 0 0 0 0 0 0 0 0 0 0 0 0 0 0 0 0 0 0 0 0 0 0 0 0 0 0 0 0 0 0 0 0 0 0 0 0 0 0 0 0 0 0 0 0 0 0 0 0 0 0 0 0 0 data 109 0x60007 0x12be 0x20 0x15b 0xf0005 0x12be 0x0 0x0 0x0 0x0 0x0 0x120007 0x0 0x1d8 0x12be 0x190005 0x12be 0x0 0x0 0x0 0x0 0x0 0x1c0007 0x0 0x180 0x12be 0x230005 0x12be 0x0 0x0 0x0 0x0 0x0 0x260007 0x95f 0x128 0x95f 0x2d0005 0x95f 0x0 0x0 0x0 0x0 0x0 0x300007 0x0 0xd0 0x95f 0x370005 0x95f 0x0 0x0 0x0 0x0 0x0 0x3a0007 0x0 0x78 0x95f 0x410005 0x95f 0x0 0x0 0x0 0x0 0x0 0x440007 0x0 0x90 0x95f 0x490005 0x12be 0x0 0x0 0x0 0x0 0x0 0x520007 0x12be 0x38 0x0 0x560003 0x0 0x18 0x5d0005 0x0 0x0 0x0 0x0 0x0 0x0 0x660007 0x0 0x38 0x0 0x6a0003 0x0 0x18 0x0 0x0 0x0 0x0 0x0 0x0 0x9 0x3 0x0 0x0 0x0 oops 0 methods 0
ciMethodData com/sun/org/apache/xerces/internal/impl/XMLEntityScanner load (IZZ)Z 2 1810 orig 80 0 0 0 0 0 0 0 0 0 0 0 0 172 1 0 0 0 0 0 0 0 0 0 0 0 0 0 0 0 0 0 0 0 0 0 0 0 0 0 0 0 0 0 0 0 0 0 0 0 0 0 0 0 0 0 0 0 0 0 0 0 0 0 0 0 0 0 0 0 0 0 0 0 0 0 0 0 0 0 0 data 84 0x10007 0x324 0x58 0x3b6 0x60005 0x0 0x0 0x1ace3ab6300 0x3b6 0x0 0x0 0x320007 0x181 0x40 0x559 0x390007 0x0 0x20 0x559 0x510005 0x0 0x0 0x1ace3a60e00 0x6da 0x0 0x0 0x5c0007 0x3d 0x58 0x69d 0x610007 0x0 0x108 0x69d 0x800003 0x69d 0xe8 0x970007 0x0 0xd0 0x3d 0x9e0005 0x0 0x0 0x1ace14ab320 0x3d 0x0 0x0 0xa50007 0x0 0x20 0x3d 0xba0007 0x0 0x58 0x0 0xc10005 0x0 0x0 0x0 0x0 0x0 0x0 0x0 0x0 0x0 0x0 0x0 0x0 0x0 0x0 0x0 0x0 0x0 0x0 0x0 0x0 0x0 0x9 0x4 0x0 0x0 0x0 0x0 oops 3 7 com/sun/org/apache/xerces/internal/impl/XMLEntityScanner 22 com/sun/org/apache/xerces/internal/impl/io/UTF8Reader 44 com/sun/org/apache/xerces/internal/impl/XMLEntityManager methods 0
ciMethodData com/sun/org/apache/xerces/internal/impl/XMLEntityScanner peekChar ()I 2 5402 orig 80 0 0 0 0 0 0 0 0 0 0 0 0 248 127 0 0 0 0 0 0 0 0 0 0 0 0 0 0 0 0 0 0 0 0 0 0 0 0 0 0 0 0 0 0 0 0 0 0 0 0 0 0 0 0 0 0 0 0 0 0 0 0 0 0 0 0 0 0 0 0 0 0 0 0 0 0 0 0 0 0 data 31 0xe0007 0x13d3 0x58 0x47 0x150005 0x47 0x0 0x0 0x0 0x0 0x0 0x2d0007 0x0 0x58 0x141a 0x330007 0x0 0x38 0x141a 0x370003 0x141a 0x18 0x0 0x0 0x0 0x0 0x0 0x0 0x9 0x1 0x0 oops 0 methods 0
ciMethodData com/sun/org/apache/xerces/internal/utils/XMLLimitAnalyzer getTotalValue (I)I 2 5064 orig 80 0 0 0 0 0 0 0 0 0 0 0 0 248 127 0 0 0 0 0 0 0 0 0 0 0 0 0 0 0 0 0 0 0 0 0 0 0 0 0 0 0 0 0 0 0 0 0 0 0 0 0 0 0 0 0 0 0 0 0 0 0 0 0 0 0 0 0 0 0 0 0 0 0 0 0 0 0 0 0 0 data 8 0x0 0x0 0x0 0x0 0x9 0x2 0x0 0x0 oops 0 methods 0
ciMethodData com/sun/org/apache/xerces/internal/utils/XMLLimitAnalyzer addValue (Lcom/sun/org/apache/xerces/internal/utils/XMLSecurityManager$Limit;Ljava/lang/String;I)V 2 26795 orig 80 0 0 0 0 0 0 0 0 0 0 0 0 172 1 0 0 0 0 0 0 0 0 0 0 0 0 0 0 0 0 0 0 0 0 0 0 0 0 0 0 0 0 0 0 0 0 0 0 0 0 0 0 0 0 0 0 0 0 0 0 0 0 0 0 0 0 0 0 0 0 0 0 0 0 0 0 0 0 0 0 data 26 0x20005 0x67cd 0x0 0x0 0x0 0x0 0x0 0x70005 0x67cd 0x0 0x0 0x0 0x0 0x0 0x0 0x0 0x0 0x0 0x0 0x0 0x9 0x4 0x0 0x0 0x0 0x0 oops 0 methods 0
ciMethodData com/sun/org/apache/xerces/internal/utils/XMLLimitAnalyzer addValue (ILjava/lang/String;I)V 2 5369 orig 80 0 0 0 0 0 0 0 0 0 0 0 0 172 1 0 0 0 0 0 0 0 0 0 0 0 0 0 0 0 0 0 0 0 0 0 0 0 0 0 0 0 0 0 0 0 0 0 0 0 0 0 0 0 0 0 0 0 0 0 0 0 0 0 0 0 0 0 0 0 0 0 0 0 0 0 0 0 0 0 0 data 205 0x40005 0x141b 0x0 0x0 0x0 0x0 0x0 0x70007 0x0 0x180 0x141b 0xe0005 0x141b 0x0 0x0 0x0 0x0 0x0 0x110007 0x0 0x128 0x141b 0x180005 0x141b 0x0 0x0 0x0 0x0 0x0 0x1b0007 0x0 0xd0 0x141b 0x220005 0x141b 0x0 0x0 0x0 0x0 0x0 0x250007 0x0 0x78 0x141b 0x2c0005 0x141b 0x0 0x0 0x0 0x0 0x0 0x2f0007 0x141b 0x20 0x0 0x410005 0x141b 0x0 0x0 0x0 0x0 0x0 0x440007 0x2d5 0x78 0x1146 0x4b0005 0x1146 0x0 0x0 0x0 0x0 0x0 0x4e0007 0x0 0x20 0x1146 0x660007 0x0 0x80 0x0 0x6f0002 0x0 0x7b0004 0x0 0x0 0x0 0x0 0x0 0x0 0x7c0003 0x0 0x18 0x8d0005 0x0 0x0 0x0 0x0 0x0 0x0 0x920007 0x0 0x128 0x0 0x9a0005 0x0 0x0 0x0 0x0 0x0 0x0 0x9f0004 0x0 0x0 0x0 0x0 0x0 0x0 0xa20005 0x0 0x0 0x0 0x0 0x0 0x0 0xad0002 0x0 0xb00005 0x0 0x0 0x0 0x0 0x0 0x0 0xb60003 0x0 0x60 0xbd0002 0x0 0xc00005 0x0 0x0 0x0 0x0 0x0 0x0 0xce0007 0x0 0x58 0x0 0xdf0004 0x0 0x0 0x0 0x0 0x0 0x0 0xe40005 0x0 0x0 0x0 0x0 0x0 0x0 0xe70007 0x0 0x78 0x0 0xee0005 0x0 0x0 0x0 0x0 0x0 0x0 0xf10007 0x0 0x58 0x0 0xfb0005 0x0 0x0 0x0 0x0 0x0 0x0 0x0 0x0 0x0 0x0 0x0 0x0 0x0 0x0 0x0 0x0 0x0 0x0 0x0 0x9 0x4 0x0 0x0 0x0 0x0 oops 0 methods 0
ciMethodData java/util/logging/Logger isLoggable (Ljava/util/logging/Level;)Z 2 70224 orig 80 0 0 0 0 0 0 0 0 0 0 0 0 248 127 0 0 0 0 0 0 0 0 0 0 0 0 0 0 0 0 0 0 0 0 0 0 0 0 0 0 0 0 0 0 0 0 0 0 0 0 0 0 0 0 0 0 0 0 0 0 0 0 0 0 0 0 0 0 0 0 0 0 0 0 0 0 0 0 0 0 data 25 0x90005 0x11150 0x0 0x0 0x0 0x0 0x0 0xd0007 0x11150 0x40 0x0 0x140007 0x0 0x20 0x0 0x0 0x0 0x0 0x0 0x0 0x0 0x9 0x2 0x0 0x0 oops 0 methods 0
ciMethodData com/sun/org/apache/xerces/internal/impl/XMLEntityScanner skipSpaces ()Z 2 25303 orig 80 1 0 0 0 0 0 0 0 0 0 0 0 248 127 0 0 0 0 0 0 0 0 0 0 0 0 0 0 0 0 0 0 0 0 0 0 0 0 0 1 0 0 0 0 0 0 0 0 0 0 0 0 0 0 0 0 0 0 0 0 0 0 0 0 0 0 0 0 0 0 0 0 0 0 0 0 0 0 0 0 data 143 0xe0007 0x609c 0x58 0x13b 0x150005 0x13b 0x0 0x0 0x0 0x0 0x0 0x1d0007 0x61a2 0x20 0x0 0x400002 0x61a2 0x430007 0x5532 0x2e0 0xc70 0x80000006004b0007 0x6 0x60 0xc6b 0x520007 0x0 0x1a0 0xc6b 0x580007 0xc6b 0x180 0x0 0x800007 0x4 0xe8 0x2 0x850005 0x0 0x0 0x1ace3ab6300 0x2 0x0 0x0 0x970005 0x2 0x0 0x0 0x0 0x0 0x0 0x9c0007 0x0 0x38 0x0 0xa70003 0x0 0x38 0xae0007 0x0 0x20 0x0 0xb60007 0x4 0x78 0x0 0xbd0007 0x0 0x58 0x0 0xd80007 0x0 0x38 0x0 0xe80003 0x0 0x18 0x10e0005 0x0 0x0 0x1ace3ab6300 0xc6f 0x0 0x0 0x11d0007 0x0 0x20 0xc6f 0x13b0007 0xc3b 0x78 0x34 0x1420005 0x34 0x0 0x0 0x0 0x0 0x0 0x14a0007 0x34 0x20 0x0 0x1600002 0xc6f 0x1630007 0x0 0xfffffffffffffd60 0xc6f 0x0 0x0 0x0 0x0 0x0 0x0 0x0 0x0 0x0 0x0 0x0 0x0 0x0 0x0 0x0 0x0 0x0 0x0 0x0 0x0 0x0 0x0 0x0 0x0 0x0 0x0 0x0 0x0 0x0 0x0 0x0 0x9 0x1 0x0 oops 2 40 com/sun/org/apache/xerces/internal/impl/XMLEntityScanner 80 com/sun/org/apache/xerces/internal/impl/XMLEntityScanner methods 0
ciMethodData com/sun/org/apache/xerces/internal/impl/XMLEntityScanner skipChar (ILcom/sun/org/apache/xerces/internal/impl/XMLScanner$NameType;)Z 2 5426 orig 80 0 0 0 0 0 0 0 0 0 0 0 0 248 127 0 0 0 0 0 0 0 0 0 0 0 0 0 0 0 0 0 0 0 0 0 0 0 0 0 0 0 0 0 0 0 0 0 0 0 0 0 0 0 0 0 0 0 0 0 0 0 0 0 0 0 0 0 0 0 0 0 0 0 0 0 0 0 0 0 0 data 47 0xe0007 0x13f8 0x58 0x3a 0x150005 0x3a 0x0 0x0 0x0 0x0 0x0 0x360007 0x720 0x90 0xd12 0x490007 0xd12 0x38 0x0 0x610003 0x0 0x18 0x870005 0x0 0x0 0x1ace3ab6300 0xd12 0x0 0x0 0x0 0x0 0x0 0x0 0x0 0x0 0x0 0x0 0x0 0x0 0x0 0x0 0x0 0x9 0x3 0x0 0x0 0x0 oops 1 25 com/sun/org/apache/xerces/internal/impl/XMLEntityScanner methods 0
ciMethodData com/sun/org/apache/xerces/internal/util/XMLChar isNameStart (I)Z 2 27751 orig 80 0 0 0 0 0 0 0 0 0 0 0 0 248 127 0 0 0 0 0 0 0 0 0 0 0 0 0 0 0 0 0 0 0 0 0 0 0 0 0 0 0 0 0 0 0 0 0 0 0 0 0 0 0 0 0 0 0 0 0 0 0 0 0 0 0 0 0 0 0 0 0 0 0 0 0 0 0 0 0 0 data 18 0x30007 0x0 0x58 0x6b67 0xd0007 0x1b3 0x38 0x69b4 0x110003 0x69b4 0x18 0x0 0x0 0x0 0x0 0x9 0x1 0x0 oops 0 methods 0
ciMethodData com/sun/org/apache/xerces/internal/util/NamespaceSupport getURI (Ljava/lang/String;)Ljava/lang/String; 2 19320 orig 80 0 0 0 0 0 0 0 0 0 0 0 0 248 127 0 0 0 0 0 0 0 0 0 0 0 0 0 0 0 0 0 0 0 0 0 0 0 0 0 0 0 0 0 0 0 0 0 0 0 0 0 0 0 0 0 0 0 0 0 0 0 0 0 0 0 0 0 0 0 0 0 0 0 0 0 0 0 0 0 0 data 21 0x60007 0x18c 0x58 0x4474 0x120007 0x4021 0x20 0x453 0x210003 0x4021 0xffffffffffffffc0 0x0 0x0 0x0 0x0 0x0 0x0 0x9 0x2 0x0 0x0 oops 0 methods 0
ciMethodData com/sun/org/apache/xerces/internal/impl/XMLEntityScanner scanChar (Lcom/sun/org/apache/xerces/internal/impl/XMLScanner$NameType;)I 2 5452 orig 80 0 0 0 0 0 0 0 0 0 0 0 0 172 1 0 0 0 0 0 0 0 0 0 0 0 0 0 0 0 0 0 0 0 0 0 0 0 0 0 0 0 0 0 0 0 0 0 0 0 0 0 0 0 0 0 0 0 0 0 0 0 0 0 0 0 0 0 0 0 0 0 0 0 0 0 0 0 0 0 0 data 96 0xe0007 0x1400 0x58 0x0 0x150005 0x0 0x0 0x0 0x0 0x0 0x0 0x3e0007 0x0 0x60 0x1400 0x440007 0x1400 0x150 0x0 0x4b0007 0x0 0x130 0x0 0x710007 0x0 0x90 0x0 0x760005 0x0 0x0 0x0 0x0 0x0 0x0 0x880005 0x0 0x0 0x0 0x0 0x0 0x0 0x940007 0x0 0x80 0x0 0x9b0007 0x0 0x60 0x0 0xac0007 0x0 0x40 0x0 0xc70007 0x0 0x20 0x0 0xeb0007 0x180 0x58 0x1280 0x1040005 0x0 0x0 0x1ace3ab6300 0x1280 0x0 0x0 0x0 0x0 0x0 0x0 0x0 0x0 0x0 0x0 0x0 0x0 0x0 0x0 0x0 0x0 0x0 0x0 0x0 0x0 0x0 0x0 0x0 0x0 0x0 0x0 0x9 0x2 0x0 0x0 oops 1 64 com/sun/org/apache/xerces/internal/impl/XMLEntityScanner methods 0
ciMethodData com/sun/org/apache/xerces/internal/xni/QName setValues (Lcom/sun/org/apache/xerces/internal/xni/QName;)V 2 5856 orig 80 0 0 0 0 0 0 0 0 0 0 0 0 248 127 0 0 0 0 0 0 0 0 0 0 0 0 0 0 0 0 0 0 0 0 0 0 0 0 0 0 0 0 0 0 0 0 0 0 0 0 0 0 0 0 0 0 0 0 0 0 0 0 0 0 0 0 0 0 0 0 0 0 0 0 0 0 0 0 0 0 data 8 0x0 0x0 0x0 0x0 0x9 0x2 0x0 0x0 oops 0 methods 0
ciMethodData com/sun/org/apache/xerces/internal/util/XMLAttributesImpl getName (ILcom/sun/org/apache/xerces/internal/xni/QName;)V 2 8404 orig 80 0 0 0 0 0 0 0 0 0 0 0 0 248 127 0 0 0 0 0 0 0 0 0 0 0 0 0 0 0 0 0 0 0 0 0 0 0 0 0 0 0 0 0 0 0 0 0 0 0 0 0 0 0 0 0 0 0 0 0 0 0 0 0 0 0 0 0 0 0 0 0 0 0 0 0 0 0 0 0 0 data 18 0xa0005 0x0 0x0 0x1ace3abb6f0 0x1fd4 0x0 0x0 0x0 0x0 0x0 0x0 0x0 0x0 0x9 0x3 0x0 0x0 0x0 oops 1 3 com/sun/org/apache/xerces/internal/xni/QName methods 0
ciMethodData java/lang/Character digit (CI)I 2 29373 orig 80 0 0 0 0 0 0 0 0 0 0 0 0 248 127 0 0 0 0 0 0 0 0 0 0 0 0 0 0 0 0 0 0 0 0 0 0 0 0 0 0 0 0 0 0 0 0 0 0 0 0 0 0 0 0 0 0 0 0 0 0 0 0 0 0 0 0 0 0 0 0 0 0 0 0 0 0 0 0 0 0 data 12 0x20002 0x71bd 0x0 0x0 0x0 0x0 0x0 0x0 0x9 0x2 0x0 0x0 oops 0 methods 0
ciMethodData java/lang/Character digit (II)I 2 29373 orig 80 0 0 0 0 0 0 0 0 0 0 0 0 172 1 0 0 0 0 0 0 0 0 0 0 0 0 0 0 0 0 0 0 0 0 0 0 0 0 0 0 0 0 0 0 0 0 0 0 0 0 0 0 0 0 0 0 0 0 0 0 0 0 0 0 0 0 0 0 0 0 0 0 0 0 0 0 0 0 0 0 data 19 0x10002 0x71b6 0x60005 0x0 0x0 0x1ace3065e20 0x71b6 0x0 0x0 0x0 0x0 0x0 0x0 0x0 0x0 0x9 0x2 0x0 0x0 oops 1 5 java/lang/CharacterDataLatin1 methods 0
ciMethodData java/lang/CharacterDataLatin1 digit (II)I 2 22712 orig 80 0 0 0 0 0 0 0 0 0 0 0 0 248 127 0 0 0 0 0 0 0 0 0 0 0 0 0 0 0 0 0 0 0 0 0 0 0 0 0 0 0 0 0 0 0 0 0 0 0 0 0 0 0 0 0 0 0 0 0 0 0 0 0 0 0 0 0 0 0 0 0 0 0 0 0 0 0 0 0 0 data 27 0x70007 0x0 0x98 0x57ad 0xc0007 0x41 0x78 0x576c 0x110007 0x0 0x58 0x576c 0x170007 0x0 0x38 0x576c 0x1b0003 0x576c 0x18 0x0 0x0 0x0 0x9 0x3 0x0 0x0 0x0 oops 0 methods 0
ciMethodData com/sun/org/apache/xerces/internal/impl/XMLEntityScanner scanQName (Lcom/sun/org/apache/xerces/internal/xni/QName;Lcom/sun/org/apache/xerces/internal/impl/XMLScanner$NameType;)Z 2 72428 orig 80 1 0 0 0 0 0 0 0 0 0 0 0 248 127 0 0 0 0 0 0 0 0 0 0 0 0 0 0 0 0 0 0 0 0 0 0 0 0 0 1 0 0 0 0 0 0 0 0 0 0 0 0 0 0 0 0 0 0 0 0 0 0 0 0 0 0 0 0 0 0 0 0 0 0 0 0 0 0 0 0 data 261 0xe0007 0x2d95 0x58 0x0 0x150005 0x0 0x0 0x0 0x0 0x0 0x0 0x300002 0x2d95 0x330007 0x0 0x640 0x2d95 0x80000006004b0007 0x2d93 0x158 0x3 0x500005 0x0 0x0 0x1ace3ab6300 0x3 0x0 0x0 0x710005 0x3 0x0 0x0 0x0 0x0 0x0 0x740007 0x3 0xc8 0x0 0x910005 0x0 0x0 0x0 0x0 0x0 0x0 0x9a0005 0x0 0x0 0x0 0x0 0x0 0x0 0xa50005 0x0 0x0 0x0 0x0 0x0 0x0 0xc40007 0x0 0x38 0x140cd 0xcf0003 0x140cd 0x28 0xd40002 0x0 0xdb0007 0x11337 0x38 0x2d96 0xde0003 0x2d96 0x1a8 0xe50007 0x10e37 0x90 0x500 0xea0007 0x500 0x38 0x0 0xed0003 0x0 0x150 0x10a0005 0x0 0x0 0x1ace3ab6300 0x500 0x0 0x0 0x1170005 0x0 0x0 0x1ace3ab6300 0x11337 0x0 0x0 0x11d0007 0x1132c 0xb0 0xb 0x1220007 0xb 0x20 0x0 0x1360005 0xb 0x0 0x0 0x0 0x0 0x0 0x1390007 0xb 0x38 0x0 0x13c0003 0x0 0x30 0x13f0003 0x11337 0xfffffffffffffe08 0x1600007 0x0 0x2b8 0x2d96 0x17a0005 0x0 0x0 0x1ace314e9f0 0x2d96 0x0 0x0 0x1810007 0x2896 0x1b8 0x500 0x19a0005 0x0 0x0 0x1ace3ab6300 0x500 0x0 0x0 0x1ae0005 0x0 0x0 0x1ace314e9f0 0x500 0x0 0x0 0x1cb0002 0x500 0x1ce0007 0x500 0x90 0x0 0x1e30004 0x0 0x0 0x0 0x0 0x0 0x0 0x1e50005 0x0 0x0 0x0 0x0 0x0 0x0 0x1f60005 0x0 0x0 0x1ace3ab6300 0x500 0x0 0x0 0x2090005 0x0 0x0 0x1ace314e9f0 0x500 0x0 0x0 0x20e0003 0x500 0x50 0x2230005 0x0 0x0 0x1ace3ab6300 0x2896 0x0 0x0 0x22e0005 0x0 0x0 0x1ace3abb6f0 0x2d96 0x0 0x0 0x23d0005 0x0 0x0 0x1ace3ab6300 0x2d96 0x0 0x0 0x0 0x0 0x0 0x0 0x0 0x0 0x0 0x0 0x0 0x0 0x0 0x0 0x0 0x0 0x0 0x0 0x0 0x0 0x0 0x0 0x0 0x0 0x0 0x0 0x0 0x0 0x0 0x0 0x0 0x0 0x0 0x0 0x0 0x0 0x0 0x0 0x0 0x0 0x0 0x0 0x0 0x0 0x0 0x9 0x3 0x0 0x0 0x0 oops 11 24 com/sun/org/apache/xerces/internal/impl/XMLEntityScanner 90 com/sun/org/apache/xerces/internal/impl/XMLEntityScanner 97 com/sun/org/apache/xerces/internal/impl/XMLEntityScanner 133 com/sun/org/apache/xerces/internal/util/SymbolTable 144 com/sun/org/apache/xerces/internal/impl/XMLEntityScanner 151 com/sun/org/apache/xerces/internal/util/SymbolTable 178 com/sun/org/apache/xerces/internal/impl/XMLEntityScanner 185 com/sun/org/apache/xerces/internal/util/SymbolTable 195 com/sun/org/apache/xerces/internal/impl/XMLEntityScanner 202 com/sun/org/apache/xerces/internal/xni/QName 209 com/sun/org/apache/xerces/internal/impl/XMLEntityScanner methods 0
ciMethodData com/sun/org/apache/xerces/internal/util/XMLAttributesImpl getValue (I)Ljava/lang/String; 2 3185 orig 80 0 0 0 0 0 0 0 0 0 0 0 0 172 1 0 0 0 0 0 0 0 0 0 0 0 0 0 0 0 0 0 0 0 0 0 0 0 0 0 0 0 0 0 0 0 0 0 0 0 0 0 0 0 0 0 0 0 0 0 0 0 0 0 0 0 0 0 0 0 0 0 0 0 0 0 0 0 0 0 0 data 34 0x10007 0x0 0x40 0xc3b 0x90007 0xc3b 0x20 0x0 0x170007 0x0 0x78 0xc3b 0x230007 0x0 0x58 0xc3b 0x350005 0x0 0x0 0x1ace32f67d0 0xc3b 0x0 0x0 0x0 0x0 0x0 0x0 0x0 0x0 0x0 0x9 0x2 0x0 0x0 oops 1 19 com/sun/org/apache/xerces/internal/xni/XMLString methods 0
ciMethodData java/lang/Integer parseInt (Ljava/lang/String;)I 2 2085 orig 80 0 0 0 0 0 0 0 0 0 0 0 0 172 1 0 0 0 0 0 0 0 0 0 0 0 0 0 0 0 0 0 0 0 0 0 0 0 0 0 0 0 0 0 0 0 0 0 0 0 0 0 0 0 0 0 0 0 0 0 0 0 0 0 0 0 0 0 0 0 0 0 0 0 0 0 0 0 0 0 0 data 11 0x30002 0x788 0x0 0x0 0x0 0x0 0x0 0x0 0x9 0x1 0x0 oops 0 methods 0
ciMethodData java/lang/Integer parseInt (Ljava/lang/String;I)I 2 21163 orig 80 0 0 0 0 0 0 0 0 0 0 0 0 172 1 0 0 0 0 0 0 0 0 0 0 0 0 0 0 0 0 0 0 0 0 0 0 0 0 0 0 0 0 0 0 0 0 0 0 0 0 0 0 0 0 0 0 0 0 0 0 0 0 0 0 0 0 0 0 0 0 0 0 0 0 0 0 0 0 0 0 data 173 0x10007 0x112d 0x30 0x0 0xa0002 0x0 0x100007 0x112d 0x120 0x0 0x1b0002 0x0 0x200005 0x0 0x0 0x0 0x0 0x0 0x0 0x240005 0x0 0x0 0x0 0x0 0x0 0x0 0x290005 0x0 0x0 0x0 0x0 0x0 0x0 0x2c0005 0x0 0x0 0x0 0x0 0x0 0x0 0x2f0002 0x0 0x360007 0x112d 0x120 0x0 0x410002 0x0 0x460005 0x0 0x0 0x0 0x0 0x0 0x0 0x4a0005 0x0 0x0 0x0 0x0 0x0 0x0 0x4f0005 0x0 0x0 0x0 0x0 0x0 0x0 0x520005 0x0 0x0 0x0 0x0 0x0 0x0 0x550002 0x0 0x5e0005 0x112d 0x0 0x0 0x0 0x0 0x0 0x690007 0x0 0x248 0x112d 0x6e0005 0x112d 0x0 0x0 0x0 0x0 0x0 0x770007 0x112d 0xb8 0x0 0x7e0007 0x0 0x38 0x0 0x870003 0x0 0x48 0x8e0007 0x0 0x30 0x0 0x930002 0x0 0x9a0007 0x0 0x30 0x0 0x9f0002 0x0 0xb20007 0x10ef 0x100 0x51c3 0xba0005 0x51c3 0x0 0x0 0x0 0x0 0x0 0xbe0002 0x51c3 0xc50007 0x3e 0x40 0x5185 0xcc0007 0x5185 0x30 0x0 0xd10002 0x3e 0xe20007 0x5185 0x30 0x0 0xe70002 0x0 0xf20003 0x5185 0xffffffffffffff18 0xf60007 0x10ef 0x38 0x0 0xfb0003 0x0 0x18 0x1040002 0x0 0x0 0x0 0x0 0x0 0x0 0x0 0x0 0x0 0x0 0x9 0x2 0x0 0x0 oops 0 methods 0
ciMethodData java/lang/String rangeCheck ([CII)Ljava/lang/Void; 2 6084 orig 80 0 0 0 0 0 0 0 0 0 0 0 0 248 127 0 0 0 0 0 0 0 0 0 0 0 0 0 0 0 0 0 0 0 0 0 0 0 0 0 0 0 0 0 0 0 0 0 0 0 0 0 0 0 0 0 0 0 0 0 0 0 0 0 0 0 0 0 0 0 0 0 0 0 0 0 0 0 0 0 0 data 13 0x40002 0x16c3 0x0 0x0 0x0 0x0 0x0 0x0 0x9 0x3 0x0 0x0 0x0 oops 0 methods 0
ciMethodData com/sun/org/apache/xerces/internal/impl/XMLScanner isValidNameStartChar (I)Z 2 5560 orig 80 0 0 0 0 0 0 0 0 0 0 0 0 248 127 0 0 0 0 0 0 0 0 0 0 0 0 0 0 0 0 0 0 0 0 0 0 0 0 0 0 0 0 0 0 0 0 0 0 0 0 0 0 0 0 0 0 0 0 0 0 0 0 0 0 0 0 0 0 0 0 0 0 0 0 0 0 0 0 0 0 data 12 0x10002 0x1437 0x0 0x0 0x0 0x0 0x0 0x0 0x9 0x2 0x0 0x0 oops 0 methods 0
ciMethodData com/sun/org/apache/xerces/internal/util/NamespaceSupport getDeclaredPrefixAt (I)Ljava/lang/String; 2 2178 orig 80 0 0 0 0 0 0 0 0 0 0 0 0 248 127 0 0 0 0 0 0 0 0 0 0 0 0 0 0 0 0 0 0 0 0 0 0 0 0 0 0 0 0 0 0 0 0 0 0 0 0 0 0 0 0 0 0 0 0 0 0 0 0 0 0 0 0 0 0 0 0 0 0 0 0 0 0 0 0 0 0 data 8 0x0 0x0 0x0 0x0 0x9 0x2 0x0 0x0 oops 0 methods 0
ciMethodData com/sun/org/apache/xerces/internal/impl/XMLDocumentFragmentScannerImpl seekCloseOfStartTag ()Z 2 15732 orig 80 0 0 0 0 0 0 0 0 0 0 0 0 172 1 0 0 0 0 0 0 0 0 0 0 0 0 0 0 0 0 0 0 0 0 0 0 0 0 0 0 0 0 0 0 0 0 0 0 0 0 0 0 0 0 0 0 0 0 0 0 0 0 0 0 0 0 0 0 0 0 0 0 0 0 0 0 0 0 0 0 data 117 0x40005 0x0 0x0 0x1ace3ab6300 0x3b75 0x0 0x0 0xc0005 0x0 0x0 0x1ace3ab6300 0x3b75 0x0 0x0 0x130007 0x133e 0x58 0x2837 0x1b0005 0x0 0x0 0x1ace3ab6300 0x2837 0x0 0x0 0x240007 0xf06 0x120 0x438 0x2c0005 0x0 0x0 0x1ace3ab6300 0x438 0x0 0x0 0x390005 0x0 0x0 0x1ace3ab6300 0x438 0x0 0x0 0x3c0007 0x438 0x90 0x0 0x500004 0x0 0x0 0x0 0x0 0x0 0x0 0x510005 0x0 0x0 0x0 0x0 0x0 0x0 0x5d0005 0x0 0x0 0x1ace3ab4380 0xf06 0x0 0x0 0x600007 0x0 0x40 0xf06 0x640007 0xf06 0x108 0x0 0x690005 0x0 0x0 0x0 0x0 0x0 0x0 0x6c0007 0x0 0x40 0x0 0x700007 0x0 0x90 0x0 0x840004 0x0 0x0 0x0 0x0 0x0 0x0 0x850005 0x0 0x0 0x0 0x0 0x0 0x0 0x0 0x0 0x0 0x0 0x0 0x0 0x0 0x0 0x0 0x9 0x1 0x0 oops 6 3 com/sun/org/apache/xerces/internal/impl/XMLEntityScanner 10 com/sun/org/apache/xerces/internal/impl/XMLEntityScanner 21 com/sun/org/apache/xerces/internal/impl/XMLEntityScanner 32 com/sun/org/apache/xerces/internal/impl/XMLEntityScanner 39 com/sun/org/apache/xerces/internal/impl/XMLEntityScanner 64 com/sun/org/apache/xerces/internal/impl/XMLNSDocumentScannerImpl methods 0
ciMethodData com/sun/org/apache/xerces/internal/util/NamespaceSupport getDeclaredPrefixCount ()I 2 23153 orig 80 0 0 0 0 0 0 0 0 0 0 0 0 248 127 0 0 0 0 0 0 0 0 0 0 0 0 0 0 0 0 0 0 0 0 0 0 0 0 0 0 0 0 0 0 0 0 0 0 0 0 0 0 0 0 0 0 0 0 0 0 0 0 0 0 0 0 0 0 0 0 0 0 0 0 0 0 0 0 0 0 data 7 0x0 0x0 0x0 0x0 0x9 0x1 0x0 oops 0 methods 0
ciMethodData com/sun/org/apache/xerces/internal/impl/XMLNSDocumentScannerImpl scanAttribute (Lcom/sun/org/apache/xerces/internal/util/XMLAttributesImpl;)V 2 4343 orig 80 0 0 0 0 0 0 0 0 0 0 0 0 248 127 0 0 0 0 0 0 0 0 0 0 0 0 0 0 0 0 0 0 0 0 0 0 0 0 0 0 0 0 0 0 0 0 0 0 0 0 0 0 0 0 0 0 0 0 0 0 0 0 0 0 0 0 0 0 0 0 0 0 0 0 0 0 0 0 0 0 data 537 0xb0005 0x0 0x0 0x1ace3ab6300 0xf63 0x0 0x0 0x130005 0x0 0x0 0x1ace3ab6300 0xf63 0x0 0x0 0x200005 0x0 0x0 0x1ace3ab6300 0xf63 0x0 0x0 0x230007 0xf63 0xc8 0x0 0x370004 0x0 0x0 0x0 0x0 0x0 0x0 0x410004 0x0 0x0 0x0 0x0 0x0 0x0 0x420005 0x0 0x0 0x0 0x0 0x0 0x0 0x490005 0x0 0x0 0x1ace3ab6300 0xf63 0x0 0x0 0x530007 0xf63 0x58 0x0 0x5a0007 0x0 0x38 0x0 0x5e0003 0x0 0x18 0x640005 0x0 0x0 0x1ace3ab4380 0xf63 0x0 0x0 0x790007 0xa60 0x38 0x503 0x830003 0x503 0x18 0x940007 0x32c 0x60 0xc37 0x9c0007 0x1d7 0x58 0xa60 0xa40007 0xa60 0x38 0x0 0xa80003 0x32c 0x18 0xc90005 0x0 0x0 0x1ace3ab4380 0xf63 0x0 0x0 0xd30007 0x0 0x8c0 0xf63 0xd80007 0xc37 0x8a0 0x32c 0xe40007 0x32c 0x1a0 0x0 0x1090002 0x0 0x10c0004 0x0 0x0 0x0 0x0 0x0 0x0 0x1140002 0x0 0x1170004 0x0 0x0 0x0 0x0 0x0 0x0 0x11e0002 0x0 0x1210004 0x0 0x0 0x0 0x0 0x0 0x0 0x12b0005 0x0 0x0 0x0 0x0 0x0 0x0 0x12e0004 0x0 0x0 0x0 0x0 0x0 0x0 0x1300005 0x0 0x0 0x0 0x0 0x0 0x0 0x1470005 0x0 0x0 0x1ace314e9f0 0x32c 0x0 0x0 0x1550007 0x0 0xb0 0x32c 0x15d0007 0x32c 0x90 0x0 0x1730004 0x0 0x0 0x0 0x0 0x0 0x0 0x1750005 0x0 0x0 0x0 0x0 0x0 0x0 0x17e0007 0x32c 0x90 0x0 0x1940004 0x0 0x0 0x0 0x0 0x0 0x0 0x1960005 0x0 0x0 0x0 0x0 0x0 0x0 0x19f0007 0x32c 0xc8 0x0 0x1a70007 0x0 0x138 0x0 0x1bd0004 0x0 0x0 0x0 0x0 0x0 0x0 0x1bf0005 0x0 0x0 0x0 0x0 0x0 0x0 0x1c30003 0x0 0xa8 0x1cb0007 0x32c 0x90 0x0 0x1e10004 0x0 0x0 0x0 0x0 0x0 0x0 0x1e30005 0x0 0x0 0x0 0x0 0x0 0x0 0x1ec0007 0x0 0x38 0x32c 0x1f10003 0x32c 0x18 0x1fe0007 0x32c 0x40 0x0 0x2060007 0x0 0x20 0x0 0x2180007 0x32c 0xb0 0x0 0x2200007 0x0 0x90 0x0 0x2360004 0x0 0x0 0x0 0x0 0x0 0x0 0x2380005 0x0 0x0 0x0 0x0 0x0 0x0 0x2400004 0x0 0x0 0x1ace3ab63b0 0x32c 0x0 0x0 0x2450005 0x0 0x0 0x1ace3ab63b0 0x32c 0x0 0x0 0x2480007 0x32c 0xc8 0x0 0x25c0004 0x0 0x0 0x0 0x0 0x0 0x0 0x2660004 0x0 0x0 0x0 0x0 0x0 0x0 0x2670005 0x0 0x0 0x0 0x0 0x0 0x0 0x2720005 0x32c 0x0 0x0 0x0 0x0 0x0 0x2750007 0x0 0x38 0x32c 0x27a0003 0x32c 0x18 0x27e0005 0x0 0x0 0x1ace3ab63b0 0x32c 0x0 0x0 0x2870007 0x32c 0xe8 0x0 0x28e0007 0x0 0xc8 0x0 0x2a20004 0x0 0x0 0x0 0x0 0x0 0x0 0x2ac0004 0x0 0x0 0x0 0x0 0x0 0x0 0x2ad0005 0x0 0x0 0x0 0x0 0x0 0x0 0x2b90007 0x32c 0x20 0x0 0x2c10007 0x0 0xa8 0xf63 0x2c50005 0x0 0x0 0x1ace3ab6460 0xf63 0x0 0x0 0x2d20005 0x0 0x0 0x1ace3ab6460 0xf63 0x0 0x0 0x2d50003 0xf63 0x188 0x2d90005 0x0 0x0 0x0 0x0 0x0 0x0 0x2e70005 0x0 0x0 0x0 0x0 0x0 0x0 0x2ee0005 0x0 0x0 0x0 0x0 0x0 0x0 0x2f10007 0x0 0xc8 0x0 0x3050004 0x0 0x0 0x0 0x0 0x0 0x0 0x30f0004 0x0 0x0 0x0 0x0 0x0 0x0 0x3100005 0x0 0x0 0x0 0x0 0x0 0x0 0x3190005 0x0 0x0 0x1ace3ab6460 0xf63 0x0 0x0 0x31f0005 0x0 0x0 0x1ace3ab6460 0xf63 0x0 0x0 0x3290007 0xa60 0x90 0x503 0x3390005 0x0 0x0 0x1ace3ab63b0 0x503 0x0 0x0 0x33e0005 0x0 0x0 0x1ace3ab6460 0x503 0x0 0x0 0x0 0x0 0x0 0x0 0x0 0x0 0x0 0x0 0x0 0x0 0x0 0x0 0x0 0x0 0x0 0x0 0x0 0x0 0x0 0x0 0x0 0x0 0x0 0x0 0x0 0x0 0x0 0x0 0x0 0x0 0x0 0x0 0x0 0x0 0x0 0x0 0x0 0x0 0x0 0x0 0x0 0x0 0x0 0x0 0x0 0x0 0x0 0x0 0x0 0x0 0x0 0x0 0x0 0x0 0x9 0x2 0x0 0x0 oops 16 3 com/sun/org/apache/xerces/internal/impl/XMLEntityScanner 10 com/sun/org/apache/xerces/internal/impl/XMLEntityScanner 17 com/sun/org/apache/xerces/internal/impl/XMLEntityScanner 49 com/sun/org/apache/xerces/internal/impl/XMLEntityScanner 67 com/sun/org/apache/xerces/internal/impl/XMLNSDocumentScannerImpl 96 com/sun/org/apache/xerces/internal/impl/XMLNSDocumentScannerImpl 163 com/sun/org/apache/xerces/internal/util/SymbolTable 290 com/sun/org/apache/xerces/internal/util/NamespaceSupport 297 com/sun/org/apache/xerces/internal/util/NamespaceSupport 343 com/sun/org/apache/xerces/internal/util/NamespaceSupport 387 com/sun/org/apache/xerces/internal/util/XMLAttributesIteratorImpl 394 com/sun/org/apache/xerces/internal/util/XMLAttributesIteratorImpl 450 com/sun/org/apache/xerces/internal/util/XMLAttributesIteratorImpl 457 com/sun/org/apache/xerces/internal/util/XMLAttributesIteratorImpl 468 com/sun/org/apache/xerces/internal/util/NamespaceSupport 475 com/sun/org/apache/xerces/internal/util/XMLAttributesIteratorImpl methods 0
ciMethodData com/sun/org/apache/xerces/internal/impl/XMLNSDocumentScannerImpl scanStartElement ()Z 2 11474 orig 80 0 0 0 0 0 0 0 0 0 0 0 0 248 127 0 0 0 0 0 0 0 0 0 0 0 0 0 0 0 0 0 0 0 0 0 0 0 0 0 0 0 0 0 0 0 0 0 0 0 0 0 0 0 0 0 0 0 0 0 0 0 0 0 0 0 0 0 0 0 0 0 0 0 0 0 0 0 0 0 0 data 643 0x40007 0x2bd2 0x158 0x0 0xb0007 0x0 0x138 0x0 0x120005 0x0 0x0 0x0 0x0 0x0 0x0 0x1f0005 0x0 0x0 0x0 0x0 0x0 0x0 0x290007 0x0 0x70 0x0 0x300005 0x0 0x0 0x0 0x0 0x0 0x0 0x380003 0x0 0x50 0x3f0005 0x0 0x0 0x0 0x0 0x0 0x0 0x460007 0x2bd2 0x40 0x0 0x4d0007 0x0 0x138 0x0 0x550005 0x0 0x0 0x1ace3ab6250 0x2bd2 0x0 0x0 0x5f0007 0x0 0x70 0x2bd2 0x6d0005 0x0 0x0 0x1ace3ab6300 0x2bd2 0x0 0x0 0x710003 0x2bd2 0x88 0x7b0005 0x0 0x0 0x0 0x0 0x0 0x0 0x870005 0x0 0x0 0x0 0x0 0x0 0x0 0x8e0007 0x2bd2 0x58 0x0 0x990005 0x0 0x0 0x0 0x0 0x0 0x0 0xaf0005 0x0 0x0 0x1ace3ab4380 0x2bd2 0x0 0x0 0xb60007 0x0 0x228 0x2bd2 0xbd0005 0x0 0x0 0x1ace3ab63b0 0x2bd2 0x0 0x0 0xc80007 0x2b9a 0x1d0 0x38 0xcf0007 0x38 0x1b0 0x0 0xe10004 0x0 0x0 0x0 0x0 0x0 0x0 0xe30005 0x0 0x0 0x0 0x0 0x0 0x0 0xeb0007 0x0 0x78 0x0 0xf30005 0x0 0x0 0x0 0x0 0x0 0x0 0xf60007 0x0 0xc8 0x0 0x10b0004 0x0 0x0 0x0 0x0 0x0 0x0 0x10f0004 0x0 0x0 0x0 0x0 0x0 0x0 0x1110005 0x0 0x0 0x0 0x0 0x0 0x0 0x11e0005 0x0 0x0 0x1ace3ab6460 0x2bd2 0x0 0x0 0x1220005 0x0 0x0 0x1ace3ab4380 0x2bd2 0x0 0x0 0x1250007 0x20d1 0x238 0xb01 0x1460005 0x0 0x0 0x1ace3ab4380 0xe64 0x0 0x0 0x14d0007 0x0 0x188 0xe64 0x1580005 0xe64 0x0 0x0 0x0 0x0 0x0 0x15b0007 0x0 0x130 0xe64 0x1620005 0x0 0x0 0x1ace3ab6460 0xe64 0x0 0x0 0x1690007 0xe64 0xd8 0x0 0x17b0004 0x0 0x0 0x0 0x0 0x0 0x0 0x1820002 0x0 0x1850004 0x0 0x0 0x0 0x0 0x0 0x0 0x1870005 0x0 0x0 0x0 0x0 0x0 0x0 0x18c0005 0x0 0x0 0x1ace3ab4380 0xe64 0x0 0x0 0x18f0007 0x363 0xfffffffffffffe08 0xb01 0x19b0007 0x0 0x748 0x2bd2 0x1a80007 0x2bd2 0x90 0x0 0x1c00004 0x0 0x0 0x0 0x0 0x0 0x0 0x1c20005 0x0 0x0 0x0 0x0 0x0 0x0 0x1cd0007 0x2b9a 0x38 0x38 0x1d70003 0x38 0x18 0x1e70005 0x0 0x0 0x1ace3ab63b0 0x2bd2 0x0 0x0 0x2040007 0x38 0x40 0x2b9a 0x20e0007 0x2b9a 0x20 0x0 0x2220007 0x2b9a 0xe8 0x38 0x22c0007 0x38 0xc8 0x0 0x2450004 0x0 0x0 0x0 0x0 0x0 0x0 0x24f0004 0x0 0x0 0x0 0x0 0x0 0x0 0x2510005 0x0 0x0 0x0 0x0 0x0 0x0 0x2590005 0x0 0x0 0x1ace3ab6460 0x2bd2 0x0 0x0 0x2630007 0x2bd2 0x290 0xe64 0x2700005 0x0 0x0 0x1ace3ab6460 0xe64 0x0 0x0 0x27a0007 0x9ba 0x38 0x4aa 0x2840003 0x4aa 0x18 0x2920005 0x0 0x0 0x1ace3ab63b0 0xe64 0x0 0x0 0x2a00007 0x9ba 0x58 0x4aa 0x2ac0007 0x0 0x38 0x4aa 0x2af0003 0x4aa 0x170 0x2b70007 0x9ba 0x158 0x0 0x2c50007 0x0 0x100 0x0 0x2de0004 0x0 0x0 0x0 0x0 0x0 0x0 0x2e80004 0x0 0x0 0x0 0x0 0x0 0x0 0x2ed0004 0x0 0x0 0x0 0x0 0x0 0x0 0x2ef0005 0x0 0x0 0x0 0x0 0x0 0x0 0x2fb0005 0x0 0x0 0x0 0x0 0x0 0x0 0x3010003 0xe64 0xfffffffffffffd88 0x3060007 0x2abc 0x238 0x116 0x30d0005 0x0 0x0 0x1ace3ab6460 0x116 0x0 0x0 0x3140007 0x116 0x1e0 0x0 0x31c0007 0x0 0x118 0x0 0x3350004 0x0 0x0 0x0 0x0 0x0 0x0 0x33d0004 0x0 0x0 0x0 0x0 0x0 0x0 0x3450004 0x0 0x0 0x0 0x0 0x0 0x0 0x3470005 0x0 0x0 0x0 0x0 0x0 0x0 0x34b0003 0x0 0xc0 0x3640004 0x0 0x0 0x0 0x0 0x0 0x0 0x36c0004 0x0 0x0 0x0 0x0 0x0 0x0 0x36e0005 0x0 0x0 0x0 0x0 0x0 0x0 0x3760007 0x27ab 0x158 0x427 0x3920007 0x427 0x90 0x0 0x3a60004 0x0 0x0 0x0 0x0 0x0 0x0 0x3a70005 0x0 0x0 0x0 0x0 0x0 0x0 0x3ae0007 0x0 0x58 0x427 0x3be0005 0x0 0x0 0x1ace3ab6510 0x427 0x0 0x0 0x3cc0005 0x0 0x0 0x1ace3ab6250 0x427 0x0 0x0 0x3d00003 0x427 0xc8 0x3d70007 0x27ab 0x58 0x0 0x3e60005 0x0 0x0 0x0 0x0 0x0 0x0 0x3ed0007 0x0 0x58 0x27ab 0x3fd0005 0x0 0x0 0x1ace3ab6510 0x27ab 0x0 0x0 0x0 0x0 0x0 0x0 0x0 0x0 0x0 0x0 0x0 0x0 0x0 0x0 0x0 0x0 0x0 0x0 0x0 0x0 0x0 0x0 0x0 0x0 0x0 0x0 0x0 0x0 0x0 0x0 0x0 0x0 0x0 0x0 0x0 0x0 0x0 0x0 0x0 0x0 0x0 0x0 0x0 0x0 0x0 0x0 0x0 0x0 0x0 0x0 0x0 0x0 0x0 0x0 0x0 0x0 0x0 0x0 0x0 0x0 0x0 0x0 0x0 0x0 0x0 0x0 0x0 0x0 0x0 0x0 0x0 0x0 0x0 0x0 0x0 0x0 0x0 0x0 0x0 0x0 0x0 0x0 0x0 0x0 0x0 0x0 0x9 0x1 0x0 oops 17 54 com/sun/org/apache/xerces/internal/impl/XMLDocumentFragmentScannerImpl$ElementStack 65 com/sun/org/apache/xerces/internal/impl/XMLEntityScanner 100 com/sun/org/apache/xerces/internal/impl/XMLNSDocumentScannerImpl 111 com/sun/org/apache/xerces/internal/util/NamespaceSupport 176 com/sun/org/apache/xerces/internal/util/XMLAttributesIteratorImpl 183 com/sun/org/apache/xerces/internal/impl/XMLNSDocumentScannerImpl 194 com/sun/org/apache/xerces/internal/impl/XMLNSDocumentScannerImpl 216 com/sun/org/apache/xerces/internal/util/XMLAttributesIteratorImpl 250 com/sun/org/apache/xerces/internal/impl/XMLNSDocumentScannerImpl 290 com/sun/org/apache/xerces/internal/util/NamespaceSupport 334 com/sun/org/apache/xerces/internal/util/XMLAttributesIteratorImpl 345 com/sun/org/apache/xerces/internal/util/XMLAttributesIteratorImpl 359 com/sun/org/apache/xerces/internal/util/NamespaceSupport 427 com/sun/org/apache/xerces/internal/util/XMLAttributesIteratorImpl 520 com/sun/org/apache/xerces/internal/jaxp/SAXParserImpl$JAXPSAXParser 527 com/sun/org/apache/xerces/internal/impl/XMLDocumentFragmentScannerImpl$ElementStack 552 com/sun/org/apache/xerces/internal/jaxp/SAXParserImpl$JAXPSAXParser methods 0
ciMethodData com/sun/org/apache/xerces/internal/impl/XMLDocumentFragmentScannerImpl$ElementStack nextElement ()Lcom/sun/org/apache/xerces/internal/xni/QName; 2 11474 orig 80 0 0 0 0 0 0 0 0 0 0 0 0 172 1 0 0 0 0 0 0 0 0 0 0 0 0 0 0 0 0 0 0 0 0 0 0 0 0 0 0 0 0 0 0 0 0 0 0 0 0 0 0 0 0 0 0 0 0 0 0 0 0 0 0 0 0 0 0 0 0 0 0 0 0 0 0 0 0 0 0 data 41 0x70007 0x2bd3 0x20 0x0 0x2e0007 0x2bd3 0xb0 0x0 0x470002 0x0 0x5a0007 0x0 0x80 0x0 0x660002 0x0 0x690004 0x0 0x0 0x0 0x0 0x0 0x0 0x6d0003 0x0 0xffffffffffffff98 0x0 0x0 0x0 0x0 0x0 0x0 0x0 0x0 0x0 0x0 0x0 0x0 0x9 0x1 0x0 oops 0 methods 0
ciMethodData com/sun/org/apache/xerces/internal/impl/XMLDocumentFragmentScannerImpl checkDepth (Ljava/lang/String;)V 2 11522 orig 80 0 0 0 0 0 0 0 0 0 0 0 0 172 1 0 0 0 0 0 0 0 0 0 0 0 0 0 0 0 0 0 0 0 0 0 0 0 0 0 0 0 0 0 0 0 0 0 0 0 0 0 0 0 0 0 0 0 0 0 0 0 0 0 0 0 0 0 0 0 0 0 0 0 0 0 0 0 0 0 0 data 89 0xf0005 0x2c03 0x0 0x0 0x0 0x0 0x0 0x1d0005 0x2c03 0x0 0x0 0x0 0x0 0x0 0x200007 0x2c03 0x200 0x0 0x2b0005 0x0 0x0 0x0 0x0 0x0 0x0 0x390004 0x0 0x0 0x0 0x0 0x0 0x0 0x430005 0x0 0x0 0x0 0x0 0x0 0x0 0x460002 0x0 0x490004 0x0 0x0 0x0 0x0 0x0 0x0 0x530005 0x0 0x0 0x0 0x0 0x0 0x0 0x560002 0x0 0x590004 0x0 0x0 0x0 0x0 0x0 0x0 0x5f0004 0x0 0x0 0x0 0x0 0x0 0x0 0x600005 0x0 0x0 0x0 0x0 0x0 0x0 0x0 0x0 0x0 0x0 0x0 0x0 0x0 0x9 0x2 0x0 0x0 oops 0 methods 0
ciMethodData com/sun/org/apache/xerces/internal/util/NamespaceSupport pushContext ()V 2 11537 orig 80 0 0 0 0 0 0 0 0 0 0 0 0 172 1 0 0 0 0 0 0 0 0 0 0 0 0 0 0 0 0 0 0 0 0 0 0 0 0 0 0 0 0 0 0 0 0 0 0 0 0 0 0 0 0 0 0 0 0 0 0 0 0 0 0 0 0 0 0 0 0 0 0 0 0 0 0 0 0 0 0 data 16 0xb0007 0x2c12 0x30 0x0 0x240002 0x0 0x0 0x0 0x0 0x0 0x0 0x0 0x0 0x9 0x1 0x0 oops 0 methods 0
ciMethodData com/sun/org/apache/xerces/internal/util/XMLAttributesIteratorImpl removeAllAttributes ()V 2 11544 orig 80 0 0 0 0 0 0 0 0 0 0 0 0 172 1 0 0 0 0 0 0 0 0 0 0 0 0 0 0 0 0 0 0 0 0 0 0 0 0 0 0 0 0 0 0 0 0 0 0 0 0 0 0 0 0 0 0 0 0 0 0 0 0 0 0 0 0 0 0 0 0 0 0 0 0 0 0 0 0 0 0 data 9 0x10002 0x2c19 0x0 0x0 0x0 0x0 0x9 0x1 0x0 oops 0 methods 0
ciMethodData com/sun/org/apache/xerces/internal/util/XMLAttributesImpl removeAllAttributes ()V 2 11545 orig 80 0 0 0 0 0 0 0 0 0 0 0 0 255 127 0 0 0 0 0 0 0 0 0 0 0 0 0 0 0 0 0 0 0 0 0 0 0 0 0 0 0 0 0 0 0 0 0 0 0 0 0 0 0 0 0 0 0 0 0 0 0 0 0 0 0 0 0 0 0 0 0 0 0 0 0 0 0 0 0 0 data 6 0x0 0x0 0x0 0x9 0x1 0x0 oops 0 methods 0
ciMethodData com/sun/org/apache/xerces/internal/utils/XMLSecurityManager isNoLimit (I)Z 2 4192 orig 80 0 0 0 0 0 0 0 0 0 0 0 0 172 1 0 0 0 0 0 0 0 0 0 0 0 0 0 0 0 0 0 0 0 0 0 0 0 0 0 0 0 0 0 0 0 0 0 0 0 0 0 0 0 0 0 0 0 0 0 0 0 0 0 0 0 0 0 0 0 0 0 0 0 0 0 0 0 0 0 0 data 12 0x10007 0xe7c 0x38 0x0 0x50003 0x0 0x18 0x0 0x9 0x2 0x0 0x0 oops 0 methods 0
ciMethodData com/sun/org/apache/xerces/internal/util/XMLAttributesImpl checkDuplicatesNS ()Lcom/sun/org/apache/xerces/internal/xni/QName; 2 8011 orig 80 0 0 0 0 0 0 0 0 0 0 0 0 172 1 0 0 0 0 0 0 0 0 0 0 0 0 0 0 0 0 0 0 0 0 0 0 0 0 0 0 0 0 0 0 0 0 0 0 0 0 0 0 0 0 0 0 0 0 0 0 0 0 0 0 0 0 0 0 0 0 0 0 0 0 0 0 0 0 0 0 data 42 0x80007 0x0 0xd0 0x117 0x160007 0x117 0xb0 0x364 0x260007 0x364 0x78 0x1235 0x3f0007 0x1235 0x40 0x0 0x520007 0x0 0x20 0x0 0x5e0003 0x1235 0xffffffffffffffa0 0x640003 0x364 0xffffffffffffff68 0x6a0005 0x0 0x0 0x0 0x0 0x0 0x0 0x0 0x0 0x0 0x0 0x0 0x0 0x9 0x1 0x0 oops 0 methods 0
ciMethodData com/sun/org/apache/xerces/internal/impl/XMLDocumentFragmentScannerImpl$ElementStack popElement ()Lcom/sun/org/apache/xerces/internal/xni/QName; 2 11338 orig 80 0 0 0 0 0 0 0 0 0 0 0 0 172 1 0 0 0 0 0 0 0 0 0 0 0 0 0 0 0 0 0 0 0 0 0 0 0 0 0 0 0 0 0 0 0 0 0 0 0 0 0 0 0 0 0 0 0 0 0 0 0 0 0 0 0 0 0 0 0 0 0 0 0 0 0 0 0 0 0 0 data 17 0x70007 0x0 0x40 0x2b4c 0x110007 0x2b4c 0x20 0x0 0x0 0x0 0x0 0x0 0x0 0x0 0x9 0x1 0x0 oops 0 methods 0
ciMethodData com/sun/org/apache/xerces/internal/parsers/AbstractSAXParser startElement (Lcom/sun/org/apache/xerces/internal/xni/QName;Lcom/sun/org/apache/xerces/internal/xni/XMLAttributes;Lcom/sun/org/apache/xerces/internal/xni/Augmentations;)V 2 11746 orig 80 0 0 0 0 0 0 0 0 0 0 0 0 248 127 0 0 0 0 0 0 0 0 0 0 0 0 0 0 0 0 0 0 0 0 0 0 0 0 0 0 0 0 0 0 0 0 0 0 0 0 0 0 0 0 0 0 0 0 0 0 0 0 0 0 0 0 0 0 0 0 0 0 0 0 0 0 0 0 0 0 data 169 0x40007 0x2ce1 0x90 0x0 0xc0005 0x0 0x0 0x0 0x0 0x0 0x0 0x1b0005 0x0 0x0 0x0 0x0 0x0 0x0 0x240007 0x0 0x3b8 0x2ce1 0x2b0007 0x0 0x2b8 0x2ce1 0x2f0005 0x2ce1 0x0 0x0 0x0 0x0 0x0 0x330005 0x0 0x0 0x1ace3ab6460 0x2ce1 0x0 0x0 0x3e0007 0x0 0x120 0x2ce1 0x490007 0x2ce1 0xe8 0xe98 0x530005 0x0 0x0 0x1ace3ab6460 0xe98 0x0 0x0 0x620007 0x2ef 0x40 0xba9 0x6f0007 0xba9 0x58 0x0 0x750005 0x0 0x0 0x1ace3ab6460 0x2ef 0x0 0x0 0x7d0003 0xe98 0xffffffffffffff30 0x800003 0x2ce1 0x120 0x870007 0x0 0x108 0x0 0x920007 0x0 0xe8 0x0 0x9c0005 0x0 0x0 0x0 0x0 0x0 0x0 0xab0007 0x0 0x40 0x0 0xb80007 0x0 0x58 0x0 0xdd0005 0x0 0x0 0x0 0x0 0x0 0x0 0xe50003 0x0 0xffffffffffffff30 0xf10007 0x2ca9 0x38 0x38 0xf80003 0x38 0x18 0x1030007 0x0 0x38 0x2ce1 0x10a0003 0x2ce1 0x18 0x1160005 0x2ce1 0x0 0x0 0x0 0x0 0x0 0x1290005 0x0 0x0 0x1ace31f2cc0 0x2ce1 0x0 0x0 0x12e0003 0x2ce0 0x28 0x1390002 0x0 0x0 0x0 0x0 0x0 0x0 0x0 0x0 0x0 0x0 0x0 0x0 0x0 0x0 0x0 0x0 0x0 0x0 0x0 0x0 0x0 0x0 0x9 0x4 0x0 0x0 0x0 0x0 oops 4 36 com/sun/org/apache/xerces/internal/util/XMLAttributesIteratorImpl 51 com/sun/org/apache/xerces/internal/util/XMLAttributesIteratorImpl 66 com/sun/org/apache/xerces/internal/util/XMLAttributesIteratorImpl 133 com/android/repository/impl/meta/SchemaModuleUtil$NamespaceFallbackFilter methods 0
ciMethodData com/sun/org/apache/xerces/internal/parsers/AbstractSAXParser startNamespaceMapping ()V 2 11764 orig 80 0 0 0 0 0 0 0 0 0 0 0 0 8 0 0 0 0 0 0 0 0 0 0 0 0 0 0 0 0 0 0 0 0 0 0 0 0 0 0 0 0 0 0 0 0 0 0 0 0 0 0 0 0 0 0 0 0 0 0 0 0 0 0 0 0 0 0 0 0 0 0 0 0 0 0 0 0 0 0 0 data 55 0x40005 0x0 0x0 0x1ace3ab63b0 0x2cf4 0x0 0x0 0xb0007 0x2c8a 0x138 0x6a 0x180007 0x6a 0x118 0x2ef 0x210005 0x0 0x0 0x1ace3ab63b0 0x2ef 0x0 0x0 0x2c0005 0x0 0x0 0x1ace3ab63b0 0x2ef 0x0 0x0 0x380007 0x2ef 0x38 0x0 0x3d0003 0x0 0x18 0x410005 0x0 0x0 0x1ace31f2cc0 0x2ef 0x0 0x0 0x490003 0x2ef 0xffffffffffffff00 0x0 0x0 0x0 0x0 0x0 0x0 0x9 0x1 0x0 oops 4 3 com/sun/org/apache/xerces/internal/util/NamespaceSupport 18 com/sun/org/apache/xerces/internal/util/NamespaceSupport 25 com/sun/org/apache/xerces/internal/util/NamespaceSupport 39 com/android/repository/impl/meta/SchemaModuleUtil$NamespaceFallbackFilter methods 0
ciMethodData com/sun/org/apache/xerces/internal/util/XMLAttributesImpl removeAttributeAt (I)V 1 1092 orig 80 0 0 0 0 0 0 0 0 0 0 0 0 172 1 0 0 0 0 0 0 0 0 0 0 0 0 0 0 0 0 0 0 0 0 0 0 0 0 0 0 0 0 0 0 0 0 0 0 0 0 0 0 0 0 0 0 0 0 0 0 0 0 0 0 0 0 0 0 0 0 0 0 0 0 0 0 0 0 0 0 data 23 0xc0007 0x2bd 0x68 0x32 0x2a0002 0x32 0x380004 0x0 0x0 0x1ace3aef400 0x32 0x0 0x0 0x0 0x0 0x0 0x0 0x0 0x0 0x9 0x2 0x0 0x0 oops 1 9 com/sun/org/apache/xerces/internal/util/XMLAttributesImpl$Attribute methods 0
ciMethodData org/xml/sax/helpers/AttributesImpl <init> (Lorg/xml/sax/Attributes;)V 2 11997 orig 80 0 0 0 0 0 0 0 0 0 0 0 0 172 1 0 0 0 0 0 0 0 0 0 0 0 0 0 0 0 0 0 0 0 0 0 0 0 0 0 0 0 0 0 0 0 0 0 0 0 0 0 0 0 0 0 0 0 0 0 0 0 0 0 0 0 0 0 0 0 0 0 0 0 0 0 0 0 0 0 0 data 19 0x10002 0x2ddd 0x60005 0x0 0x0 0x1ace37bc540 0x2ddd 0x0 0x0 0x0 0x0 0x0 0x0 0x0 0x0 0x9 0x2 0x0 0x0 oops 1 5 org/xml/sax/helpers/AttributesImpl methods 0
ciMethodData org/xml/sax/helpers/AttributesImpl setAttributes (Lorg/xml/sax/Attributes;)V 2 11997 orig 80 0 0 0 0 0 0 0 0 0 0 0 0 172 1 0 0 0 0 0 0 0 0 0 0 0 0 0 0 0 0 0 0 0 0 0 0 0 0 0 0 0 0 0 0 0 0 0 0 0 0 0 0 0 0 0 0 0 0 0 0 0 0 0 0 0 0 0 0 0 0 0 0 0 0 0 0 0 0 0 0 data 105 0x10005 0x0 0x0 0x1ace37bc540 0x2ddd 0x0 0x0 0x60005 0x0 0x0 0x1ace30d68a0 0x2ddd 0x0 0x0 0x120007 0x22ad 0x288 0xb30 0x290007 0xb30 0x268 0xbdc 0x350005 0x0 0x0 0x1ace30d68a0 0xbdc 0x0 0x0 0x3a0004 0x0 0x0 0x1ace05d77f0 0xbdc 0x0 0x0 0x460005 0x0 0x0 0x1ace30d68a0 0xbdc 0x0 0x0 0x4b0004 0x0 0x0 0x1ace05d77f0 0xbdc 0x0 0x0 0x570005 0x0 0x0 0x1ace30d68a0 0xbdc 0x0 0x0 0x5c0004 0x0 0x0 0x1ace05d77f0 0xbdc 0x0 0x0 0x680005 0x0 0x0 0x1ace30d68a0 0xbdc 0x0 0x0 0x6d0004 0x0 0x0 0x1ace05d77f0 0xbdc 0x0 0x0 0x790005 0x0 0x0 0x1ace30d68a0 0xbdc 0x0 0x0 0x7e0004 0x0 0x0 0x1ace05d77f0 0xbdc 0x0 0x0 0x820003 0xbdc 0xfffffffffffffdb0 0x0 0x0 0x0 0x0 0x0 0x0 0x9 0x2 0x0 0x0 oops 12 3 org/xml/sax/helpers/AttributesImpl 10 com/sun/org/apache/xerces/internal/parsers/AbstractSAXParser$AttributesProxy 25 com/sun/org/apache/xerces/internal/parsers/AbstractSAXParser$AttributesProxy 32 java/lang/String 39 com/sun/org/apache/xerces/internal/parsers/AbstractSAXParser$AttributesProxy 46 java/lang/String 53 com/sun/org/apache/xerces/internal/parsers/AbstractSAXParser$AttributesProxy 60 java/lang/String 67 com/sun/org/apache/xerces/internal/parsers/AbstractSAXParser$AttributesProxy 74 java/lang/String 81 com/sun/org/apache/xerces/internal/parsers/AbstractSAXParser$AttributesProxy 88 java/lang/String methods 0
ciMethodData org/xml/sax/helpers/XMLFilterImpl startElement (Ljava/lang/String;Ljava/lang/String;Ljava/lang/String;Lorg/xml/sax/Attributes;)V 2 12027 orig 80 0 0 0 0 0 0 0 0 0 0 0 0 172 1 0 0 0 0 0 0 0 0 0 0 0 0 0 0 0 0 0 0 0 0 0 0 0 0 0 0 0 0 0 0 0 0 0 0 0 0 0 0 0 0 0 0 0 0 0 0 0 0 0 0 0 0 0 0 0 0 0 0 0 0 0 0 0 0 0 0 data 24 0x40007 0x0 0x58 0x2dfb 0x100005 0x0 0x0 0x1ace37b8d50 0x2dfb 0x0 0x0 0x0 0x0 0x0 0x0 0x0 0x0 0x9 0x5 0x0 0x0 0x0 0x0 0x0 oops 1 7 com/sun/xml/bind/v2/runtime/unmarshaller/SAXConnector methods 0
ciMethodData com/sun/org/apache/xerces/internal/parsers/AbstractSAXParser endElement (Lcom/sun/org/apache/xerces/internal/xni/QName;Lcom/sun/org/apache/xerces/internal/xni/Augmentations;)V 2 11938 orig 80 0 0 0 0 0 0 0 0 0 0 0 0 248 127 0 0 0 0 0 0 0 0 0 0 0 0 0 0 0 0 0 0 0 0 0 0 0 0 0 0 0 0 0 0 0 0 0 0 0 0 0 0 0 0 0 0 0 0 0 0 0 0 0 0 0 0 0 0 0 0 0 0 0 0 0 0 0 0 0 0 data 64 0x40007 0x2da2 0x58 0x0 0xf0005 0x0 0x0 0x0 0x0 0x0 0x0 0x180007 0x0 0x120 0x2da2 0x240007 0x2d6b 0x38 0x37 0x2b0003 0x37 0x18 0x350007 0x0 0x38 0x2da2 0x3c0003 0x2da2 0x18 0x4e0005 0x0 0x0 0x1ace31f2cc0 0x2da2 0x0 0x0 0x570007 0x0 0x58 0x2da1 0x5b0005 0x2da1 0x0 0x0 0x0 0x0 0x0 0x5e0003 0x2da1 0x28 0x670002 0x0 0x0 0x0 0x0 0x0 0x0 0x0 0x0 0x9 0x3 0xffffffffffffffff 0xffffffffffffffff 0xffffffffffffffff oops 1 32 com/android/repository/impl/meta/SchemaModuleUtil$NamespaceFallbackFilter methods 0
ciMethodData com/sun/org/apache/xerces/internal/parsers/AbstractSAXParser endNamespaceMapping ()V 2 11937 orig 80 0 0 0 0 0 0 0 0 0 0 0 0 172 1 0 0 0 0 0 0 0 0 0 0 0 0 0 0 0 0 0 0 0 0 0 0 0 0 0 0 0 0 0 0 0 0 0 0 0 0 0 0 0 0 0 0 0 0 0 0 0 0 0 0 0 0 0 0 0 0 0 0 0 0 0 0 0 0 0 0 data 41 0x40005 0x0 0x0 0x1ace3ab63b0 0x2da1 0x0 0x0 0xb0007 0x2d38 0xc8 0x69 0x120007 0x69 0xa8 0x2f9 0x1e0005 0x0 0x0 0x1ace3ab63b0 0x2f9 0x0 0x0 0x230005 0x0 0x0 0x1ace31f2cc0 0x2f9 0x0 0x0 0x2b0003 0x2f9 0xffffffffffffff70 0x0 0x0 0x0 0x0 0x0 0x0 0x9 0x1 0x0 oops 3 3 com/sun/org/apache/xerces/internal/util/NamespaceSupport 18 com/sun/org/apache/xerces/internal/util/NamespaceSupport 25 com/android/repository/impl/meta/SchemaModuleUtil$NamespaceFallbackFilter methods 0
ciMethodData org/xml/sax/helpers/XMLFilterImpl startPrefixMapping (Ljava/lang/String;Ljava/lang/String;)V 1 1092 orig 80 0 0 0 0 0 0 0 0 0 0 0 0 172 1 0 0 0 0 0 0 0 0 0 0 0 0 0 0 0 0 0 0 0 0 0 0 0 0 0 0 0 0 0 0 0 0 0 0 0 0 0 0 0 0 0 0 0 0 0 0 0 0 0 0 0 0 0 0 0 0 0 0 0 0 0 0 0 0 0 0 data 22 0x40007 0x0 0x58 0x2c2 0xd0005 0x0 0x0 0x1ace37b8d50 0x2c2 0x0 0x0 0x0 0x0 0x0 0x0 0x0 0x0 0x9 0x3 0x0 0x0 0x0 oops 1 7 com/sun/xml/bind/v2/runtime/unmarshaller/SAXConnector methods 0
ciMethodData com/sun/org/apache/xerces/internal/xni/XMLString toString ()Ljava/lang/String; 2 3415 orig 80 0 0 0 0 0 0 0 0 0 0 0 0 248 127 0 0 0 0 0 0 0 0 0 0 0 0 0 0 0 0 0 0 0 0 0 0 0 0 0 0 0 0 0 0 0 0 0 0 0 0 0 0 0 0 0 0 0 0 0 0 0 0 0 0 0 0 0 0 0 0 0 0 0 0 0 0 0 0 0 0 data 16 0x40007 0x0 0x48 0xc57 0x170002 0xc57 0x1a0003 0xc57 0x18 0x0 0x0 0x0 0x0 0x9 0x1 0x0 oops 0 methods 0
ciMethodData java/lang/NumberFormatException forInputString (Ljava/lang/String;I)Ljava/lang/NumberFormatException; 1 80 orig 80 0 0 0 0 0 0 0 0 0 0 0 0 172 1 0 0 0 0 0 0 0 0 0 0 0 0 0 0 0 0 0 0 0 0 0 0 0 0 0 0 0 0 0 0 0 0 0 0 0 0 0 0 0 0 0 0 0 0 0 0 0 0 0 0 0 0 0 0 0 0 0 0 0 0 0 0 0 0 0 0 data 79 0x80002 0x35 0xd0005 0x35 0x0 0x0 0x0 0x0 0x0 0x110005 0x35 0x0 0x0 0x0 0x0 0x0 0x160005 0x35 0x0 0x0 0x0 0x0 0x0 0x1c0007 0x0 0x38 0x35 0x210003 0x35 0xd0 0x280002 0x0 0x2d0005 0x0 0x0 0x0 0x0 0x0 0x0 0x310005 0x0 0x0 0x0 0x0 0x0 0x0 0x340005 0x0 0x0 0x0 0x0 0x0 0x0 0x370005 0x35 0x0 0x0 0x0 0x0 0x0 0x3a0005 0x35 0x0 0x0 0x0 0x0 0x0 0x3d0002 0x35 0x0 0x0 0x0 0x0 0x0 0x0 0x9 0x2 0x0 0x0 oops 0 methods 0
ciMethodData org/xml/sax/helpers/AttributesImpl clear ()V 2 11997 orig 80 0 0 0 0 0 0 0 0 0 0 0 0 255 127 0 0 0 0 0 0 0 0 0 0 0 0 0 0 0 0 0 0 0 0 0 0 0 0 0 0 0 0 0 0 0 0 0 0 0 0 0 0 0 0 0 0 0 0 0 0 0 0 0 0 0 0 0 0 0 0 0 0 0 0 0 0 0 0 0 0 data 27 0x40007 0x2d5d 0x90 0x0 0x100007 0x0 0x70 0x0 0x190004 0x0 0x0 0x0 0x0 0x0 0x0 0x1d0003 0x0 0xffffffffffffffa8 0x0 0x0 0x0 0x0 0x0 0x0 0x9 0x1 0x0 oops 0 methods 0
ciMethodData com/sun/org/apache/xerces/internal/parsers/AbstractSAXParser$AttributesProxy getLength ()I 2 11998 orig 80 0 0 0 0 0 0 0 0 0 0 0 0 248 127 0 0 0 0 0 0 0 0 0 0 0 0 0 0 0 0 0 0 0 0 0 0 0 0 0 0 0 0 0 0 0 0 0 0 0 0 0 0 0 0 0 0 0 0 0 0 0 0 0 0 0 0 0 0 0 0 0 0 0 0 0 0 0 0 0 0 data 16 0x40005 0x0 0x0 0x1ace3ab6460 0x2d5d 0x0 0x0 0x0 0x0 0x0 0x0 0x0 0x0 0x9 0x1 0x0 oops 1 3 com/sun/org/apache/xerces/internal/util/XMLAttributesIteratorImpl methods 0
ciMethodData com/sun/org/apache/xerces/internal/parsers/AbstractSAXParser$AttributesProxy getURI (I)Ljava/lang/String; 2 3182 orig 80 0 0 0 0 0 0 0 0 0 0 0 0 248 127 0 0 0 0 0 0 0 0 0 0 0 0 0 0 0 0 0 0 0 0 0 0 0 0 0 0 0 0 0 0 0 0 0 0 0 0 0 0 0 0 0 0 0 0 0 0 0 0 0 0 0 0 0 0 0 0 0 0 0 0 0 0 0 0 0 0 data 24 0x50005 0x0 0x0 0x1ace3ab6460 0xb6e 0x0 0x0 0xc0007 0x9b4 0x38 0x1ba 0x100003 0x1ba 0x18 0x0 0x0 0x0 0x0 0x0 0x0 0x9 0x2 0x0 0x0 oops 1 3 com/sun/org/apache/xerces/internal/util/XMLAttributesIteratorImpl methods 0
ciMethodData com/sun/org/apache/xerces/internal/util/XMLAttributesImpl getURI (I)Ljava/lang/String; 2 3182 orig 80 0 0 0 0 0 0 0 0 0 0 0 0 172 1 0 0 0 0 0 0 0 0 0 0 0 0 0 0 0 0 0 0 0 0 0 0 0 0 0 0 0 0 0 0 0 0 0 0 0 0 0 0 0 0 0 0 0 0 0 0 0 0 0 0 0 0 0 0 0 0 0 0 0 0 0 0 0 0 0 0 data 16 0x10007 0x0 0x40 0xb6e 0x90007 0xb6e 0x20 0x0 0x0 0x0 0x0 0x0 0x9 0x2 0x0 0x0 oops 0 methods 0
ciMethodData com/sun/org/apache/xerces/internal/util/XMLAttributesImpl getReportableType (Ljava/lang/String;)Ljava/lang/String; 2 3185 orig 80 0 0 0 0 0 0 0 0 0 0 0 0 248 127 0 0 0 0 0 0 0 0 0 0 0 0 0 0 0 0 0 0 0 0 0 0 0 0 0 0 0 0 0 0 0 0 0 0 0 0 0 0 0 0 0 0 0 0 0 0 0 0 0 0 0 0 0 0 0 0 0 0 0 0 0 0 0 0 0 0 data 21 0x20005 0xb6f 0x0 0x0 0x0 0x0 0x0 0x70007 0xb6f 0x20 0x0 0x0 0x0 0x0 0x0 0x0 0x0 0x9 0x2 0x0 0x0 oops 0 methods 0
ciMethodData com/sun/org/apache/xerces/internal/parsers/AbstractSAXParser$AttributesProxy getLocalName (I)Ljava/lang/String; 2 3183 orig 80 0 0 0 0 0 0 0 0 0 0 0 0 248 127 0 0 0 0 0 0 0 0 0 0 0 0 0 0 0 0 0 0 0 0 0 0 0 0 0 0 0 0 0 0 0 0 0 0 0 0 0 0 0 0 0 0 0 0 0 0 0 0 0 0 0 0 0 0 0 0 0 0 0 0 0 0 0 0 0 0 data 17 0x50005 0x0 0x0 0x1ace3ab6460 0xaef 0x0 0x0 0x0 0x0 0x0 0x0 0x0 0x0 0x9 0x2 0x0 0x0 oops 1 3 com/sun/org/apache/xerces/internal/util/XMLAttributesIteratorImpl methods 0
ciMethodData com/sun/org/apache/xerces/internal/util/XMLAttributesImpl getLocalName (I)Ljava/lang/String; 2 3183 orig 80 0 0 0 0 0 0 0 0 0 0 0 0 172 1 0 0 0 0 0 0 0 0 0 0 0 0 0 0 0 0 0 0 0 0 0 0 0 0 0 0 0 0 0 0 0 0 0 0 0 0 0 0 0 0 0 0 0 0 0 0 0 0 0 0 0 0 0 0 0 0 0 0 0 0 0 0 0 0 0 0 data 20 0x40007 0xaef 0x20 0x0 0xb0007 0x0 0x40 0xaef 0x130007 0xaef 0x20 0x0 0x0 0x0 0x0 0x0 0x9 0x2 0x0 0x0 oops 0 methods 0
ciMethodData com/sun/org/apache/xerces/internal/parsers/AbstractSAXParser$AttributesProxy getQName (I)Ljava/lang/String; 2 3185 orig 80 0 0 0 0 0 0 0 0 0 0 0 0 248 127 0 0 0 0 0 0 0 0 0 0 0 0 0 0 0 0 0 0 0 0 0 0 0 0 0 0 0 0 0 0 0 0 0 0 0 0 0 0 0 0 0 0 0 0 0 0 0 0 0 0 0 0 0 0 0 0 0 0 0 0 0 0 0 0 0 0 data 17 0x50005 0x0 0x0 0x1ace3ab6460 0xaf1 0x0 0x0 0x0 0x0 0x0 0x0 0x0 0x0 0x9 0x2 0x0 0x0 oops 1 3 com/sun/org/apache/xerces/internal/util/XMLAttributesIteratorImpl methods 0
ciMethodData com/sun/org/apache/xerces/internal/util/XMLAttributesImpl getQName (I)Ljava/lang/String; 2 3185 orig 80 0 0 0 0 0 0 0 0 0 0 0 0 172 1 0 0 0 0 0 0 0 0 0 0 0 0 0 0 0 0 0 0 0 0 0 0 0 0 0 0 0 0 0 0 0 0 0 0 0 0 0 0 0 0 0 0 0 0 0 0 0 0 0 0 0 0 0 0 0 0 0 0 0 0 0 0 0 0 0 0 data 25 0x10007 0x0 0x40 0xaf1 0x90007 0xaf1 0x20 0x0 0x1c0007 0x0 0x38 0xaf1 0x200003 0xaf1 0x18 0x0 0x0 0x0 0x0 0x0 0x0 0x9 0x2 0x0 0x0 oops 0 methods 0
ciMethodData com/sun/org/apache/xerces/internal/parsers/AbstractSAXParser$AttributesProxy getType (I)Ljava/lang/String; 2 3185 orig 80 0 0 0 0 0 0 0 0 0 0 0 0 248 127 0 0 0 0 0 0 0 0 0 0 0 0 0 0 0 0 0 0 0 0 0 0 0 0 0 0 0 0 0 0 0 0 0 0 0 0 0 0 0 0 0 0 0 0 0 0 0 0 0 0 0 0 0 0 0 0 0 0 0 0 0 0 0 0 0 0 data 17 0x50005 0x0 0x0 0x1ace3ab6460 0xaf1 0x0 0x0 0x0 0x0 0x0 0x0 0x0 0x0 0x9 0x2 0x0 0x0 oops 1 3 com/sun/org/apache/xerces/internal/util/XMLAttributesIteratorImpl methods 0
ciMethodData com/sun/org/apache/xerces/internal/util/XMLAttributesImpl getType (I)Ljava/lang/String; 2 3185 orig 80 0 0 0 0 0 0 0 0 0 0 0 0 172 1 0 0 0 0 0 0 0 0 0 0 0 0 0 0 0 0 0 0 0 0 0 0 0 0 0 0 0 0 0 0 0 0 0 0 0 0 0 0 0 0 0 0 0 0 0 0 0 0 0 0 0 0 0 0 0 0 0 0 0 0 0 0 0 0 0 0 data 25 0x10007 0x0 0x40 0xaf1 0x90007 0xaf1 0x20 0x0 0x180005 0xaf1 0x0 0x0 0x0 0x0 0x0 0x0 0x0 0x0 0x0 0x0 0x0 0x9 0x2 0x0 0x0 oops 0 methods 0
ciMethod com/android/repository/api/SchemaModule getNamespaceVersionMap ()Ljava/util/Map; 256 0 128 0 0
ciMethod com/android/repository/api/SchemaModule getLatestNamespace ()Ljava/lang/String; 0 0 1 0 0
ciMethod com/android/repository/api/SchemaModule$SchemaModuleVersion getNamespace ()Ljava/lang/String; 48 0 24 0 -1
ciMethod com/sun/xml/bind/unmarshaller/InfosetScanner getCurrentElement ()Ljava/lang/Object; 0 0 1 0 -1
ciMethod com/sun/xml/bind/WhiteSpaceProcessor isWhiteSpace (Ljava/lang/CharSequence;)Z 356 0 6602 0 -1
ciMethod com/sun/xml/bind/v2/runtime/unmarshaller/Loader startElement (Lcom/sun/xml/bind/v2/runtime/unmarshaller/UnmarshallingContext$State;Lcom/sun/xml/bind/v2/runtime/unmarshaller/TagName;)V 512 0 1523 0 -1
ciMethod com/sun/xml/bind/v2/runtime/unmarshaller/Loader childElement (Lcom/sun/xml/bind/v2/runtime/unmarshaller/UnmarshallingContext$State;Lcom/sun/xml/bind/v2/runtime/unmarshaller/TagName;)V 0 0 1 0 -1
ciMethod com/sun/xml/bind/v2/runtime/unmarshaller/XmlVisitor startElement (Lcom/sun/xml/bind/v2/runtime/unmarshaller/TagName;)V 0 0 1 0 -1
ciMethod com/sun/xml/bind/v2/runtime/unmarshaller/XmlVisitor text (Ljava/lang/CharSequence;)V 0 0 1 0 -1
ciMethod com/sun/xml/bind/v2/runtime/unmarshaller/XmlVisitor$TextPredictor expectText ()Z 0 0 1 0 -1
ciMethod com/sun/xml/bind/v2/runtime/unmarshaller/UnmarshallingContext getCurrentState ()Lcom/sun/xml/bind/v2/runtime/unmarshaller/UnmarshallingContext$State; 256 0 128 0 0
ciMethod com/sun/xml/bind/v2/runtime/unmarshaller/UnmarshallingContext startElement (Lcom/sun/xml/bind/v2/runtime/unmarshaller/TagName;)V 770 0 12027 0 0
ciMethod com/sun/xml/bind/v2/runtime/unmarshaller/UnmarshallingContext _startElement (Lcom/sun/xml/bind/v2/runtime/unmarshaller/TagName;)V 770 0 12027 0 -1
ciMethod com/sun/xml/bind/v2/runtime/Coordinator pushCoordinator ()V 774 0 33857 0 -1
ciMethod com/sun/xml/bind/v2/runtime/Coordinator popCoordinator ()V 774 0 31869 0 -1
ciMethod com/sun/xml/bind/v2/runtime/unmarshaller/UnmarshallingContext$State isMixed ()Z 256 0 128 0 0
ciMethod com/sun/xml/bind/v2/runtime/unmarshaller/UnmarshallingContext$State access$600 (Lcom/sun/xml/bind/v2/runtime/unmarshaller/UnmarshallingContext$State;)Lcom/sun/xml/bind/v2/runtime/unmarshaller/Loader; 262 0 131 0 -1
ciMethod com/sun/xml/bind/v2/runtime/unmarshaller/UnmarshallingContext$State access$1200 (Lcom/sun/xml/bind/v2/runtime/unmarshaller/UnmarshallingContext$State;)V 1024 0 12322 0 -1
ciMethod com/android/repository/impl/meta/SchemaModuleUtil$NamespaceFallbackFilter startPrefixMapping (Ljava/lang/String;Ljava/lang/String;)V 772 0 1092 0 0
ciMethod com/android/repository/impl/meta/SchemaModuleUtil$NamespaceFallbackFilter startElement (Ljava/lang/String;Ljava/lang/String;Ljava/lang/String;Lorg/xml/sax/Attributes;)V 512 0 11974 0 0
ciMethod com/sun/xml/bind/v2/runtime/unmarshaller/SAXConnector startElement (Ljava/lang/String;Ljava/lang/String;Ljava/lang/String;Lorg/xml/sax/Attributes;)V 770 0 12027 0 0
ciMethod com/sun/xml/bind/v2/runtime/unmarshaller/SAXConnector processText (Z)V 774 0 20381 0 7488
ciMethodData com/sun/xml/bind/v2/runtime/Coordinator pushCoordinator ()V 2 34448 orig 80 0 0 0 0 0 0 0 0 0 0 0 0 248 127 0 0 0 0 0 0 0 0 0 0 0 0 0 0 0 0 0 0 0 0 0 0 0 0 0 0 0 0 0 0 0 0 0 0 0 0 0 0 0 0 0 0 0 0 0 0 0 0 0 0 0 0 0 0 0 0 0 0 0 0 0 0 0 0 0 0 data 30 0x40005 0x0 0x0 0x1ace17db310 0x850d 0x0 0x0 0x70104 0x0 0x0 0x0 0x0 0x0 0x0 0x110005 0x0 0x0 0x1ace17db310 0x850d 0x0 0x0 0x0 0x0 0x0 0x0 0x0 0x0 0x9 0x1 0xffffffffffffffff oops 2 3 java/lang/ThreadLocal 17 java/lang/ThreadLocal methods 0
ciMethodData com/sun/xml/bind/v2/runtime/unmarshaller/SAXConnector processText (Z)V 2 20381 orig 80 0 0 0 0 0 0 0 0 0 0 0 0 0 0 0 0 0 0 0 0 0 0 0 0 0 0 0 0 0 0 0 0 0 0 0 0 0 0 0 0 0 0 0 0 0 0 0 0 0 0 0 0 0 0 0 0 0 0 0 0 0 0 0 0 0 0 0 0 0 0 0 0 0 0 0 0 0 0 0 0 data 45 0x40005 0x0 0x0 0x1ace2a4e870 0x4e1a 0x0 0x0 0x90007 0x3a 0xa8 0x4de0 0xd0007 0x270d 0x50 0x26d3 0x140002 0x26d3 0x170007 0x26d3 0x58 0x0 0x220005 0x0 0x0 0x1ace2a4e870 0x270d 0x0 0x0 0x2c0005 0x4e1a 0x0 0x0 0x0 0x0 0x0 0x0 0x0 0x0 0x0 0x0 0x0 0x9 0x2 0x0 0x0 oops 2 3 com/sun/xml/bind/v2/runtime/unmarshaller/UnmarshallingContext 24 com/sun/xml/bind/v2/runtime/unmarshaller/UnmarshallingContext methods 0
ciMethodData com/android/repository/impl/meta/SchemaModuleUtil$NamespaceFallbackFilter startElement (Ljava/lang/String;Ljava/lang/String;Ljava/lang/String;Lorg/xml/sax/Attributes;)V 2 11990 orig 80 0 0 0 0 0 0 0 0 0 0 0 0 248 127 0 0 0 0 0 0 0 0 0 0 0 0 0 0 0 0 0 0 0 0 0 0 0 0 0 0 0 0 0 0 0 0 0 0 0 0 0 0 0 0 0 0 0 0 0 0 0 0 0 0 0 0 0 0 0 0 0 0 0 0 0 0 0 0 0 0 data 50 0x60002 0x2dd6 0xf0007 0x2b4c 0x108 0x28a 0x130007 0x0 0xe8 0x28a 0x1b0005 0x0 0x0 0x1ace160fb70 0x28a 0x0 0x0 0x200007 0x28a 0x90 0x0 0x280005 0x0 0x0 0x0 0x0 0x0 0x0 0x2d0004 0x0 0x0 0x0 0x0 0x0 0x0 0x370002 0x2dd6 0x0 0x0 0x0 0x0 0x0 0x0 0x9 0x5 0x0 0x0 0x0 0x0 0x0 oops 1 13 java/util/HashMap methods 0
ciMethodData com/android/repository/impl/meta/SchemaModuleUtil$NamespaceFallbackFilter startPrefixMapping (Ljava/lang/String;Ljava/lang/String;)V 1 1092 orig 80 0 0 0 0 0 0 0 0 0 0 0 0 255 127 0 0 0 0 0 0 0 0 0 0 0 0 0 0 0 0 0 0 0 0 0 0 0 0 0 0 0 0 0 0 0 0 0 0 0 0 0 0 0 0 0 0 0 0 0 0 0 0 0 0 0 0 0 0 0 0 0 0 0 0 0 0 0 0 0 0 data 133 0x10007 0x0 0x3c0 0x2c2 0x70005 0x2c2 0x0 0x0 0x0 0x0 0x0 0xe0007 0x0 0x368 0x2c2 0x140005 0x2c2 0x0 0x0 0x0 0x0 0x0 0x1b0005 0x2c2 0x0 0x0 0x0 0x0 0x0 0x1e0002 0x2c2 0x290005 0x0 0x0 0x1ace160fb70 0x28c 0x0 0x0 0x2e0104 0x0 0x0 0x1ace2d62ff0 0x28a 0x0 0x0 0x350007 0x2 0x240 0x28a 0x3a0005 0x0 0x0 0x1ace2d62ff0 0x28a 0x0 0x0 0x3d0005 0x0 0x0 0x1ace160fb70 0x28a 0x0 0x0 0x440007 0x28a 0x1b0 0x0 0x490005 0x0 0x0 0x0 0x0 0x0 0x0 0x4c0005 0x0 0x0 0x0 0x0 0x0 0x0 0x540007 0x0 0xe8 0x0 0x610005 0x0 0x0 0x0 0x0 0x0 0x0 0x640005 0x0 0x0 0x0 0x0 0x0 0x0 0x6b000a 0x0 0x1 0x1ace05d77f0 0x700005 0x0 0x0 0x0 0x0 0x0 0x0 0x7c0005 0x0 0x0 0x0 0x0 0x0 0x0 0x850003 0x28c 0x18 0x8d0002 0x2c2 0x0 0x0 0x0 0x0 0x0 0x0 0x9 0x3 0x0 0x0 0x0 oops 5 34 java/util/HashMap 41 com/android/repository/api/SchemaModule 52 com/android/repository/api/SchemaModule 59 java/util/HashMap 102 java/lang/String methods 0
ciMethodData com/android/repository/api/SchemaModule getLatestNamespace ()Ljava/lang/String; 1 0 orig 80 0 0 0 0 0 0 0 0 0 0 0 0 172 1 0 0 0 0 0 0 0 0 0 0 0 0 0 0 0 0 0 0 0 0 0 0 0 0 0 0 0 0 0 0 0 0 0 0 0 0 0 0 0 0 0 0 0 0 0 0 0 0 0 0 0 0 0 0 0 0 0 0 0 0 0 0 0 0 0 0 data 16 0x40005 0x0 0x0 0x0 0x0 0x0 0x0 0x0 0x0 0x0 0x0 0x0 0x0 0x9 0x1 0x0 oops 0 methods 0
ciMethodData com/sun/xml/bind/v2/runtime/unmarshaller/SAXConnector startElement (Ljava/lang/String;Ljava/lang/String;Ljava/lang/String;Lorg/xml/sax/Attributes;)V 2 12027 orig 80 0 0 0 0 0 0 0 0 0 0 0 0 0 0 0 0 0 0 0 0 0 0 0 0 0 0 0 0 0 0 0 0 0 0 0 0 0 0 0 0 0 0 0 0 0 0 0 0 0 0 0 0 0 0 0 0 0 0 0 0 0 0 0 0 0 0 0 0 0 0 0 0 0 0 0 0 0 0 0 0 data 136 0x60005 0x0 0x0 0x1ace2a4cf30 0x2d7a 0x0 0x0 0x90007 0x2d7a 0x138 0x0 0x1b0004 0x0 0x0 0x0 0x0 0x0 0x0 0x1f0004 0x0 0x0 0x0 0x0 0x0 0x0 0x230004 0x0 0x0 0x0 0x0 0x0 0x0 0x280004 0x0 0x0 0x0 0x0 0x0 0x0 0x290005 0x0 0x0 0x0 0x0 0x0 0x0 0x2d0007 0x0 0x78 0x2d7a 0x310005 0x2d7a 0x0 0x0 0x0 0x0 0x0 0x340007 0x2d 0x20 0x2d4d 0x3b0007 0x0 0x78 0x2d7a 0x3f0005 0x2d7a 0x0 0x0 0x0 0x0 0x0 0x420007 0x2d7a 0x20 0x0 0x480007 0x0 0x78 0x2d7a 0x4c0005 0x2d7a 0x0 0x0 0x0 0x0 0x0 0x4f0007 0x2d7a 0x20 0x0 0x590005 0x2d7a 0x0 0x0 0x0 0x0 0x0 0x5c0005 0x2d7a 0x0 0x0 0x0 0x0 0x0 0x5f0007 0x0 0x38 0x2d7a 0x630003 0x2d7a 0x18 0x670002 0x2d7a 0x930005 0x0 0x0 0x1ace2a4e870 0x2d7a 0x0 0x0 0x0 0x0 0x0 0x0 0x0 0x0 0x0 0x0 0x9 0x5 0x0 0x0 0x0 0x0 0x0 oops 2 3 java/util/logging/Logger 117 com/sun/xml/bind/v2/runtime/unmarshaller/UnmarshallingContext methods 0
ciMethodData com/sun/xml/bind/v2/runtime/unmarshaller/UnmarshallingContext startElement (Lcom/sun/xml/bind/v2/runtime/unmarshaller/TagName;)V 2 12322 orig 80 0 0 0 0 0 0 0 0 0 0 0 0 172 1 0 0 0 0 0 0 0 0 0 0 0 0 0 0 0 0 0 0 0 0 0 0 0 0 0 0 0 0 0 0 0 0 0 0 0 0 0 0 0 0 0 0 0 0 0 0 0 0 0 0 0 0 0 0 0 0 0 0 0 0 0 0 0 0 0 0 data 36 0x10005 0x2ea1 0x0 0x0 0x0 0x0 0x0 0x60002 0x2ea1 0xa0005 0x2ea1 0x0 0x0 0x0 0x0 0x0 0xd0003 0x2ea1 0x50 0x120005 0x0 0x0 0x0 0x0 0x0 0x0 0x0 0x0 0x0 0x0 0x0 0x0 0x9 0x2 0xffffffffffffffff 0xffffffffffffffff oops 0 methods 0
ciMethodData com/sun/xml/bind/v2/runtime/unmarshaller/UnmarshallingContext _startElement (Lcom/sun/xml/bind/v2/runtime/unmarshaller/TagName;)V 2 12322 orig 80 0 0 0 0 0 0 0 0 0 0 0 0 172 1 0 0 0 0 0 0 0 0 0 0 0 0 0 0 0 0 0 0 0 0 0 0 0 0 0 0 0 0 0 0 0 0 0 0 0 0 0 0 0 0 0 0 0 0 0 0 0 0 0 0 0 0 0 0 0 0 0 0 0 0 0 0 0 0 0 0 data 53 0x40007 0x2ea1 0x58 0x0 0xc0005 0x0 0x0 0x0 0x0 0x0 0x0 0x180002 0x2ea1 0x200002 0x2ea1 0x290005 0x0 0x0 0x1ace17dbe60 0x2e73 0x1ace17dbf10 0x2e 0x2f0007 0x2ea1 0x60 0x0 0x360002 0x0 0x390007 0x0 0x30 0x0 0x400002 0x0 0x480002 0x2ea1 0x500005 0x1942 0x0 0x1ace17dbe60 0x13aa 0x1ace17dbfc0 0x1b5 0x0 0x0 0x0 0x0 0x0 0x0 0x9 0x2 0x200 0xffffffffffffffff oops 4 18 com/sun/xml/bind/v2/runtime/unmarshaller/StructureLoader 20 com/sun/xml/bind/v2/runtime/unmarshaller/UnmarshallingContext$DefaultRootLoader 39 com/sun/xml/bind/v2/runtime/unmarshaller/StructureLoader 41 com/sun/xml/bind/v2/runtime/unmarshaller/XsiTypeLoader methods 0
ciMethodData com/sun/org/apache/xerces/internal/parsers/AbstractSAXParser$AttributesProxy getValue (I)Ljava/lang/String; 2 3185 orig 80 0 0 0 0 0 0 0 0 0 0 0 0 255 127 0 0 0 0 0 0 0 0 0 0 0 0 0 0 0 0 0 0 0 0 0 0 0 0 0 0 0 0 0 0 0 0 0 0 0 0 0 0 0 0 0 0 0 0 0 0 0 0 0 0 0 0 0 0 0 0 0 0 0 0 0 0 0 0 0 0 data 17 0x50005 0x0 0x0 0x1ace3ab6460 0xa72 0x0 0x0 0x0 0x0 0x0 0x0 0x0 0x0 0x9 0x2 0x0 0x0 oops 1 3 com/sun/org/apache/xerces/internal/util/XMLAttributesIteratorImpl methods 0
ciMethodData com/sun/org/apache/xerces/internal/parsers/AbstractXMLDocumentParser emptyElement (Lcom/sun/org/apache/xerces/internal/xni/QName;Lcom/sun/org/apache/xerces/internal/xni/XMLAttributes;Lcom/sun/org/apache/xerces/internal/xni/Augmentations;)V 1 1118 orig 80 0 0 0 0 0 0 0 0 0 0 0 0 248 127 0 0 0 0 0 0 0 0 0 0 0 0 0 0 0 0 0 0 0 0 0 0 0 0 0 0 0 0 0 0 0 0 0 0 0 0 0 0 0 0 0 0 0 0 0 0 0 0 0 0 0 0 0 0 0 0 0 0 0 0 0 0 0 0 0 0 data 26 0x40005 0x0 0x0 0x1ace3ab6510 0x35e 0x0 0x0 0xa0005 0x0 0x0 0x1ace3ab6510 0x35e 0x0 0x0 0x0 0x0 0x0 0x0 0x0 0x0 0x9 0x4 0x0 0x0 0x0 0x0 oops 2 3 com/sun/org/apache/xerces/internal/jaxp/SAXParserImpl$JAXPSAXParser 10 com/sun/org/apache/xerces/internal/jaxp/SAXParserImpl$JAXPSAXParser methods 0
compile com/sun/org/apache/xerces/internal/impl/XMLNSDocumentScannerImpl scanStartElement ()Z -1 4 inline 149 0 -1 com/sun/org/apache/xerces/internal/impl/XMLNSDocumentScannerImpl scanStartElement ()Z 1 85 com/sun/org/apache/xerces/internal/impl/XMLDocumentFragmentScannerImpl$ElementStack nextElement ()Lcom/sun/org/apache/xerces/internal/xni/QName; 1 175 com/sun/org/apache/xerces/internal/impl/XMLDocumentFragmentScannerImpl checkDepth (Ljava/lang/String;)V 2 15 com/sun/org/apache/xerces/internal/utils/XMLLimitAnalyzer addValue (Lcom/sun/org/apache/xerces/internal/utils/XMLSecurityManager$Limit;Ljava/lang/String;I)V 3 2 java/lang/Enum ordinal ()I 3 7 com/sun/org/apache/xerces/internal/utils/XMLLimitAnalyzer addValue (ILjava/lang/String;I)V 4 4 java/lang/Enum ordinal ()I 4 14 java/lang/Enum ordinal ()I 4 24 java/lang/Enum ordinal ()I 4 34 java/lang/Enum ordinal ()I 4 44 java/lang/Enum ordinal ()I 4 65 java/lang/Enum ordinal ()I 2 29 com/sun/org/apache/xerces/internal/utils/XMLSecurityManager isOverLimit (Lcom/sun/org/apache/xerces/internal/utils/XMLSecurityManager$Limit;Lcom/sun/org/apache/xerces/internal/utils/XMLLimitAnalyzer;)Z 3 2 java/lang/Enum ordinal ()I 3 6 com/sun/org/apache/xerces/internal/utils/XMLSecurityManager isOverLimit (ILcom/sun/org/apache/xerces/internal/utils/XMLLimitAnalyzer;)Z 4 15 java/lang/Enum ordinal ()I 4 25 java/lang/Enum ordinal ()I 4 35 java/lang/Enum ordinal ()I 4 45 java/lang/Enum ordinal ()I 4 55 java/lang/Enum ordinal ()I 4 73 com/sun/org/apache/xerces/internal/utils/XMLLimitAnalyzer getTotalValue (I)I 1 189 com/sun/org/apache/xerces/internal/util/NamespaceSupport pushContext ()V 1 286 com/sun/org/apache/xerces/internal/util/XMLAttributesIteratorImpl removeAllAttributes ()V 2 1 com/sun/org/apache/xerces/internal/util/XMLAttributesImpl removeAllAttributes ()V 1 290 com/sun/org/apache/xerces/internal/impl/XMLDocumentFragmentScannerImpl seekCloseOfStartTag ()Z 2 12 com/sun/org/apache/xerces/internal/impl/XMLEntityScanner peekChar ()I 2 27 com/sun/org/apache/xerces/internal/impl/XMLEntityScanner scanChar (Lcom/sun/org/apache/xerces/internal/impl/XMLScanner$NameType;)I 3 260 com/sun/org/apache/xerces/internal/impl/XMLEntityScanner checkEntityLimit (Lcom/sun/org/apache/xerces/internal/impl/XMLScanner$NameType;Lcom/sun/xml/internal/stream/Entity$ScannedEntity;II)V 2 44 com/sun/org/apache/xerces/internal/impl/XMLEntityScanner scanChar (Lcom/sun/org/apache/xerces/internal/impl/XMLScanner$NameType;)I 3 260 com/sun/org/apache/xerces/internal/impl/XMLEntityScanner checkEntityLimit (Lcom/sun/org/apache/xerces/internal/impl/XMLScanner$NameType;Lcom/sun/xml/internal/stream/Entity$ScannedEntity;II)V 2 57 com/sun/org/apache/xerces/internal/impl/XMLEntityScanner skipChar (ILcom/sun/org/apache/xerces/internal/impl/XMLScanner$NameType;)Z 3 135 com/sun/org/apache/xerces/internal/impl/XMLEntityScanner checkEntityLimit (Lcom/sun/org/apache/xerces/internal/impl/XMLScanner$NameType;Lcom/sun/xml/internal/stream/Entity$ScannedEntity;II)V 2 93 com/sun/org/apache/xerces/internal/impl/XMLScanner isValidNameStartChar (I)Z 3 1 com/sun/org/apache/xerces/internal/util/XMLChar isNameStart (I)Z 1 344 com/sun/org/apache/xerces/internal/utils/XMLSecurityManager isNoLimit (I)Z 1 354 com/sun/org/apache/xerces/internal/util/XMLAttributesImpl getLength ()I 1 396 com/sun/org/apache/xerces/internal/impl/XMLDocumentFragmentScannerImpl seekCloseOfStartTag ()Z 2 12 com/sun/org/apache/xerces/internal/impl/XMLEntityScanner peekChar ()I 2 27 com/sun/org/apache/xerces/internal/impl/XMLEntityScanner scanChar (Lcom/sun/org/apache/xerces/internal/impl/XMLScanner$NameType;)I 3 260 com/sun/org/apache/xerces/internal/impl/XMLEntityScanner checkEntityLimit (Lcom/sun/org/apache/xerces/internal/impl/XMLScanner$NameType;Lcom/sun/xml/internal/stream/Entity$ScannedEntity;II)V 2 44 com/sun/org/apache/xerces/internal/impl/XMLEntityScanner scanChar (Lcom/sun/org/apache/xerces/internal/impl/XMLScanner$NameType;)I 3 260 com/sun/org/apache/xerces/internal/impl/XMLEntityScanner checkEntityLimit (Lcom/sun/org/apache/xerces/internal/impl/XMLScanner$NameType;Lcom/sun/xml/internal/stream/Entity$ScannedEntity;II)V 2 57 com/sun/org/apache/xerces/internal/impl/XMLEntityScanner skipChar (ILcom/sun/org/apache/xerces/internal/impl/XMLScanner$NameType;)Z 3 135 com/sun/org/apache/xerces/internal/impl/XMLEntityScanner checkEntityLimit (Lcom/sun/org/apache/xerces/internal/impl/XMLScanner$NameType;Lcom/sun/xml/internal/stream/Entity$ScannedEntity;II)V 2 93 com/sun/org/apache/xerces/internal/impl/XMLScanner isValidNameStartChar (I)Z 3 1 com/sun/org/apache/xerces/internal/util/XMLChar isNameStart (I)Z 1 487 com/sun/org/apache/xerces/internal/util/NamespaceSupport getURI (Ljava/lang/String;)Ljava/lang/String; 1 601 com/sun/org/apache/xerces/internal/util/XMLAttributesImpl getLength ()I 1 624 com/sun/org/apache/xerces/internal/util/XMLAttributesImpl getName (ILcom/sun/org/apache/xerces/internal/xni/QName;)V 2 10 com/sun/org/apache/xerces/internal/xni/QName setValues (Lcom/sun/org/apache/xerces/internal/xni/QName;)V 1 658 com/sun/org/apache/xerces/internal/util/NamespaceSupport getURI (Ljava/lang/String;)Ljava/lang/String; 1 781 com/sun/org/apache/xerces/internal/util/XMLAttributesImpl checkDuplicatesNS ()Lcom/sun/org/apache/xerces/internal/xni/QName; 1 958 com/sun/org/apache/xerces/internal/parsers/AbstractXMLDocumentParser emptyElement (Lcom/sun/org/apache/xerces/internal/xni/QName;Lcom/sun/org/apache/xerces/internal/xni/XMLAttributes;Lcom/sun/org/apache/xerces/internal/xni/Augmentations;)V 1 972 com/sun/org/apache/xerces/internal/impl/XMLDocumentFragmentScannerImpl$ElementStack popElement ()Lcom/sun/org/apache/xerces/internal/xni/QName; 1 1021 com/sun/org/apache/xerces/internal/parsers/AbstractSAXParser startElement (Lcom/sun/org/apache/xerces/internal/xni/QName;Lcom/sun/org/apache/xerces/internal/xni/XMLAttributes;Lcom/sun/org/apache/xerces/internal/xni/Augmentations;)V 2 47 com/sun/org/apache/xerces/internal/parsers/AbstractSAXParser startNamespaceMapping ()V 3 4 com/sun/org/apache/xerces/internal/util/NamespaceSupport getDeclaredPrefixCount ()I 3 33 com/sun/org/apache/xerces/internal/util/NamespaceSupport getDeclaredPrefixAt (I)Ljava/lang/String; 3 44 com/sun/org/apache/xerces/internal/util/NamespaceSupport getURI (Ljava/lang/String;)Ljava/lang/String; 3 65 com/android/repository/impl/meta/SchemaModuleUtil$NamespaceFallbackFilter startPrefixMapping (Ljava/lang/String;Ljava/lang/String;)V 4 7 java/lang/String lastIndexOf (I)I 5 3 java/lang/String length ()I 6 6 java/lang/String coder ()B 5 8 java/lang/String lastIndexOf (II)I 6 1 java/lang/String isLatin1 ()Z 6 13 java/lang/StringLatin1 lastIndexOf ([BII)I 7 1 java/lang/StringLatin1 canEncode (I)Z 4 30 java/lang/Integer parseInt (Ljava/lang/String;)I 5 3 java/lang/Integer parseInt (Ljava/lang/String;I)I 6 94 java/lang/String length ()I 7 6 java/lang/String coder ()B 6 110 java/lang/String charAt (I)C 7 1 java/lang/String isLatin1 ()Z 7 12 java/lang/StringLatin1 charAt ([BI)C 7 21 java/lang/StringUTF16 charAt ([BI)C 8 2 java/lang/StringUTF16 checkIndex (I[B)V 9 2 java/lang/StringUTF16 length ([B)I 9 5 java/lang/String checkIndex (II)V 6 186 java/lang/String charAt (I)C 7 1 java/lang/String isLatin1 ()Z 7 12 java/lang/StringLatin1 charAt ([BI)C 7 21 java/lang/StringUTF16 charAt ([BI)C 8 2 java/lang/StringUTF16 checkIndex (I[B)V 9 2 java/lang/StringUTF16 length ([B)I 9 5 java/lang/String checkIndex (II)V 6 190 java/lang/Character digit (CI)I 7 2 java/lang/Character digit (II)I 8 1 java/lang/CharacterData of (I)Ljava/lang/CharacterData; 8 6 java/lang/CharacterDataLatin1 digit (II)I 4 58 com/android/repository/api/SchemaModule getNamespaceVersionMap ()Ljava/util/Map; 4 97 com/android/repository/api/SchemaModule getNamespaceVersionMap ()Ljava/util/Map; 4 141 org/xml/sax/helpers/XMLFilterImpl startPrefixMapping (Ljava/lang/String;Ljava/lang/String;)V 2 51 com/sun/org/apache/xerces/internal/util/XMLAttributesImpl getLength ()I 2 83 com/sun/org/apache/xerces/internal/util/XMLAttributesImpl getName (ILcom/sun/org/apache/xerces/internal/xni/QName;)V 3 10 com/sun/org/apache/xerces/internal/xni/QName setValues (Lcom/sun/org/apache/xerces/internal/xni/QName;)V 2 117 com/sun/org/apache/xerces/internal/util/XMLAttributesImpl removeAttributeAt (I)V 2 278 com/sun/org/apache/xerces/internal/parsers/AbstractSAXParser$AttributesProxy setAttributes (Lcom/sun/org/apache/xerces/internal/xni/XMLAttributes;)V 2 297 com/android/repository/impl/meta/SchemaModuleUtil$NamespaceFallbackFilter startElement (Ljava/lang/String;Ljava/lang/String;Ljava/lang/String;Lorg/xml/sax/Attributes;)V 3 6 org/xml/sax/helpers/AttributesImpl <init> (Lorg/xml/sax/Attributes;)V 4 1 java/lang/Object <init> ()V 4 6 org/xml/sax/helpers/AttributesImpl setAttributes (Lorg/xml/sax/Attributes;)V 5 1 org/xml/sax/helpers/AttributesImpl clear ()V 5 6 com/sun/org/apache/xerces/internal/parsers/AbstractSAXParser$AttributesProxy getLength ()I 6 4 com/sun/org/apache/xerces/internal/util/XMLAttributesImpl getLength ()I 5 53 com/sun/org/apache/xerces/internal/parsers/AbstractSAXParser$AttributesProxy getURI (I)Ljava/lang/String; 6 5 com/sun/org/apache/xerces/internal/util/XMLAttributesImpl getURI (I)Ljava/lang/String; 5 70 com/sun/org/apache/xerces/internal/parsers/AbstractSAXParser$AttributesProxy getLocalName (I)Ljava/lang/String; 6 5 com/sun/org/apache/xerces/internal/util/XMLAttributesImpl getLocalName (I)Ljava/lang/String; 5 87 com/sun/org/apache/xerces/internal/parsers/AbstractSAXParser$AttributesProxy getQName (I)Ljava/lang/String; 6 5 com/sun/org/apache/xerces/internal/util/XMLAttributesImpl getQName (I)Ljava/lang/String; 5 104 com/sun/org/apache/xerces/internal/parsers/AbstractSAXParser$AttributesProxy getType (I)Ljava/lang/String; 6 5 com/sun/org/apache/xerces/internal/util/XMLAttributesImpl getType (I)Ljava/lang/String; 7 24 com/sun/org/apache/xerces/internal/util/XMLAttributesImpl getReportableType (Ljava/lang/String;)Ljava/lang/String; 8 2 java/lang/String charAt (I)C 9 1 java/lang/String isLatin1 ()Z 9 12 java/lang/StringLatin1 charAt ([BI)C 9 21 java/lang/StringUTF16 charAt ([BI)C 10 2 java/lang/StringUTF16 checkIndex (I[B)V 11 2 java/lang/StringUTF16 length ([B)I 11 5 java/lang/String checkIndex (II)V 5 121 com/sun/org/apache/xerces/internal/parsers/AbstractSAXParser$AttributesProxy getValue (I)Ljava/lang/String; 6 5 com/sun/org/apache/xerces/internal/util/XMLAttributesImpl getValue (I)Ljava/lang/String; 7 53 com/sun/org/apache/xerces/internal/xni/XMLString toString ()Ljava/lang/String; 8 23 java/lang/String <init> ([CII)V 9 7 java/lang/String rangeCheck ([CII)Ljava/lang/Void; 10 4 java/lang/String checkBoundsOffCount (III)V 9 10 java/lang/String <init> ([CIILjava/lang/Void;)V 10 1 java/lang/Object <init> ()V 10 36 java/lang/StringUTF16 compress ([CII)[B 3 27 java/util/HashMap containsKey (Ljava/lang/Object;)Z 4 2 java/util/HashMap getNode (Ljava/lang/Object;)Ljava/util/HashMap$Node; 5 23 java/util/HashMap hash (Ljava/lang/Object;)I 6 9 java/lang/String hashCode ()I 7 17 java/lang/String isLatin1 ()Z 7 27 java/lang/StringLatin1 hashCode ([B)I 5 63 java/lang/String equals (Ljava/lang/Object;)Z 5 128 java/lang/String equals (Ljava/lang/Object;)Z 3 55 org/xml/sax/helpers/XMLFilterImpl startElement (Ljava/lang/String;Ljava/lang/String;Ljava/lang/String;Lorg/xml/sax/Attributes;)V 4 16 com/sun/xml/bind/v2/runtime/unmarshaller/SAXConnector startElement (Ljava/lang/String;Ljava/lang/String;Ljava/lang/String;Lorg/xml/sax/Attributes;)V 5 6 java/util/logging/Logger isLoggable (Ljava/util/logging/Level;)Z 6 9 java/util/logging/Level intValue ()I 5 49 java/lang/String length ()I 6 6 java/lang/String coder ()B 5 63 java/lang/String length ()I 6 6 java/lang/String coder ()B 5 76 java/lang/String length ()I 6 6 java/lang/String coder ()B 5 89 com/sun/xml/bind/v2/runtime/unmarshaller/UnmarshallingContext getCurrentState ()Lcom/sun/xml/bind/v2/runtime/unmarshaller/UnmarshallingContext$State; 5 92 com/sun/xml/bind/v2/runtime/unmarshaller/UnmarshallingContext$State isMixed ()Z
